INSERT INTO product_features (variant_id, feature_text, sort_order) VALUES (205, 'Architecture alignment', 1);
INSERT INTO product_features (variant_id, feature_text, sort_order) VALUES (205, 'Dedicated TMaaS specialist team', 2);
INSERT INTO product_features (variant_id, feature_text, sort_order) VALUES (205, 'SLA-backed governance and reporting', 3);
INSERT INTO product_features (variant_id, feature_text, sort_order) VALUES (205, 'Phased delivery and milestone tracking', 4);
INSERT INTO product_tags (variant_id, tag_name) VALUES (205, 'bundle');
INSERT INTO product_tags (variant_id, tag_name) VALUES (205, 'transformation');
INSERT INTO product_tags (variant_id, tag_name) VALUES (205, 'high-impact');
INSERT INTO product_tags (variant_id, tag_name) VALUES (205, 'experience');
INSERT INTO product_timeline_milestones (variant_id, milestone_text, sort_order) VALUES (205, 'Phase 1: Discovery & Alignment', 0);
INSERT INTO product_timeline_milestones (variant_id, milestone_text, sort_order) VALUES (205, 'Phase 2: Execution', 1);
INSERT INTO product_timeline_milestones (variant_id, milestone_text, sort_order) VALUES (205, 'Phase 3: Governance & Review', 2);
INSERT INTO product_timeline_milestones (variant_id, milestone_text, sort_order) VALUES (205, 'Phase 4: Operational Handover', 3);
INSERT INTO product_variants (id, product_id, sku, slug, variant_name, service_type_id, duration_display, duration_weeks_min, duration_weeks_max, delivery_complexity, implementation_model, badge, positioning, is_default_variant, status) VALUES (206, 4, 'EXP-BUN-206', 'physical-channels-high-impact-transformation-bundle-206', 'Transformation Bundle', 'bundle', '16-24 Weeks', 16, 24, 'high', 'TMaaS Managed Delivery', 'Bundle', '(High-Impact) Positioning Strategy', false, 'published');
INSERT INTO marketplace_listings (id, merchant_id, variant_id, listing_status, purchasability, popularity_score) VALUES (190, 1, 206, 'active', 'request_quote', 200);
INSERT INTO variant_prices (listing_id, price_type, amount, price_display, billing_period, is_current) VALUES (190, 'custom_floor', NULL, 'Custom', 'one_time', true);
INSERT INTO product_content (variant_id, description, positioning) VALUES (206, 'End-to-end transformation bundle for Physical Channels.', '(High-Impact) Positioning Strategy');
INSERT INTO product_features (variant_id, feature_text, sort_order) VALUES (206, 'Includes Design, AI Design, Implementation, AI Implementation, and Managed Services', 0);
INSERT INTO product_features (variant_id, feature_text, sort_order) VALUES (206, 'Architecture alignment', 1);
INSERT INTO product_features (variant_id, feature_text, sort_order) VALUES (206, 'Dedicated TMaaS specialist team', 2);
INSERT INTO product_features (variant_id, feature_text, sort_order) VALUES (206, 'SLA-backed governance and reporting', 3);
INSERT INTO product_features (variant_id, feature_text, sort_order) VALUES (206, 'Phased delivery and milestone tracking', 4);
INSERT INTO product_tags (variant_id, tag_name) VALUES (206, 'bundle');
INSERT INTO product_tags (variant_id, tag_name) VALUES (206, 'transformation');
INSERT INTO product_tags (variant_id, tag_name) VALUES (206, 'high-impact');
INSERT INTO product_tags (variant_id, tag_name) VALUES (206, 'experience');
INSERT INTO product_timeline_milestones (variant_id, milestone_text, sort_order) VALUES (206, 'Phase 1: Discovery & Alignment', 0);
INSERT INTO product_timeline_milestones (variant_id, milestone_text, sort_order) VALUES (206, 'Phase 2: Execution', 1);
INSERT INTO product_timeline_milestones (variant_id, milestone_text, sort_order) VALUES (206, 'Phase 3: Governance & Review', 2);
INSERT INTO product_timeline_milestones (variant_id, milestone_text, sort_order) VALUES (206, 'Phase 4: Operational Handover', 3);
INSERT INTO product_variants (id, product_id, sku, slug, variant_name, service_type_id, duration_display, duration_weeks_min, duration_weeks_max, delivery_complexity, implementation_model, badge, positioning, is_default_variant, status) VALUES (207, 5, 'EXP-BUN-207', 'experience-solutions-high-impact-transformation-bundle-207', 'Transformation Bundle', 'bundle', '16-24 Weeks', 16, 24, 'high', 'TMaaS Managed Delivery', 'Bundle', '(High-Impact) Positioning Strategy', false, 'published');
INSERT INTO marketplace_listings (id, merchant_id, variant_id, listing_status, purchasability, popularity_score) VALUES (191, 1, 207, 'active', 'request_quote', 200);
INSERT INTO variant_prices (listing_id, price_type, amount, price_display, billing_period, is_current) VALUES (191, 'custom_floor', NULL, 'Custom', 'one_time', true);
INSERT INTO product_content (variant_id, description, positioning) VALUES (207, 'End-to-end transformation bundle for Experience Solutions.', '(High-Impact) Positioning Strategy');
INSERT INTO product_features (variant_id, feature_text, sort_order) VALUES (207, 'Includes Design, AI Design, Implementation, AI Implementation, and Managed Services', 0);
INSERT INTO product_features (variant_id, feature_text, sort_order) VALUES (207, 'Architecture alignment', 1);
INSERT INTO product_features (variant_id, feature_text, sort_order) VALUES (207, 'Dedicated TMaaS specialist team', 2);
INSERT INTO product_features (variant_id, feature_text, sort_order) VALUES (207, 'SLA-backed governance and reporting', 3);
INSERT INTO product_features (variant_id, feature_text, sort_order) VALUES (207, 'Phased delivery and milestone tracking', 4);
INSERT INTO product_tags (variant_id, tag_name) VALUES (207, 'bundle');
INSERT INTO product_tags (variant_id, tag_name) VALUES (207, 'transformation');
INSERT INTO product_tags (variant_id, tag_name) VALUES (207, 'high-impact');
INSERT INTO product_tags (variant_id, tag_name) VALUES (207, 'experience');
INSERT INTO product_timeline_milestones (variant_id, milestone_text, sort_order) VALUES (207, 'Phase 1: Discovery & Alignment', 0);
INSERT INTO product_timeline_milestones (variant_id, milestone_text, sort_order) VALUES (207, 'Phase 2: Execution', 1);
INSERT INTO product_timeline_milestones (variant_id, milestone_text, sort_order) VALUES (207, 'Phase 3: Governance & Review', 2);
INSERT INTO product_timeline_milestones (variant_id, milestone_text, sort_order) VALUES (207, 'Phase 4: Operational Handover', 3);
INSERT INTO product_variants (id, product_id, sku, slug, variant_name, service_type_id, duration_display, duration_weeks_min, duration_weeks_max, delivery_complexity, implementation_model, badge, positioning, is_default_variant, status) VALUES (208, 6, 'EXP-BUN-208', 'crm-solutions-high-impact-transformation-bundle-208', 'Transformation Bundle', 'bundle', '16-24 Weeks', 16, 24, 'high', 'TMaaS Managed Delivery', 'Bundle', '(High-Impact) Positioning Strategy', false, 'published');
INSERT INTO marketplace_listings (id, merchant_id, variant_id, listing_status, purchasability, popularity_score) VALUES (192, 1, 208, 'active', 'request_quote', 200);
INSERT INTO variant_prices (listing_id, price_type, amount, price_display, billing_period, is_current) VALUES (192, 'custom_floor', NULL, 'Custom', 'one_time', true);
INSERT INTO product_content (variant_id, description, positioning) VALUES (208, 'End-to-end transformation bundle for CRM Solutions.', '(High-Impact) Positioning Strategy');
INSERT INTO product_features (variant_id, feature_text, sort_order) VALUES (208, 'Includes Design, AI Design, Implementation, AI Implementation, and Managed Services', 0);
INSERT INTO product_features (variant_id, feature_text, sort_order) VALUES (208, 'Architecture alignment', 1);
INSERT INTO product_features (variant_id, feature_text, sort_order) VALUES (208, 'Dedicated TMaaS specialist team', 2);
INSERT INTO product_features (variant_id, feature_text, sort_order) VALUES (208, 'SLA-backed governance and reporting', 3);
INSERT INTO product_features (variant_id, feature_text, sort_order) VALUES (208, 'Phased delivery and milestone tracking', 4);
INSERT INTO product_tags (variant_id, tag_name) VALUES (208, 'bundle');
INSERT INTO product_tags (variant_id, tag_name) VALUES (208, 'transformation');
INSERT INTO product_tags (variant_id, tag_name) VALUES (208, 'high-impact');
INSERT INTO product_tags (variant_id, tag_name) VALUES (208, 'experience');
INSERT INTO product_timeline_milestones (variant_id, milestone_text, sort_order) VALUES (208, 'Phase 1: Discovery & Alignment', 0);
INSERT INTO product_timeline_milestones (variant_id, milestone_text, sort_order) VALUES (208, 'Phase 2: Execution', 1);
INSERT INTO product_timeline_milestones (variant_id, milestone_text, sort_order) VALUES (208, 'Phase 3: Governance & Review', 2);
INSERT INTO product_timeline_milestones (variant_id, milestone_text, sort_order) VALUES (208, 'Phase 4: Operational Handover', 3);
INSERT INTO product_variants (id, product_id, sku, slug, variant_name, service_type_id, duration_display, duration_weeks_min, duration_weeks_max, delivery_complexity, implementation_model, badge, positioning, is_default_variant, status) VALUES (209, 7, 'EXP-BUN-209', 'marketing-solutions-high-impact-transformation-bundle-209', 'Transformation Bundle', 'bundle', '16-24 Weeks', 16, 24, 'high', 'TMaaS Managed Delivery', 'Bundle', '(High-Impact) Positioning Strategy', false, 'published');
INSERT INTO marketplace_listings (id, merchant_id, variant_id, listing_status, purchasability, popularity_score) VALUES (193, 1, 209, 'active', 'request_quote', 200);
INSERT INTO variant_prices (listing_id, price_type, amount, price_display, billing_period, is_current) VALUES (193, 'custom_floor', NULL, 'Custom', 'one_time', true);
INSERT INTO product_content (variant_id, description, positioning) VALUES (209, 'End-to-end transformation bundle for Marketing Solutions.', '(High-Impact) Positioning Strategy');
INSERT INTO product_features (variant_id, feature_text, sort_order) VALUES (209, 'Includes Design, AI Design, Implementation, AI Implementation, and Managed Services', 0);
INSERT INTO product_features (variant_id, feature_text, sort_order) VALUES (209, 'Architecture alignment', 1);
INSERT INTO product_features (variant_id, feature_text, sort_order) VALUES (209, 'Dedicated TMaaS specialist team', 2);
INSERT INTO product_features (variant_id, feature_text, sort_order) VALUES (209, 'SLA-backed governance and reporting', 3);
INSERT INTO product_features (variant_id, feature_text, sort_order) VALUES (209, 'Phased delivery and milestone tracking', 4);
INSERT INTO product_tags (variant_id, tag_name) VALUES (209, 'bundle');
INSERT INTO product_tags (variant_id, tag_name) VALUES (209, 'transformation');
INSERT INTO product_tags (variant_id, tag_name) VALUES (209, 'high-impact');
INSERT INTO product_tags (variant_id, tag_name) VALUES (209, 'experience');
INSERT INTO product_timeline_milestones (variant_id, milestone_text, sort_order) VALUES (209, 'Phase 1: Discovery & Alignment', 0);
INSERT INTO product_timeline_milestones (variant_id, milestone_text, sort_order) VALUES (209, 'Phase 2: Execution', 1);
INSERT INTO product_timeline_milestones (variant_id, milestone_text, sort_order) VALUES (209, 'Phase 3: Governance & Review', 2);
INSERT INTO product_timeline_milestones (variant_id, milestone_text, sort_order) VALUES (209, 'Phase 4: Operational Handover', 3);
INSERT INTO product_variants (id, product_id, sku, slug, variant_name, service_type_id, duration_display, duration_weeks_min, duration_weeks_max, delivery_complexity, implementation_model, badge, positioning, is_default_variant, status) VALUES (210, 8, 'EXP-BUN-210', 'smart-sales-quotation-high-impact-transformation-bundle-210', 'Transformation Bundle', 'bundle', '16-24 Weeks', 16, 24, 'high', 'TMaaS Managed Delivery', 'Bundle', '(High-Impact) Positioning Strategy', false, 'published');
INSERT INTO marketplace_listings (id, merchant_id, variant_id, listing_status, purchasability, popularity_score) VALUES (194, 1, 210, 'active', 'request_quote', 200);
INSERT INTO variant_prices (listing_id, price_type, amount, price_display, billing_period, is_current) VALUES (194, 'custom_floor', NULL, 'Custom', 'one_time', true);
INSERT INTO product_content (variant_id, description, positioning) VALUES (210, 'End-to-end transformation bundle for Smart Sales & Quotation.', '(High-Impact) Positioning Strategy');
INSERT INTO product_features (variant_id, feature_text, sort_order) VALUES (210, 'Includes Design, AI Design, Implementation, AI Implementation, and Managed Services', 0);
INSERT INTO product_features (variant_id, feature_text, sort_order) VALUES (210, 'Architecture alignment', 1);
INSERT INTO product_features (variant_id, feature_text, sort_order) VALUES (210, 'Dedicated TMaaS specialist team', 2);
INSERT INTO product_features (variant_id, feature_text, sort_order) VALUES (210, 'SLA-backed governance and reporting', 3);
INSERT INTO product_features (variant_id, feature_text, sort_order) VALUES (210, 'Phased delivery and milestone tracking', 4);
INSERT INTO product_tags (variant_id, tag_name) VALUES (210, 'bundle');
INSERT INTO product_tags (variant_id, tag_name) VALUES (210, 'transformation');
INSERT INTO product_tags (variant_id, tag_name) VALUES (210, 'high-impact');
INSERT INTO product_tags (variant_id, tag_name) VALUES (210, 'experience');
INSERT INTO product_timeline_milestones (variant_id, milestone_text, sort_order) VALUES (210, 'Phase 1: Discovery & Alignment', 0);
INSERT INTO product_timeline_milestones (variant_id, milestone_text, sort_order) VALUES (210, 'Phase 2: Execution', 1);
INSERT INTO product_timeline_milestones (variant_id, milestone_text, sort_order) VALUES (210, 'Phase 3: Governance & Review', 2);
INSERT INTO product_timeline_milestones (variant_id, milestone_text, sort_order) VALUES (210, 'Phase 4: Operational Handover', 3);
INSERT INTO product_variants (id, product_id, sku, slug, variant_name, service_type_id, duration_display, duration_weeks_min, duration_weeks_max, delivery_complexity, implementation_model, badge, positioning, is_default_variant, status) VALUES (211, 9, 'EXP-BUN-211', 'customer-support-success-high-impact-transformation-bundle-211', 'Transformation Bundle', 'bundle', '16-24 Weeks', 16, 24, 'high', 'TMaaS Managed Delivery', 'Bundle', '(High-Impact) Positioning Strategy', false, 'published');
INSERT INTO marketplace_listings (id, merchant_id, variant_id, listing_status, purchasability, popularity_score) VALUES (195, 1, 211, 'active', 'request_quote', 200);
INSERT INTO variant_prices (listing_id, price_type, amount, price_display, billing_period, is_current) VALUES (195, 'custom_floor', NULL, 'Custom', 'one_time', true);
INSERT INTO product_content (variant_id, description, positioning) VALUES (211, 'End-to-end transformation bundle for Customer Support & Success.', '(High-Impact) Positioning Strategy');
INSERT INTO product_features (variant_id, feature_text, sort_order) VALUES (211, 'Includes Design, AI Design, Implementation, AI Implementation, and Managed Services', 0);
INSERT INTO product_features (variant_id, feature_text, sort_order) VALUES (211, 'Architecture alignment', 1);
INSERT INTO product_features (variant_id, feature_text, sort_order) VALUES (211, 'Dedicated TMaaS specialist team', 2);
INSERT INTO product_features (variant_id, feature_text, sort_order) VALUES (211, 'SLA-backed governance and reporting', 3);
INSERT INTO product_features (variant_id, feature_text, sort_order) VALUES (211, 'Phased delivery and milestone tracking', 4);
INSERT INTO product_tags (variant_id, tag_name) VALUES (211, 'bundle');
INSERT INTO product_tags (variant_id, tag_name) VALUES (211, 'transformation');
INSERT INTO product_tags (variant_id, tag_name) VALUES (211, 'high-impact');
INSERT INTO product_tags (variant_id, tag_name) VALUES (211, 'experience');
INSERT INTO product_timeline_milestones (variant_id, milestone_text, sort_order) VALUES (211, 'Phase 1: Discovery & Alignment', 0);
INSERT INTO product_timeline_milestones (variant_id, milestone_text, sort_order) VALUES (211, 'Phase 2: Execution', 1);
INSERT INTO product_timeline_milestones (variant_id, milestone_text, sort_order) VALUES (211, 'Phase 3: Governance & Review', 2);
INSERT INTO product_timeline_milestones (variant_id, milestone_text, sort_order) VALUES (211, 'Phase 4: Operational Handover', 3);
INSERT INTO product_variants (id, product_id, sku, slug, variant_name, service_type_id, duration_display, duration_weeks_min, duration_weeks_max, delivery_complexity, implementation_model, badge, positioning, is_default_variant, status) VALUES (212, 10, 'OPE-BUN-212', 'digital-workplace-high-impact-transformation-bundle-212', 'Transformation Bundle', 'bundle', '16-24 Weeks', 16, 24, 'high', 'TMaaS Managed Delivery', 'Bundle', '(High-Impact) Positioning Strategy', false, 'published');
INSERT INTO marketplace_listings (id, merchant_id, variant_id, listing_status, purchasability, popularity_score) VALUES (196, 1, 212, 'active', 'request_quote', 200);
INSERT INTO variant_prices (listing_id, price_type, amount, price_display, billing_period, is_current) VALUES (196, 'custom_floor', NULL, 'Custom', 'one_time', true);
INSERT INTO product_content (variant_id, description, positioning) VALUES (212, 'End-to-end transformation bundle for Digital Workplace.', '(High-Impact) Positioning Strategy');
INSERT INTO product_features (variant_id, feature_text, sort_order) VALUES (212, 'Includes Design, AI Design, Implementation, AI Implementation, and Managed Services', 0);
INSERT INTO product_features (variant_id, feature_text, sort_order) VALUES (212, 'Architecture alignment', 1);
INSERT INTO product_features (variant_id, feature_text, sort_order) VALUES (212, 'Dedicated TMaaS specialist team', 2);
INSERT INTO product_features (variant_id, feature_text, sort_order) VALUES (212, 'SLA-backed governance and reporting', 3);
INSERT INTO product_features (variant_id, feature_text, sort_order) VALUES (212, 'Phased delivery and milestone tracking', 4);
INSERT INTO product_tags (variant_id, tag_name) VALUES (212, 'bundle');
INSERT INTO product_tags (variant_id, tag_name) VALUES (212, 'transformation');
INSERT INTO product_tags (variant_id, tag_name) VALUES (212, 'high-impact');
INSERT INTO product_tags (variant_id, tag_name) VALUES (212, 'operations');
INSERT INTO product_timeline_milestones (variant_id, milestone_text, sort_order) VALUES (212, 'Phase 1: Discovery & Alignment', 0);
INSERT INTO product_timeline_milestones (variant_id, milestone_text, sort_order) VALUES (212, 'Phase 2: Execution', 1);
INSERT INTO product_timeline_milestones (variant_id, milestone_text, sort_order) VALUES (212, 'Phase 3: Governance & Review', 2);
INSERT INTO product_timeline_milestones (variant_id, milestone_text, sort_order) VALUES (212, 'Phase 4: Operational Handover', 3);
INSERT INTO product_variants (id, product_id, sku, slug, variant_name, service_type_id, duration_display, duration_weeks_min, duration_weeks_max, delivery_complexity, implementation_model, badge, positioning, is_default_variant, status) VALUES (213, 11, 'OPE-BUN-213', 'business-process-automation-high-impact-transformation-bundle-213', 'Transformation Bundle', 'bundle', '16-24 Weeks', 16, 24, 'high', 'TMaaS Managed Delivery', 'Bundle', '(High-Impact) Positioning Strategy', false, 'published');
INSERT INTO marketplace_listings (id, merchant_id, variant_id, listing_status, purchasability, popularity_score) VALUES (197, 1, 213, 'active', 'request_quote', 200);
INSERT INTO variant_prices (listing_id, price_type, amount, price_display, billing_period, is_current) VALUES (197, 'custom_floor', NULL, 'Custom', 'one_time', true);
INSERT INTO product_content (variant_id, description, positioning) VALUES (213, 'End-to-end transformation bundle for Business Process Automation.', '(High-Impact) Positioning Strategy');
INSERT INTO product_features (variant_id, feature_text, sort_order) VALUES (213, 'Includes Design, AI Design, Implementation, AI Implementation, and Managed Services', 0);
INSERT INTO product_features (variant_id, feature_text, sort_order) VALUES (213, 'Architecture alignment', 1);
INSERT INTO product_features (variant_id, feature_text, sort_order) VALUES (213, 'Dedicated TMaaS specialist team', 2);
INSERT INTO product_features (variant_id, feature_text, sort_order) VALUES (213, 'SLA-backed governance and reporting', 3);
INSERT INTO product_features (variant_id, feature_text, sort_order) VALUES (213, 'Phased delivery and milestone tracking', 4);
INSERT INTO product_tags (variant_id, tag_name) VALUES (213, 'bundle');
INSERT INTO product_tags (variant_id, tag_name) VALUES (213, 'transformation');
INSERT INTO product_tags (variant_id, tag_name) VALUES (213, 'high-impact');
INSERT INTO product_tags (variant_id, tag_name) VALUES (213, 'operations');
INSERT INTO product_timeline_milestones (variant_id, milestone_text, sort_order) VALUES (213, 'Phase 1: Discovery & Alignment', 0);
INSERT INTO product_timeline_milestones (variant_id, milestone_text, sort_order) VALUES (213, 'Phase 2: Execution', 1);
INSERT INTO product_timeline_milestones (variant_id, milestone_text, sort_order) VALUES (213, 'Phase 3: Governance & Review', 2);
INSERT INTO product_timeline_milestones (variant_id, milestone_text, sort_order) VALUES (213, 'Phase 4: Operational Handover', 3);
INSERT INTO product_variants (id, product_id, sku, slug, variant_name, service_type_id, duration_display, duration_weeks_min, duration_weeks_max, delivery_complexity, implementation_model, badge, positioning, is_default_variant, status) VALUES (214, 12, 'OPE-BUN-214', 'specialized-operations-high-impact-transformation-bundle-214', 'Transformation Bundle', 'bundle', '16-24 Weeks', 16, 24, 'high', 'TMaaS Managed Delivery', 'Bundle', '(High-Impact) Positioning Strategy', false, 'published');
INSERT INTO marketplace_listings (id, merchant_id, variant_id, listing_status, purchasability, popularity_score) VALUES (198, 1, 214, 'active', 'request_quote', 200);
INSERT INTO variant_prices (listing_id, price_type, amount, price_display, billing_period, is_current) VALUES (198, 'custom_floor', NULL, 'Custom', 'one_time', true);
INSERT INTO product_content (variant_id, description, positioning) VALUES (214, 'End-to-end transformation bundle for Specialized Operations.', '(High-Impact) Positioning Strategy');
INSERT INTO product_features (variant_id, feature_text, sort_order) VALUES (214, 'Includes Design, AI Design, Implementation, AI Implementation, and Managed Services', 0);
INSERT INTO product_features (variant_id, feature_text, sort_order) VALUES (214, 'Architecture alignment', 1);
INSERT INTO product_features (variant_id, feature_text, sort_order) VALUES (214, 'Dedicated TMaaS specialist team', 2);
INSERT INTO product_features (variant_id, feature_text, sort_order) VALUES (214, 'SLA-backed governance and reporting', 3);
INSERT INTO product_features (variant_id, feature_text, sort_order) VALUES (214, 'Phased delivery and milestone tracking', 4);
INSERT INTO product_tags (variant_id, tag_name) VALUES (214, 'bundle');
INSERT INTO product_tags (variant_id, tag_name) VALUES (214, 'transformation');
INSERT INTO product_tags (variant_id, tag_name) VALUES (214, 'high-impact');
INSERT INTO product_tags (variant_id, tag_name) VALUES (214, 'operations');
INSERT INTO product_timeline_milestones (variant_id, milestone_text, sort_order) VALUES (214, 'Phase 1: Discovery & Alignment', 0);
INSERT INTO product_timeline_milestones (variant_id, milestone_text, sort_order) VALUES (214, 'Phase 2: Execution', 1);
INSERT INTO product_timeline_milestones (variant_id, milestone_text, sort_order) VALUES (214, 'Phase 3: Governance & Review', 2);
INSERT INTO product_timeline_milestones (variant_id, milestone_text, sort_order) VALUES (214, 'Phase 4: Operational Handover', 3);
INSERT INTO product_variants (id, product_id, sku, slug, variant_name, service_type_id, duration_display, duration_weeks_min, duration_weeks_max, delivery_complexity, implementation_model, badge, positioning, is_default_variant, status) VALUES (215, 13, 'OPE-BUN-215', 'enterprise-operations-high-impact-transformation-bundle-215', 'Transformation Bundle', 'bundle', '16-24 Weeks', 16, 24, 'high', 'TMaaS Managed Delivery', 'Bundle', '(High-Impact) Positioning Strategy', false, 'published');
INSERT INTO marketplace_listings (id, merchant_id, variant_id, listing_status, purchasability, popularity_score) VALUES (199, 1, 215, 'active', 'request_quote', 200);
INSERT INTO variant_prices (listing_id, price_type, amount, price_display, billing_period, is_current) VALUES (199, 'custom_floor', NULL, 'Custom', 'one_time', true);
INSERT INTO product_content (variant_id, description, positioning) VALUES (215, 'End-to-end transformation bundle for Enterprise Operations.', '(High-Impact) Positioning Strategy');
INSERT INTO product_features (variant_id, feature_text, sort_order) VALUES (215, 'Includes Design, AI Design, Implementation, AI Implementation, and Managed Services', 0);
INSERT INTO product_features (variant_id, feature_text, sort_order) VALUES (215, 'Architecture alignment', 1);
INSERT INTO product_features (variant_id, feature_text, sort_order) VALUES (215, 'Dedicated TMaaS specialist team', 2);
INSERT INTO product_features (variant_id, feature_text, sort_order) VALUES (215, 'SLA-backed governance and reporting', 3);
INSERT INTO product_features (variant_id, feature_text, sort_order) VALUES (215, 'Phased delivery and milestone tracking', 4);
INSERT INTO product_tags (variant_id, tag_name) VALUES (215, 'bundle');
INSERT INTO product_tags (variant_id, tag_name) VALUES (215, 'transformation');
INSERT INTO product_tags (variant_id, tag_name) VALUES (215, 'high-impact');
INSERT INTO product_tags (variant_id, tag_name) VALUES (215, 'operations');
INSERT INTO product_timeline_milestones (variant_id, milestone_text, sort_order) VALUES (215, 'Phase 1: Discovery & Alignment', 0);
INSERT INTO product_timeline_milestones (variant_id, milestone_text, sort_order) VALUES (215, 'Phase 2: Execution', 1);
INSERT INTO product_timeline_milestones (variant_id, milestone_text, sort_order) VALUES (215, 'Phase 3: Governance & Review', 2);
INSERT INTO product_timeline_milestones (variant_id, milestone_text, sort_order) VALUES (215, 'Phase 4: Operational Handover', 3);
INSERT INTO product_variants (id, product_id, sku, slug, variant_name, service_type_id, duration_display, duration_weeks_min, duration_weeks_max, delivery_complexity, implementation_model, badge, positioning, is_default_variant, status) VALUES (216, 14, 'SEC-BUN-216', 'governance-risk-compliance-high-impact-transformation-bundle-216', 'Transformation Bundle', 'bundle', '16-24 Weeks', 16, 24, 'high', 'TMaaS Managed Delivery', 'Bundle', '(High-Impact) Positioning Strategy', false, 'published');
INSERT INTO marketplace_listings (id, merchant_id, variant_id, listing_status, purchasability, popularity_score) VALUES (200, 1, 216, 'active', 'request_quote', 200);
INSERT INTO variant_prices (listing_id, price_type, amount, price_display, billing_period, is_current) VALUES (200, 'custom_floor', NULL, 'Custom', 'one_time', true);
INSERT INTO product_content (variant_id, description, positioning) VALUES (216, 'End-to-end transformation bundle for Governance, Risk & Compliance.', '(High-Impact) Positioning Strategy');
INSERT INTO product_features (variant_id, feature_text, sort_order) VALUES (216, 'Includes Design, AI Design, Implementation, AI Implementation, and Managed Services', 0);
INSERT INTO product_features (variant_id, feature_text, sort_order) VALUES (216, 'Architecture alignment', 1);
INSERT INTO product_features (variant_id, feature_text, sort_order) VALUES (216, 'Dedicated TMaaS specialist team', 2);
INSERT INTO product_features (variant_id, feature_text, sort_order) VALUES (216, 'SLA-backed governance and reporting', 3);
INSERT INTO product_features (variant_id, feature_text, sort_order) VALUES (216, 'Phased delivery and milestone tracking', 4);
INSERT INTO product_tags (variant_id, tag_name) VALUES (216, 'bundle');
INSERT INTO product_tags (variant_id, tag_name) VALUES (216, 'transformation');
INSERT INTO product_tags (variant_id, tag_name) VALUES (216, 'high-impact');
INSERT INTO product_tags (variant_id, tag_name) VALUES (216, 'security');
INSERT INTO product_timeline_milestones (variant_id, milestone_text, sort_order) VALUES (216, 'Phase 1: Discovery & Alignment', 0);
INSERT INTO product_timeline_milestones (variant_id, milestone_text, sort_order) VALUES (216, 'Phase 2: Execution', 1);
INSERT INTO product_timeline_milestones (variant_id, milestone_text, sort_order) VALUES (216, 'Phase 3: Governance & Review', 2);
INSERT INTO product_timeline_milestones (variant_id, milestone_text, sort_order) VALUES (216, 'Phase 4: Operational Handover', 3);
INSERT INTO product_variants (id, product_id, sku, slug, variant_name, service_type_id, duration_display, duration_weeks_min, duration_weeks_max, delivery_complexity, implementation_model, badge, positioning, is_default_variant, status) VALUES (217, 15, 'OPE-BUN-217', 'enterprise-resource-planning-high-impact-transformation-bundle-217', 'Transformation Bundle', 'bundle', '16-24 Weeks', 16, 24, 'high', 'TMaaS Managed Delivery', 'Bundle', '(High-Impact) Positioning Strategy', false, 'published');
INSERT INTO marketplace_listings (id, merchant_id, variant_id, listing_status, purchasability, popularity_score) VALUES (201, 1, 217, 'active', 'request_quote', 200);
INSERT INTO variant_prices (listing_id, price_type, amount, price_display, billing_period, is_current) VALUES (201, 'custom_floor', NULL, 'Custom', 'one_time', true);
INSERT INTO product_content (variant_id, description, positioning) VALUES (217, 'End-to-end transformation bundle for Enterprise Resource Planning.', '(High-Impact) Positioning Strategy');
INSERT INTO product_features (variant_id, feature_text, sort_order) VALUES (217, 'Includes Design, AI Design, Implementation, AI Implementation, and Managed Services', 0);
INSERT INTO product_features (variant_id, feature_text, sort_order) VALUES (217, 'Architecture alignment', 1);
INSERT INTO product_features (variant_id, feature_text, sort_order) VALUES (217, 'Dedicated TMaaS specialist team', 2);
INSERT INTO product_features (variant_id, feature_text, sort_order) VALUES (217, 'SLA-backed governance and reporting', 3);
INSERT INTO product_features (variant_id, feature_text, sort_order) VALUES (217, 'Phased delivery and milestone tracking', 4);
INSERT INTO product_tags (variant_id, tag_name) VALUES (217, 'bundle');
INSERT INTO product_tags (variant_id, tag_name) VALUES (217, 'transformation');
INSERT INTO product_tags (variant_id, tag_name) VALUES (217, 'high-impact');
INSERT INTO product_tags (variant_id, tag_name) VALUES (217, 'operations');
INSERT INTO product_timeline_milestones (variant_id, milestone_text, sort_order) VALUES (217, 'Phase 1: Discovery & Alignment', 0);
INSERT INTO product_timeline_milestones (variant_id, milestone_text, sort_order) VALUES (217, 'Phase 2: Execution', 1);
INSERT INTO product_timeline_milestones (variant_id, milestone_text, sort_order) VALUES (217, 'Phase 3: Governance & Review', 2);
INSERT INTO product_timeline_milestones (variant_id, milestone_text, sort_order) VALUES (217, 'Phase 4: Operational Handover', 3);
INSERT INTO product_variants (id, product_id, sku, slug, variant_name, service_type_id, duration_display, duration_weeks_min, duration_weeks_max, delivery_complexity, implementation_model, badge, positioning, is_default_variant, status) VALUES (218, 16, 'OPE-BUN-218', 'workforce-management-high-impact-transformation-bundle-218', 'Transformation Bundle', 'bundle', '16-24 Weeks', 16, 24, 'high', 'TMaaS Managed Delivery', 'Bundle', '(High-Impact) Positioning Strategy', false, 'published');
INSERT INTO marketplace_listings (id, merchant_id, variant_id, listing_status, purchasability, popularity_score) VALUES (202, 1, 218, 'active', 'request_quote', 200);
INSERT INTO variant_prices (listing_id, price_type, amount, price_display, billing_period, is_current) VALUES (202, 'custom_floor', NULL, 'Custom', 'one_time', true);
INSERT INTO product_content (variant_id, description, positioning) VALUES (218, 'End-to-end transformation bundle for Workforce Management.', '(High-Impact) Positioning Strategy');
INSERT INTO product_features (variant_id, feature_text, sort_order) VALUES (218, 'Includes Design, AI Design, Implementation, AI Implementation, and Managed Services', 0);
INSERT INTO product_features (variant_id, feature_text, sort_order) VALUES (218, 'Architecture alignment', 1);
INSERT INTO product_features (variant_id, feature_text, sort_order) VALUES (218, 'Dedicated TMaaS specialist team', 2);
INSERT INTO product_features (variant_id, feature_text, sort_order) VALUES (218, 'SLA-backed governance and reporting', 3);
INSERT INTO product_features (variant_id, feature_text, sort_order) VALUES (218, 'Phased delivery and milestone tracking', 4);
INSERT INTO product_tags (variant_id, tag_name) VALUES (218, 'bundle');
INSERT INTO product_tags (variant_id, tag_name) VALUES (218, 'transformation');
INSERT INTO product_tags (variant_id, tag_name) VALUES (218, 'high-impact');
INSERT INTO product_tags (variant_id, tag_name) VALUES (218, 'operations');
INSERT INTO product_timeline_milestones (variant_id, milestone_text, sort_order) VALUES (218, 'Phase 1: Discovery & Alignment', 0);
INSERT INTO product_timeline_milestones (variant_id, milestone_text, sort_order) VALUES (218, 'Phase 2: Execution', 1);
INSERT INTO product_timeline_milestones (variant_id, milestone_text, sort_order) VALUES (218, 'Phase 3: Governance & Review', 2);
INSERT INTO product_timeline_milestones (variant_id, milestone_text, sort_order) VALUES (218, 'Phase 4: Operational Handover', 3);
INSERT INTO product_variants (id, product_id, sku, slug, variant_name, service_type_id, duration_display, duration_weeks_min, duration_weeks_max, delivery_complexity, implementation_model, badge, positioning, is_default_variant, status) VALUES (219, 17, 'AI-BUN-219', 'enterprise-data-platform-high-impact-transformation-bundle-219', 'Transformation Bundle', 'bundle', '16-24 Weeks', 16, 24, 'high', 'TMaaS Managed Delivery', 'Bundle', '(High-Impact) Positioning Strategy', false, 'published');
INSERT INTO marketplace_listings (id, merchant_id, variant_id, listing_status, purchasability, popularity_score) VALUES (203, 1, 219, 'active', 'request_quote', 200);
INSERT INTO variant_prices (listing_id, price_type, amount, price_display, billing_period, is_current) VALUES (203, 'custom_floor', NULL, 'Custom', 'one_time', true);
INSERT INTO product_content (variant_id, description, positioning) VALUES (219, 'End-to-end transformation bundle for Enterprise Data Platform.', '(High-Impact) Positioning Strategy');
INSERT INTO product_features (variant_id, feature_text, sort_order) VALUES (219, 'Includes Design, AI Design, Implementation, AI Implementation, and Managed Services', 0);
INSERT INTO product_features (variant_id, feature_text, sort_order) VALUES (219, 'Architecture alignment', 1);
INSERT INTO product_features (variant_id, feature_text, sort_order) VALUES (219, 'Dedicated TMaaS specialist team', 2);
INSERT INTO product_features (variant_id, feature_text, sort_order) VALUES (219, 'SLA-backed governance and reporting', 3);
INSERT INTO product_features (variant_id, feature_text, sort_order) VALUES (219, 'Phased delivery and milestone tracking', 4);
INSERT INTO product_tags (variant_id, tag_name) VALUES (219, 'bundle');
INSERT INTO product_tags (variant_id, tag_name) VALUES (219, 'transformation');
INSERT INTO product_tags (variant_id, tag_name) VALUES (219, 'high-impact');
INSERT INTO product_tags (variant_id, tag_name) VALUES (219, 'data');
INSERT INTO product_timeline_milestones (variant_id, milestone_text, sort_order) VALUES (219, 'Phase 1: Discovery & Alignment', 0);
INSERT INTO product_timeline_milestones (variant_id, milestone_text, sort_order) VALUES (219, 'Phase 2: Execution', 1);
INSERT INTO product_timeline_milestones (variant_id, milestone_text, sort_order) VALUES (219, 'Phase 3: Governance & Review', 2);
INSERT INTO product_timeline_milestones (variant_id, milestone_text, sort_order) VALUES (219, 'Phase 4: Operational Handover', 3);
INSERT INTO product_variants (id, product_id, sku, slug, variant_name, service_type_id, duration_display, duration_weeks_min, duration_weeks_max, delivery_complexity, implementation_model, badge, positioning, is_default_variant, status) VALUES (220, 18, 'AI-BUN-220', 'business-intelligence-analytics-high-impact-transformation-bundle-220', 'Transformation Bundle', 'bundle', '16-24 Weeks', 16, 24, 'high', 'TMaaS Managed Delivery', 'Bundle', '(High-Impact) Positioning Strategy', false, 'published');
INSERT INTO marketplace_listings (id, merchant_id, variant_id, listing_status, purchasability, popularity_score) VALUES (204, 1, 220, 'active', 'request_quote', 200);
INSERT INTO variant_prices (listing_id, price_type, amount, price_display, billing_period, is_current) VALUES (204, 'custom_floor', NULL, 'Custom', 'one_time', true);
INSERT INTO product_content (variant_id, description, positioning) VALUES (220, 'End-to-end transformation bundle for Business Intelligence & Analytics.', '(High-Impact) Positioning Strategy');
INSERT INTO product_features (variant_id, feature_text, sort_order) VALUES (220, 'Includes Design, AI Design, Implementation, AI Implementation, and Managed Services', 0);
INSERT INTO product_features (variant_id, feature_text, sort_order) VALUES (220, 'Architecture alignment', 1);
INSERT INTO product_features (variant_id, feature_text, sort_order) VALUES (220, 'Dedicated TMaaS specialist team', 2);
INSERT INTO product_features (variant_id, feature_text, sort_order) VALUES (220, 'SLA-backed governance and reporting', 3);
INSERT INTO product_features (variant_id, feature_text, sort_order) VALUES (220, 'Phased delivery and milestone tracking', 4);
INSERT INTO product_tags (variant_id, tag_name) VALUES (220, 'bundle');
INSERT INTO product_tags (variant_id, tag_name) VALUES (220, 'transformation');
INSERT INTO product_tags (variant_id, tag_name) VALUES (220, 'high-impact');
INSERT INTO product_tags (variant_id, tag_name) VALUES (220, 'ai');
INSERT INTO product_timeline_milestones (variant_id, milestone_text, sort_order) VALUES (220, 'Phase 1: Discovery & Alignment', 0);
INSERT INTO product_timeline_milestones (variant_id, milestone_text, sort_order) VALUES (220, 'Phase 2: Execution', 1);
INSERT INTO product_timeline_milestones (variant_id, milestone_text, sort_order) VALUES (220, 'Phase 3: Governance & Review', 2);
INSERT INTO product_timeline_milestones (variant_id, milestone_text, sort_order) VALUES (220, 'Phase 4: Operational Handover', 3);
INSERT INTO product_variants (id, product_id, sku, slug, variant_name, service_type_id, duration_display, duration_weeks_min, duration_weeks_max, delivery_complexity, implementation_model, badge, positioning, is_default_variant, status) VALUES (221, 19, 'AI-BUN-221', 'enterprise-ai-automation-high-impact-transformation-bundle-221', 'Transformation Bundle', 'bundle', '16-24 Weeks', 16, 24, 'high', 'TMaaS Managed Delivery', 'Bundle', '(High-Impact) Positioning Strategy', false, 'published');
INSERT INTO marketplace_listings (id, merchant_id, variant_id, listing_status, purchasability, popularity_score) VALUES (205, 1, 221, 'active', 'request_quote', 200);
INSERT INTO variant_prices (listing_id, price_type, amount, price_display, billing_period, is_current) VALUES (205, 'custom_floor', NULL, 'Custom', 'one_time', true);
INSERT INTO product_content (variant_id, description, positioning) VALUES (221, 'End-to-end transformation bundle for Enterprise AI & Automation.', '(High-Impact) Positioning Strategy');
INSERT INTO product_features (variant_id, feature_text, sort_order) VALUES (221, 'Includes Design, AI Design, Implementation, AI Implementation, and Managed Services', 0);
INSERT INTO product_features (variant_id, feature_text, sort_order) VALUES (221, 'Architecture alignment', 1);
INSERT INTO product_features (variant_id, feature_text, sort_order) VALUES (221, 'Dedicated TMaaS specialist team', 2);
INSERT INTO product_features (variant_id, feature_text, sort_order) VALUES (221, 'SLA-backed governance and reporting', 3);
INSERT INTO product_features (variant_id, feature_text, sort_order) VALUES (221, 'Phased delivery and milestone tracking', 4);
INSERT INTO product_tags (variant_id, tag_name) VALUES (221, 'bundle');
INSERT INTO product_tags (variant_id, tag_name) VALUES (221, 'transformation');
INSERT INTO product_tags (variant_id, tag_name) VALUES (221, 'high-impact');
INSERT INTO product_tags (variant_id, tag_name) VALUES (221, 'ai');
INSERT INTO product_timeline_milestones (variant_id, milestone_text, sort_order) VALUES (221, 'Phase 1: Discovery & Alignment', 0);
INSERT INTO product_timeline_milestones (variant_id, milestone_text, sort_order) VALUES (221, 'Phase 2: Execution', 1);
INSERT INTO product_timeline_milestones (variant_id, milestone_text, sort_order) VALUES (221, 'Phase 3: Governance & Review', 2);
INSERT INTO product_timeline_milestones (variant_id, milestone_text, sort_order) VALUES (221, 'Phase 4: Operational Handover', 3);
INSERT INTO product_variants (id, product_id, sku, slug, variant_name, service_type_id, duration_display, duration_weeks_min, duration_weeks_max, delivery_complexity, implementation_model, badge, positioning, is_default_variant, status) VALUES (222, 20, 'SEC-BUN-222', 'technology-governance-high-impact-transformation-bundle-222', 'Transformation Bundle', 'bundle', '16-24 Weeks', 16, 24, 'high', 'TMaaS Managed Delivery', 'Bundle', '(High-Impact) Positioning Strategy', false, 'published');
INSERT INTO marketplace_listings (id, merchant_id, variant_id, listing_status, purchasability, popularity_score) VALUES (206, 1, 222, 'active', 'request_quote', 200);
INSERT INTO variant_prices (listing_id, price_type, amount, price_display, billing_period, is_current) VALUES (206, 'custom_floor', NULL, 'Custom', 'one_time', true);
INSERT INTO product_content (variant_id, description, positioning) VALUES (222, 'End-to-end transformation bundle for Technology Governance.', '(High-Impact) Positioning Strategy');
INSERT INTO product_features (variant_id, feature_text, sort_order) VALUES (222, 'Includes Design, AI Design, Implementation, AI Implementation, and Managed Services', 0);
INSERT INTO product_features (variant_id, feature_text, sort_order) VALUES (222, 'Architecture alignment', 1);
INSERT INTO product_features (variant_id, feature_text, sort_order) VALUES (222, 'Dedicated TMaaS specialist team', 2);
INSERT INTO product_features (variant_id, feature_text, sort_order) VALUES (222, 'SLA-backed governance and reporting', 3);
INSERT INTO product_features (variant_id, feature_text, sort_order) VALUES (222, 'Phased delivery and milestone tracking', 4);
INSERT INTO product_tags (variant_id, tag_name) VALUES (222, 'bundle');
INSERT INTO product_tags (variant_id, tag_name) VALUES (222, 'transformation');
INSERT INTO product_tags (variant_id, tag_name) VALUES (222, 'high-impact');
INSERT INTO product_tags (variant_id, tag_name) VALUES (222, 'security');
INSERT INTO product_timeline_milestones (variant_id, milestone_text, sort_order) VALUES (222, 'Phase 1: Discovery & Alignment', 0);
INSERT INTO product_timeline_milestones (variant_id, milestone_text, sort_order) VALUES (222, 'Phase 2: Execution', 1);
INSERT INTO product_timeline_milestones (variant_id, milestone_text, sort_order) VALUES (222, 'Phase 3: Governance & Review', 2);
INSERT INTO product_timeline_milestones (variant_id, milestone_text, sort_order) VALUES (222, 'Phase 4: Operational Handover', 3);
INSERT INTO product_variants (id, product_id, sku, slug, variant_name, service_type_id, duration_display, duration_weeks_min, duration_weeks_max, delivery_complexity, implementation_model, badge, positioning, is_default_variant, status) VALUES (223, 21, 'OPE-BUN-223', 'devsecops-automation-high-impact-transformation-bundle-223', 'Transformation Bundle', 'bundle', '16-24 Weeks', 16, 24, 'high', 'TMaaS Managed Delivery', 'Bundle', '(High-Impact) Positioning Strategy', false, 'published');
INSERT INTO marketplace_listings (id, merchant_id, variant_id, listing_status, purchasability, popularity_score) VALUES (207, 1, 223, 'active', 'request_quote', 200);
INSERT INTO variant_prices (listing_id, price_type, amount, price_display, billing_period, is_current) VALUES (207, 'custom_floor', NULL, 'Custom', 'one_time', true);
INSERT INTO product_content (variant_id, description, positioning) VALUES (223, 'End-to-end transformation bundle for DevSecOps Automation.', '(High-Impact) Positioning Strategy');
INSERT INTO product_features (variant_id, feature_text, sort_order) VALUES (223, 'Includes Design, AI Design, Implementation, AI Implementation, and Managed Services', 0);
INSERT INTO product_features (variant_id, feature_text, sort_order) VALUES (223, 'Architecture alignment', 1);
INSERT INTO product_features (variant_id, feature_text, sort_order) VALUES (223, 'Dedicated TMaaS specialist team', 2);
INSERT INTO product_features (variant_id, feature_text, sort_order) VALUES (223, 'SLA-backed governance and reporting', 3);
INSERT INTO product_features (variant_id, feature_text, sort_order) VALUES (223, 'Phased delivery and milestone tracking', 4);
INSERT INTO product_tags (variant_id, tag_name) VALUES (223, 'bundle');
INSERT INTO product_tags (variant_id, tag_name) VALUES (223, 'transformation');
INSERT INTO product_tags (variant_id, tag_name) VALUES (223, 'high-impact');
INSERT INTO product_tags (variant_id, tag_name) VALUES (223, 'operations');
INSERT INTO product_timeline_milestones (variant_id, milestone_text, sort_order) VALUES (223, 'Phase 1: Discovery & Alignment', 0);
INSERT INTO product_timeline_milestones (variant_id, milestone_text, sort_order) VALUES (223, 'Phase 2: Execution', 1);
INSERT INTO product_timeline_milestones (variant_id, milestone_text, sort_order) VALUES (223, 'Phase 3: Governance & Review', 2);
INSERT INTO product_timeline_milestones (variant_id, milestone_text, sort_order) VALUES (223, 'Phase 4: Operational Handover', 3);
INSERT INTO product_variants (id, product_id, sku, slug, variant_name, service_type_id, duration_display, duration_weeks_min, duration_weeks_max, delivery_complexity, implementation_model, badge, positioning, is_default_variant, status) VALUES (224, 22, 'EXP-BUN-224', 'it-operations-support-high-impact-transformation-bundle-224', 'Transformation Bundle', 'bundle', '16-24 Weeks', 16, 24, 'high', 'TMaaS Managed Delivery', 'Bundle', '(High-Impact) Positioning Strategy', false, 'published');
INSERT INTO marketplace_listings (id, merchant_id, variant_id, listing_status, purchasability, popularity_score) VALUES (208, 1, 224, 'active', 'request_quote', 200);
INSERT INTO variant_prices (listing_id, price_type, amount, price_display, billing_period, is_current) VALUES (208, 'custom_floor', NULL, 'Custom', 'one_time', true);
INSERT INTO product_content (variant_id, description, positioning) VALUES (224, 'End-to-end transformation bundle for IT Operations & Support.', '(High-Impact) Positioning Strategy');
INSERT INTO product_features (variant_id, feature_text, sort_order) VALUES (224, 'Includes Design, AI Design, Implementation, AI Implementation, and Managed Services', 0);
INSERT INTO product_features (variant_id, feature_text, sort_order) VALUES (224, 'Architecture alignment', 1);
INSERT INTO product_features (variant_id, feature_text, sort_order) VALUES (224, 'Dedicated TMaaS specialist team', 2);
INSERT INTO product_features (variant_id, feature_text, sort_order) VALUES (224, 'SLA-backed governance and reporting', 3);
INSERT INTO product_features (variant_id, feature_text, sort_order) VALUES (224, 'Phased delivery and milestone tracking', 4);
INSERT INTO product_tags (variant_id, tag_name) VALUES (224, 'bundle');
INSERT INTO product_tags (variant_id, tag_name) VALUES (224, 'transformation');
INSERT INTO product_tags (variant_id, tag_name) VALUES (224, 'high-impact');
INSERT INTO product_tags (variant_id, tag_name) VALUES (224, 'experience');
INSERT INTO product_timeline_milestones (variant_id, milestone_text, sort_order) VALUES (224, 'Phase 1: Discovery & Alignment', 0);
INSERT INTO product_timeline_milestones (variant_id, milestone_text, sort_order) VALUES (224, 'Phase 2: Execution', 1);
INSERT INTO product_timeline_milestones (variant_id, milestone_text, sort_order) VALUES (224, 'Phase 3: Governance & Review', 2);
INSERT INTO product_timeline_milestones (variant_id, milestone_text, sort_order) VALUES (224, 'Phase 4: Operational Handover', 3);
INSERT INTO product_variants (id, product_id, sku, slug, variant_name, service_type_id, duration_display, duration_weeks_min, duration_weeks_max, delivery_complexity, implementation_model, badge, positioning, is_default_variant, status) VALUES (225, 23, 'OPE-BUN-225', 'farming-operations-high-impact-transformation-bundle-225', 'Transformation Bundle', 'bundle', '16-24 Weeks', 16, 24, 'high', 'TMaaS Managed Delivery', 'Bundle', '(High-Impact) Positioning Strategy', false, 'published');
INSERT INTO marketplace_listings (id, merchant_id, variant_id, listing_status, purchasability, popularity_score) VALUES (209, 1, 225, 'active', 'request_quote', 200);
INSERT INTO variant_prices (listing_id, price_type, amount, price_display, billing_period, is_current) VALUES (209, 'custom_floor', NULL, 'Custom', 'one_time', true);
INSERT INTO product_content (variant_id, description, positioning) VALUES (225, 'End-to-end transformation bundle for Farming Operations.', '(High-Impact) Positioning Strategy');
INSERT INTO product_features (variant_id, feature_text, sort_order) VALUES (225, 'Includes Design, AI Design, Implementation, AI Implementation, and Managed Services', 0);
INSERT INTO product_features (variant_id, feature_text, sort_order) VALUES (225, 'Architecture alignment', 1);
INSERT INTO product_features (variant_id, feature_text, sort_order) VALUES (225, 'Dedicated TMaaS specialist team', 2);
INSERT INTO product_features (variant_id, feature_text, sort_order) VALUES (225, 'SLA-backed governance and reporting', 3);
INSERT INTO product_features (variant_id, feature_text, sort_order) VALUES (225, 'Phased delivery and milestone tracking', 4);
INSERT INTO product_tags (variant_id, tag_name) VALUES (225, 'bundle');
INSERT INTO product_tags (variant_id, tag_name) VALUES (225, 'transformation');
INSERT INTO product_tags (variant_id, tag_name) VALUES (225, 'high-impact');
INSERT INTO product_tags (variant_id, tag_name) VALUES (225, 'operations');
INSERT INTO product_timeline_milestones (variant_id, milestone_text, sort_order) VALUES (225, 'Phase 1: Discovery & Alignment', 0);
INSERT INTO product_timeline_milestones (variant_id, milestone_text, sort_order) VALUES (225, 'Phase 2: Execution', 1);
INSERT INTO product_timeline_milestones (variant_id, milestone_text, sort_order) VALUES (225, 'Phase 3: Governance & Review', 2);
INSERT INTO product_timeline_milestones (variant_id, milestone_text, sort_order) VALUES (225, 'Phase 4: Operational Handover', 3);
INSERT INTO product_variants (id, product_id, sku, slug, variant_name, service_type_id, duration_display, duration_weeks_min, duration_weeks_max, delivery_complexity, implementation_model, badge, positioning, is_default_variant, status) VALUES (226, 24, 'OPE-BUN-226', 'manufacturing-operations-high-impact-transformation-bundle-226', 'Transformation Bundle', 'bundle', '16-24 Weeks', 16, 24, 'high', 'TMaaS Managed Delivery', 'Bundle', '(High-Impact) Positioning Strategy', false, 'published');
INSERT INTO marketplace_listings (id, merchant_id, variant_id, listing_status, purchasability, popularity_score) VALUES (210, 1, 226, 'active', 'request_quote', 200);
INSERT INTO variant_prices (listing_id, price_type, amount, price_display, billing_period, is_current) VALUES (210, 'custom_floor', NULL, 'Custom', 'one_time', true);
INSERT INTO product_content (variant_id, description, positioning) VALUES (226, 'End-to-end transformation bundle for Manufacturing Operations.', '(High-Impact) Positioning Strategy');
INSERT INTO product_features (variant_id, feature_text, sort_order) VALUES (226, 'Includes Design, AI Design, Implementation, AI Implementation, and Managed Services', 0);
INSERT INTO product_features (variant_id, feature_text, sort_order) VALUES (226, 'Architecture alignment', 1);
INSERT INTO product_features (variant_id, feature_text, sort_order) VALUES (226, 'Dedicated TMaaS specialist team', 2);
INSERT INTO product_features (variant_id, feature_text, sort_order) VALUES (226, 'SLA-backed governance and reporting', 3);
INSERT INTO product_features (variant_id, feature_text, sort_order) VALUES (226, 'Phased delivery and milestone tracking', 4);
INSERT INTO product_tags (variant_id, tag_name) VALUES (226, 'bundle');
INSERT INTO product_tags (variant_id, tag_name) VALUES (226, 'transformation');
INSERT INTO product_tags (variant_id, tag_name) VALUES (226, 'high-impact');
INSERT INTO product_tags (variant_id, tag_name) VALUES (226, 'operations');
INSERT INTO product_timeline_milestones (variant_id, milestone_text, sort_order) VALUES (226, 'Phase 1: Discovery & Alignment', 0);
INSERT INTO product_timeline_milestones (variant_id, milestone_text, sort_order) VALUES (226, 'Phase 2: Execution', 1);
INSERT INTO product_timeline_milestones (variant_id, milestone_text, sort_order) VALUES (226, 'Phase 3: Governance & Review', 2);
INSERT INTO product_timeline_milestones (variant_id, milestone_text, sort_order) VALUES (226, 'Phase 4: Operational Handover', 3);
INSERT INTO product_variants (id, product_id, sku, slug, variant_name, service_type_id, duration_display, duration_weeks_min, duration_weeks_max, delivery_complexity, implementation_model, badge, positioning, is_default_variant, status) VALUES (227, 25, 'OPE-BUN-227', 'infrastructure-operations-high-impact-transformation-bundle-227', 'Transformation Bundle', 'bundle', '16-24 Weeks', 16, 24, 'high', 'TMaaS Managed Delivery', 'Bundle', '(High-Impact) Positioning Strategy', false, 'published');
INSERT INTO marketplace_listings (id, merchant_id, variant_id, listing_status, purchasability, popularity_score) VALUES (211, 1, 227, 'active', 'request_quote', 200);
INSERT INTO variant_prices (listing_id, price_type, amount, price_display, billing_period, is_current) VALUES (211, 'custom_floor', NULL, 'Custom', 'one_time', true);
INSERT INTO product_content (variant_id, description, positioning) VALUES (227, 'End-to-end transformation bundle for Infrastructure Operations.', '(High-Impact) Positioning Strategy');
INSERT INTO product_features (variant_id, feature_text, sort_order) VALUES (227, 'Includes Design, AI Design, Implementation, AI Implementation, and Managed Services', 0);
INSERT INTO product_features (variant_id, feature_text, sort_order) VALUES (227, 'Architecture alignment', 1);
INSERT INTO product_features (variant_id, feature_text, sort_order) VALUES (227, 'Dedicated TMaaS specialist team', 2);
INSERT INTO product_features (variant_id, feature_text, sort_order) VALUES (227, 'SLA-backed governance and reporting', 3);
INSERT INTO product_features (variant_id, feature_text, sort_order) VALUES (227, 'Phased delivery and milestone tracking', 4);
INSERT INTO product_tags (variant_id, tag_name) VALUES (227, 'bundle');
INSERT INTO product_tags (variant_id, tag_name) VALUES (227, 'transformation');
INSERT INTO product_tags (variant_id, tag_name) VALUES (227, 'high-impact');
INSERT INTO product_tags (variant_id, tag_name) VALUES (227, 'operations');
INSERT INTO product_timeline_milestones (variant_id, milestone_text, sort_order) VALUES (227, 'Phase 1: Discovery & Alignment', 0);
INSERT INTO product_timeline_milestones (variant_id, milestone_text, sort_order) VALUES (227, 'Phase 2: Execution', 1);
INSERT INTO product_timeline_milestones (variant_id, milestone_text, sort_order) VALUES (227, 'Phase 3: Governance & Review', 2);
INSERT INTO product_timeline_milestones (variant_id, milestone_text, sort_order) VALUES (227, 'Phase 4: Operational Handover', 3);
INSERT INTO product_variants (id, product_id, sku, slug, variant_name, service_type_id, duration_display, duration_weeks_min, duration_weeks_max, delivery_complexity, implementation_model, badge, positioning, is_default_variant, status) VALUES (228, 26, 'OPE-BUN-228', 'government-operations-high-impact-transformation-bundle-228', 'Transformation Bundle', 'bundle', '16-24 Weeks', 16, 24, 'high', 'TMaaS Managed Delivery', 'Bundle', '(High-Impact) Positioning Strategy', false, 'published');
INSERT INTO marketplace_listings (id, merchant_id, variant_id, listing_status, purchasability, popularity_score) VALUES (212, 1, 228, 'active', 'request_quote', 200);
INSERT INTO variant_prices (listing_id, price_type, amount, price_display, billing_period, is_current) VALUES (212, 'custom_floor', NULL, 'Custom', 'one_time', true);
INSERT INTO product_content (variant_id, description, positioning) VALUES (228, 'End-to-end transformation bundle for Government Operations.', '(High-Impact) Positioning Strategy');
INSERT INTO product_features (variant_id, feature_text, sort_order) VALUES (228, 'Includes Design, AI Design, Implementation, AI Implementation, and Managed Services', 0);
INSERT INTO product_features (variant_id, feature_text, sort_order) VALUES (228, 'Architecture alignment', 1);
INSERT INTO product_features (variant_id, feature_text, sort_order) VALUES (228, 'Dedicated TMaaS specialist team', 2);
INSERT INTO product_features (variant_id, feature_text, sort_order) VALUES (228, 'SLA-backed governance and reporting', 3);
INSERT INTO product_features (variant_id, feature_text, sort_order) VALUES (228, 'Phased delivery and milestone tracking', 4);
INSERT INTO product_tags (variant_id, tag_name) VALUES (228, 'bundle');
INSERT INTO product_tags (variant_id, tag_name) VALUES (228, 'transformation');
INSERT INTO product_tags (variant_id, tag_name) VALUES (228, 'high-impact');
INSERT INTO product_tags (variant_id, tag_name) VALUES (228, 'operations');
INSERT INTO product_timeline_milestones (variant_id, milestone_text, sort_order) VALUES (228, 'Phase 1: Discovery & Alignment', 0);
