INSERT INTO product_timeline_milestones (variant_id, milestone_text, sort_order) VALUES (108, 'Phase 3: Governance & Review', 2);
INSERT INTO product_timeline_milestones (variant_id, milestone_text, sort_order) VALUES (108, 'Phase 4: Operational Handover', 3);
INSERT INTO product_variants (id, product_id, sku, slug, variant_name, service_type_id, duration_display, duration_weeks_min, duration_weeks_max, delivery_complexity, implementation_model, badge, positioning, is_default_variant, status) VALUES (203, 1, 'EXP-BUN-203', 'online-web-presence-high-impact-transformation-bundle-203', 'Transformation Bundle', 'bundle', '16-24 Weeks', 16, 24, 'high', 'TMaaS Managed Delivery', 'Bundle', '(High-Impact) Positioning Strategy', false, 'published');
INSERT INTO marketplace_listings (id, merchant_id, variant_id, listing_status, purchasability, popularity_score) VALUES (17, 1, 203, 'active', 'request_quote', 200);
INSERT INTO variant_prices (listing_id, price_type, amount, price_display, billing_period, is_current) VALUES (17, 'custom_floor', NULL, 'Custom', 'one_time', true);
INSERT INTO product_content (variant_id, description, positioning) VALUES (203, 'End-to-end transformation bundle for Online Web Presence.', '(High-Impact) Positioning Strategy');
INSERT INTO product_features (variant_id, feature_text, sort_order) VALUES (203, 'Includes Design, AI Design, Implementation, AI Implementation, and Managed Services', 0);
INSERT INTO product_features (variant_id, feature_text, sort_order) VALUES (203, 'Architecture alignment', 1);
INSERT INTO product_features (variant_id, feature_text, sort_order) VALUES (203, 'Dedicated TMaaS specialist team', 2);
INSERT INTO product_features (variant_id, feature_text, sort_order) VALUES (203, 'SLA-backed governance and reporting', 3);
INSERT INTO product_features (variant_id, feature_text, sort_order) VALUES (203, 'Phased delivery and milestone tracking', 4);
INSERT INTO product_tags (variant_id, tag_name) VALUES (203, 'bundle');
INSERT INTO product_tags (variant_id, tag_name) VALUES (203, 'transformation');
INSERT INTO product_tags (variant_id, tag_name) VALUES (203, 'high-impact');
INSERT INTO product_tags (variant_id, tag_name) VALUES (203, 'experience');
INSERT INTO product_timeline_milestones (variant_id, milestone_text, sort_order) VALUES (203, 'Phase 1: Discovery & Alignment', 0);
INSERT INTO product_timeline_milestones (variant_id, milestone_text, sort_order) VALUES (203, 'Phase 2: Execution', 1);
INSERT INTO product_timeline_milestones (variant_id, milestone_text, sort_order) VALUES (203, 'Phase 3: Governance & Review', 2);
INSERT INTO product_timeline_milestones (variant_id, milestone_text, sort_order) VALUES (203, 'Phase 4: Operational Handover', 3);
INSERT INTO product_variants (id, product_id, sku, slug, variant_name, service_type_id, duration_display, duration_weeks_min, duration_weeks_max, delivery_complexity, implementation_model, badge, positioning, is_default_variant, status) VALUES (212, 2, 'OPE-BUN-212', 'digital-workplace-high-impact-transformation-bundle-212', 'Transformation Bundle', 'bundle', '16-24 Weeks', 16, 24, 'high', 'TMaaS Managed Delivery', 'Bundle', '(High-Impact) Positioning Strategy', false, 'published');
INSERT INTO marketplace_listings (id, merchant_id, variant_id, listing_status, purchasability, popularity_score) VALUES (18, 1, 212, 'active', 'request_quote', 200);
INSERT INTO variant_prices (listing_id, price_type, amount, price_display, billing_period, is_current) VALUES (18, 'custom_floor', NULL, 'Custom', 'one_time', true);
INSERT INTO product_content (variant_id, description, positioning) VALUES (212, 'End-to-end transformation bundle for Digital Workplace.', '(High-Impact) Positioning Strategy');
INSERT INTO product_features (variant_id, feature_text, sort_order) VALUES (212, 'Includes Design, AI Design, Implementation, AI Implementation, and Managed Services', 0);
INSERT INTO product_features (variant_id, feature_text, sort_order) VALUES (212, 'Architecture alignment', 1);
INSERT INTO product_features (variant_id, feature_text, sort_order) VALUES (212, 'Dedicated TMaaS specialist team', 2);
INSERT INTO product_features (variant_id, feature_text, sort_order) VALUES (212, 'SLA-backed governance and reporting', 3);
INSERT INTO product_features (variant_id, feature_text, sort_order) VALUES (212, 'Phased delivery and milestone tracking', 4);
INSERT INTO product_tags (variant_id, tag_name) VALUES (212, 'bundle');
INSERT INTO product_tags (variant_id, tag_name) VALUES (212, 'transformation');
INSERT INTO product_tags (variant_id, tag_name) VALUES (212, 'high-impact');
INSERT INTO product_tags (variant_id, tag_name) VALUES (212, 'operations');
INSERT INTO product_timeline_milestones (variant_id, milestone_text, sort_order) VALUES (212, 'Phase 1: Discovery & Alignment', 0);
INSERT INTO product_timeline_milestones (variant_id, milestone_text, sort_order) VALUES (212, 'Phase 2: Execution', 1);
INSERT INTO product_timeline_milestones (variant_id, milestone_text, sort_order) VALUES (212, 'Phase 3: Governance & Review', 2);
INSERT INTO product_timeline_milestones (variant_id, milestone_text, sort_order) VALUES (212, 'Phase 4: Operational Handover', 3);
INSERT INTO product_variants (id, product_id, sku, slug, variant_name, service_type_id, duration_display, duration_weeks_min, duration_weeks_max, delivery_complexity, implementation_model, badge, positioning, is_default_variant, status) VALUES (216, 3, 'SEC-BUN-216', 'governance-risk-compliance-high-impact-transformation-bundle-216', 'Transformation Bundle', 'bundle', '16-24 Weeks', 16, 24, 'high', 'TMaaS Managed Delivery', 'Bundle', '(High-Impact) Positioning Strategy', false, 'published');
INSERT INTO marketplace_listings (id, merchant_id, variant_id, listing_status, purchasability, popularity_score) VALUES (19, 1, 216, 'active', 'request_quote', 200);
INSERT INTO variant_prices (listing_id, price_type, amount, price_display, billing_period, is_current) VALUES (19, 'custom_floor', NULL, 'Custom', 'one_time', true);
INSERT INTO product_content (variant_id, description, positioning) VALUES (216, 'End-to-end transformation bundle for Governance, Risk & Compliance.', '(High-Impact) Positioning Strategy');
INSERT INTO product_features (variant_id, feature_text, sort_order) VALUES (216, 'Includes Design, AI Design, Implementation, AI Implementation, and Managed Services', 0);
INSERT INTO product_features (variant_id, feature_text, sort_order) VALUES (216, 'Architecture alignment', 1);
INSERT INTO product_features (variant_id, feature_text, sort_order) VALUES (216, 'Dedicated TMaaS specialist team', 2);
INSERT INTO product_features (variant_id, feature_text, sort_order) VALUES (216, 'SLA-backed governance and reporting', 3);
INSERT INTO product_features (variant_id, feature_text, sort_order) VALUES (216, 'Phased delivery and milestone tracking', 4);
INSERT INTO product_tags (variant_id, tag_name) VALUES (216, 'bundle');
INSERT INTO product_tags (variant_id, tag_name) VALUES (216, 'transformation');
INSERT INTO product_tags (variant_id, tag_name) VALUES (216, 'high-impact');
INSERT INTO product_tags (variant_id, tag_name) VALUES (216, 'security');
INSERT INTO product_timeline_milestones (variant_id, milestone_text, sort_order) VALUES (216, 'Phase 1: Discovery & Alignment', 0);
INSERT INTO product_timeline_milestones (variant_id, milestone_text, sort_order) VALUES (216, 'Phase 2: Execution', 1);
INSERT INTO product_timeline_milestones (variant_id, milestone_text, sort_order) VALUES (216, 'Phase 3: Governance & Review', 2);
INSERT INTO product_timeline_milestones (variant_id, milestone_text, sort_order) VALUES (216, 'Phase 4: Operational Handover', 3);
INSERT INTO product_variants (id, product_id, sku, slug, variant_name, service_type_id, duration_display, duration_weeks_min, duration_weeks_max, delivery_complexity, implementation_model, badge, positioning, is_default_variant, status) VALUES (219, 4, 'AI-BUN-219', 'enterprise-data-platform-high-impact-transformation-bundle-219', 'Transformation Bundle', 'bundle', '16-24 Weeks', 16, 24, 'high', 'TMaaS Managed Delivery', 'Bundle', '(High-Impact) Positioning Strategy', false, 'published');
INSERT INTO marketplace_listings (id, merchant_id, variant_id, listing_status, purchasability, popularity_score) VALUES (20, 1, 219, 'active', 'request_quote', 200);
INSERT INTO variant_prices (listing_id, price_type, amount, price_display, billing_period, is_current) VALUES (20, 'custom_floor', NULL, 'Custom', 'one_time', true);
INSERT INTO product_content (variant_id, description, positioning) VALUES (219, 'End-to-end transformation bundle for Enterprise Data Platform.', '(High-Impact) Positioning Strategy');
INSERT INTO product_features (variant_id, feature_text, sort_order) VALUES (219, 'Includes Design, AI Design, Implementation, AI Implementation, and Managed Services', 0);
INSERT INTO product_features (variant_id, feature_text, sort_order) VALUES (219, 'Architecture alignment', 1);
INSERT INTO product_features (variant_id, feature_text, sort_order) VALUES (219, 'Dedicated TMaaS specialist team', 2);
INSERT INTO product_features (variant_id, feature_text, sort_order) VALUES (219, 'SLA-backed governance and reporting', 3);
INSERT INTO product_features (variant_id, feature_text, sort_order) VALUES (219, 'Phased delivery and milestone tracking', 4);
INSERT INTO product_tags (variant_id, tag_name) VALUES (219, 'bundle');
INSERT INTO product_tags (variant_id, tag_name) VALUES (219, 'transformation');
INSERT INTO product_tags (variant_id, tag_name) VALUES (219, 'high-impact');
INSERT INTO product_tags (variant_id, tag_name) VALUES (219, 'data');
INSERT INTO product_timeline_milestones (variant_id, milestone_text, sort_order) VALUES (219, 'Phase 1: Discovery & Alignment', 0);
INSERT INTO product_timeline_milestones (variant_id, milestone_text, sort_order) VALUES (219, 'Phase 2: Execution', 1);
INSERT INTO product_timeline_milestones (variant_id, milestone_text, sort_order) VALUES (219, 'Phase 3: Governance & Review', 2);
INSERT INTO product_timeline_milestones (variant_id, milestone_text, sort_order) VALUES (219, 'Phase 4: Operational Handover', 3);
INSERT INTO bundle_items (bundle_variant_id, included_variant_id, sort_order) VALUES (203, 2, 0) ON CONFLICT DO NOTHING;
INSERT INTO bundle_items (bundle_variant_id, included_variant_id, sort_order) VALUES (203, 3, 1) ON CONFLICT DO NOTHING;
INSERT INTO bundle_items (bundle_variant_id, included_variant_id, sort_order) VALUES (203, 4, 2) ON CONFLICT DO NOTHING;
INSERT INTO bundle_items (bundle_variant_id, included_variant_id, sort_order) VALUES (203, 6, 3) ON CONFLICT DO NOTHING;
INSERT INTO bundle_items (bundle_variant_id, included_variant_id, sort_order) VALUES (212, 56, 0) ON CONFLICT DO NOTHING;
INSERT INTO bundle_items (bundle_variant_id, included_variant_id, sort_order) VALUES (212, 57, 1) ON CONFLICT DO NOTHING;
INSERT INTO bundle_items (bundle_variant_id, included_variant_id, sort_order) VALUES (212, 58, 2) ON CONFLICT DO NOTHING;
INSERT INTO bundle_items (bundle_variant_id, included_variant_id, sort_order) VALUES (216, 86, 0) ON CONFLICT DO NOTHING;
INSERT INTO bundle_items (bundle_variant_id, included_variant_id, sort_order) VALUES (216, 88, 1) ON CONFLICT DO NOTHING;
INSERT INTO bundle_items (bundle_variant_id, included_variant_id, sort_order) VALUES (219, 104, 0) ON CONFLICT DO NOTHING;
INSERT INTO bundle_items (bundle_variant_id, included_variant_id, sort_order) VALUES (219, 106, 1) ON CONFLICT DO NOTHING;
INSERT INTO bundle_items (bundle_variant_id, included_variant_id, sort_order) VALUES (219, 108, 2) ON CONFLICT DO NOTHING;
INSERT INTO deploy_modules (variant_id, name, sort_order) VALUES (4, 'Website CMS', 0);
INSERT INTO deploy_module_features (module_id, feature_text, sort_order) SELECT id, 'Page management', 0 FROM deploy_modules WHERE variant_id = 4 AND name = 'Website CMS' LIMIT 1;
INSERT INTO deploy_module_features (module_id, feature_text, sort_order) SELECT id, 'Component-based content editing', 1 FROM deploy_modules WHERE variant_id = 4 AND name = 'Website CMS' LIMIT 1;
INSERT INTO deploy_module_features (module_id, feature_text, sort_order) SELECT id, 'Multi-site management', 2 FROM deploy_modules WHERE variant_id = 4 AND name = 'Website CMS' LIMIT 1;
INSERT INTO deploy_module_features (module_id, feature_text, sort_order) SELECT id, 'Media library', 3 FROM deploy_modules WHERE variant_id = 4 AND name = 'Website CMS' LIMIT 1;
INSERT INTO deploy_module_features (module_id, feature_text, sort_order) SELECT id, 'Content approval workflows', 4 FROM deploy_modules WHERE variant_id = 4 AND name = 'Website CMS' LIMIT 1;
INSERT INTO deploy_modules (variant_id, name, sort_order) VALUES (4, 'Digital Experience Portal', 1);
INSERT INTO deploy_module_features (module_id, feature_text, sort_order) SELECT id, 'Personalised landing pages', 0 FROM deploy_modules WHERE variant_id = 4 AND name = 'Digital Experience Portal' LIMIT 1;
INSERT INTO deploy_module_features (module_id, feature_text, sort_order) SELECT id, 'Customer dashboards', 1 FROM deploy_modules WHERE variant_id = 4 AND name = 'Digital Experience Portal' LIMIT 1;
INSERT INTO deploy_module_features (module_id, feature_text, sort_order) SELECT id, 'Portal navigation management', 2 FROM deploy_modules WHERE variant_id = 4 AND name = 'Digital Experience Portal' LIMIT 1;
INSERT INTO deploy_module_features (module_id, feature_text, sort_order) SELECT id, 'Role-based access', 3 FROM deploy_modules WHERE variant_id = 4 AND name = 'Digital Experience Portal' LIMIT 1;
INSERT INTO deploy_module_features (module_id, feature_text, sort_order) SELECT id, 'Multi-device responsiveness', 4 FROM deploy_modules WHERE variant_id = 4 AND name = 'Digital Experience Portal' LIMIT 1;
INSERT INTO deploy_modules (variant_id, name, sort_order) VALUES (4, 'Content Publishing Engine', 2);
INSERT INTO deploy_module_features (module_id, feature_text, sort_order) SELECT id, 'Scheduled publishing', 0 FROM deploy_modules WHERE variant_id = 4 AND name = 'Content Publishing Engine' LIMIT 1;
INSERT INTO deploy_module_features (module_id, feature_text, sort_order) SELECT id, 'Draft/version management', 1 FROM deploy_modules WHERE variant_id = 4 AND name = 'Content Publishing Engine' LIMIT 1;
INSERT INTO deploy_module_features (module_id, feature_text, sort_order) SELECT id, 'Content localisation', 2 FROM deploy_modules WHERE variant_id = 4 AND name = 'Content Publishing Engine' LIMIT 1;
INSERT INTO deploy_module_features (module_id, feature_text, sort_order) SELECT id, 'Campaign publishing', 3 FROM deploy_modules WHERE variant_id = 4 AND name = 'Content Publishing Engine' LIMIT 1;
INSERT INTO deploy_module_features (module_id, feature_text, sort_order) SELECT id, 'Dynamic content rendering', 4 FROM deploy_modules WHERE variant_id = 4 AND name = 'Content Publishing Engine' LIMIT 1;
INSERT INTO deploy_modules (variant_id, name, sort_order) VALUES (4, 'SEO & Performance Suite', 3);