BEGIN;
INSERT INTO categories (id, label, category_type, sort_order, is_facetable) VALUES ('experience', 'Customer Experience & Engagement', 'capability', 0, true) ON CONFLICT (id) DO NOTHING;
INSERT INTO categories (id, label, category_type, sort_order, is_facetable) VALUES ('operations', 'Business Operations & Productivity', 'capability', 1, true) ON CONFLICT (id) DO NOTHING;
INSERT INTO categories (id, label, category_type, sort_order, is_facetable) VALUES ('security', 'Development, Security, and Operations', 'capability', 2, true) ON CONFLICT (id) DO NOTHING;
INSERT INTO categories (id, label, category_type, sort_order, is_facetable) VALUES ('ai', 'Data, AI & Analytics', 'capability', 3, true) ON CONFLICT (id) DO NOTHING;
INSERT INTO categories (id, label, category_type, sort_order, is_facetable) VALUES ('bundles', 'Bundles', 'navigation', 99, false) ON CONFLICT (id) DO NOTHING;
INSERT INTO categories (id, label, category_type, sort_order, is_facetable) VALUES ('farming-4-0', 'Farming 4.0', 'sector', 0, true) ON CONFLICT (id) DO NOTHING;
INSERT INTO categories (id, label, category_type, sort_order, is_facetable) VALUES ('plant-4-0', 'Plant 4.0', 'sector', 1, true) ON CONFLICT (id) DO NOTHING;
INSERT INTO categories (id, label, category_type, sort_order, is_facetable) VALUES ('infrastructure-4-0', 'Infrastructure 4.0', 'sector', 2, true) ON CONFLICT (id) DO NOTHING;
INSERT INTO categories (id, label, category_type, sort_order, is_facetable) VALUES ('government-4-0', 'Government 4.0', 'sector', 3, true) ON CONFLICT (id) DO NOTHING;
INSERT INTO categories (id, label, category_type, sort_order, is_facetable) VALUES ('hospitality-4-0', 'Hospitality 4.0', 'sector', 4, true) ON CONFLICT (id) DO NOTHING;
INSERT INTO categories (id, label, category_type, sort_order, is_facetable) VALUES ('retail-4-0', 'Retail 4.0', 'sector', 5, true) ON CONFLICT (id) DO NOTHING;
INSERT INTO categories (id, label, category_type, sort_order, is_facetable) VALUES ('service-4-0', 'Service 4.0', 'sector', 6, true) ON CONFLICT (id) DO NOTHING;
INSERT INTO categories (id, label, category_type, sort_order, is_facetable) VALUES ('logistics-4-0', 'Logistics 4.0', 'sector', 7, true) ON CONFLICT (id) DO NOTHING;
INSERT INTO categories (id, label, category_type, sort_order, is_facetable) VALUES ('wellness-4-0', 'Wellness 4.0', 'sector', 8, true) ON CONFLICT (id) DO NOTHING;
INSERT INTO categories (id, label, category_type, sort_order, is_facetable) VALUES ('grow-business', 'Grow My Business', 'goal', 0, true) ON CONFLICT (id) DO NOTHING;
INSERT INTO categories (id, label, category_type, sort_order, is_facetable) VALUES ('improve-operations', 'Improve Operations', 'goal', 1, true) ON CONFLICT (id) DO NOTHING;
INSERT INTO categories (id, label, category_type, sort_order, is_facetable) VALUES ('launch-ai', 'Launch AI', 'goal', 2, true) ON CONFLICT (id) DO NOTHING;
INSERT INTO categories (id, label, category_type, sort_order, is_facetable) VALUES ('modernise-technology', 'Modernise Technology', 'goal', 3, true) ON CONFLICT (id) DO NOTHING;
INSERT INTO categories (id, label, category_type, sort_order, is_facetable) VALUES ('improve-cx', 'Improve Customer Experience', 'goal', 4, true) ON CONFLICT (id) DO NOTHING;
INSERT INTO categories (id, label, category_type, sort_order, is_facetable) VALUES ('automate-workflows', 'Automate Workflows', 'goal', 5, true) ON CONFLICT (id) DO NOTHING;
INSERT INTO categories (id, label, category_type, sort_order, is_facetable) VALUES ('strengthen-governance', 'Strengthen Governance', 'goal', 6, true) ON CONFLICT (id) DO NOTHING;
INSERT INTO merchants (slug, name, status) VALUES ('digitalqatalyst', 'DigitalQatalyst', 'active') ON CONFLICT (slug) DO NOTHING;
INSERT INTO products (id, slug, title, short_description, collection_id, is_high_impact, audience, industry_relevance, department, business_impact, status) VALUES (1, 'online-web-presence-high-impact', 'Online Web Presence (High-Impact)', 'A strategic discovery engagement focused on evaluating your organisation’s web presence, digital journeys, customer engagement opportunities, and AI enablement potential.', 'experience', true, 'Enterprise & Mid-Market', 'Cross-Industry', 'IT & Transformation', 'Significant operational improvements and risk reduction.', 'published');
INSERT INTO product_category_map (product_id, category_id) VALUES (1, 'modernise-technology') ON CONFLICT DO NOTHING;
INSERT INTO product_category_map (product_id, category_id) VALUES (1, 'improve-operations') ON CONFLICT DO NOTHING;
INSERT INTO product_variants (id, product_id, sku, slug, variant_name, service_type_id, duration_display, duration_weeks_min, duration_weeks_max, delivery_complexity, implementation_model, badge, positioning, is_default_variant, status) VALUES (1, 1, 'EXP-ADV-1', 'online-web-presence-high-impact-assess-1', 'Assess', 'advisory', '1 Week', 1, 1, 'medium', 'TMaaS Managed Delivery', 'Advisory', '(High-Impact) Positioning Strategy', true, 'published');
INSERT INTO marketplace_listings (id, merchant_id, variant_id, listing_status, purchasability, popularity_score) VALUES (1, 1, 1, 'active', 'free', 100);
INSERT INTO variant_prices (listing_id, price_type, amount, price_display, billing_period, is_current) VALUES (1, 'list', 0, 'Free', 'one_time', true);
INSERT INTO product_content (variant_id, description, positioning) VALUES (1, 'A strategic discovery engagement focused on evaluating your organisation’s web presence, digital journeys, customer engagement opportunities, and AI enablement potential.', '(High-Impact) Positioning Strategy');
INSERT INTO product_features (variant_id, feature_text, sort_order) VALUES (1, 'Architecture alignment for Online Web Presence (High-Impact)', 0);
INSERT INTO product_features (variant_id, feature_text, sort_order) VALUES (1, 'Dedicated TMaaS specialist team', 1);
INSERT INTO product_features (variant_id, feature_text, sort_order) VALUES (1, 'SLA-backed governance and reporting', 2);
INSERT INTO product_features (variant_id, feature_text, sort_order) VALUES (1, 'Phased delivery and milestone tracking', 3);
INSERT INTO product_tags (variant_id, tag_name) VALUES (1, 'experience');
INSERT INTO product_tags (variant_id, tag_name) VALUES (1, 'advisory');
INSERT INTO product_tags (variant_id, tag_name) VALUES (1, 'transformation');
INSERT INTO product_tags (variant_id, tag_name) VALUES (1, 'high-impact');
INSERT INTO product_timeline_milestones (variant_id, milestone_text, sort_order) VALUES (1, 'Phase 1: Discovery & Alignment', 0);
INSERT INTO product_timeline_milestones (variant_id, milestone_text, sort_order) VALUES (1, 'Phase 2: Execution', 1);
INSERT INTO product_timeline_milestones (variant_id, milestone_text, sort_order) VALUES (1, 'Phase 3: Governance & Review', 2);
INSERT INTO product_timeline_milestones (variant_id, milestone_text, sort_order) VALUES (1, 'Phase 4: Operational Handover', 3);
INSERT INTO product_variants (id, product_id, sku, slug, variant_name, service_type_id, duration_display, duration_weeks_min, duration_weeks_max, delivery_complexity, implementation_model, badge, positioning, is_default_variant, status) VALUES (2, 1, 'EXP-DES-2', 'online-web-presence-high-impact-design-2', 'Design', 'design', '4 Weeks', 4, 4, 'high', 'TMaaS Managed Delivery', 'Design', '(High-Impact) Positioning Strategy', false, 'published');
INSERT INTO marketplace_listings (id, merchant_id, variant_id, listing_status, purchasability, popularity_score) VALUES (2, 1, 2, 'active', 'buy_now', 99);
INSERT INTO variant_prices (listing_id, price_type, amount, price_display, billing_period, is_current) VALUES (2, 'from', 1000, 'From $1,000', 'one_time', true);
INSERT INTO product_content (variant_id, description, positioning) VALUES (2, 'Design and specification of high-impact web platforms, portals, customer journeys, and digital engagement experiences aligned to business goals.', '(High-Impact) Positioning Strategy');
INSERT INTO product_features (variant_id, feature_text, sort_order) VALUES (2, 'Architecture alignment for Online Web Presence (High-Impact)', 0);
INSERT INTO product_features (variant_id, feature_text, sort_order) VALUES (2, 'Dedicated TMaaS specialist team', 1);
INSERT INTO product_features (variant_id, feature_text, sort_order) VALUES (2, 'SLA-backed governance and reporting', 2);
INSERT INTO product_features (variant_id, feature_text, sort_order) VALUES (2, 'Phased delivery and milestone tracking', 3);
INSERT INTO product_tags (variant_id, tag_name) VALUES (2, 'experience');
INSERT INTO product_tags (variant_id, tag_name) VALUES (2, 'design');
INSERT INTO product_tags (variant_id, tag_name) VALUES (2, 'transformation');
INSERT INTO product_tags (variant_id, tag_name) VALUES (2, 'high-impact');
INSERT INTO product_timeline_milestones (variant_id, milestone_text, sort_order) VALUES (2, 'Phase 1: Discovery & Alignment', 0);
INSERT INTO product_timeline_milestones (variant_id, milestone_text, sort_order) VALUES (2, 'Phase 2: Execution', 1);
INSERT INTO product_timeline_milestones (variant_id, milestone_text, sort_order) VALUES (2, 'Phase 3: Governance & Review', 2);
INSERT INTO product_timeline_milestones (variant_id, milestone_text, sort_order) VALUES (2, 'Phase 4: Operational Handover', 3);
INSERT INTO product_variants (id, product_id, sku, slug, variant_name, service_type_id, duration_display, duration_weeks_min, duration_weeks_max, delivery_complexity, implementation_model, badge, positioning, is_default_variant, status) VALUES (3, 1, 'EXP-AI_-3', 'online-web-presence-high-impact-ai-design-3', 'AI Design', 'ai_design', '4 Weeks', 4, 4, 'high', 'TMaaS Managed Delivery', 'Ai Design', '(High-Impact) Positioning Strategy', false, 'published');
INSERT INTO marketplace_listings (id, merchant_id, variant_id, listing_status, purchasability, popularity_score) VALUES (3, 1, 3, 'active', 'buy_now', 98);
INSERT INTO variant_prices (listing_id, price_type, amount, price_display, billing_period, is_current) VALUES (3, 'from', 1000, 'From $1,000', 'one_time', true);
INSERT INTO product_content (variant_id, description, positioning) VALUES (3, 'Design of AI-powered web capabilities including assistants, personalization, automation, intelligent search, and customer engagement workflows.', '(High-Impact) Positioning Strategy');
INSERT INTO product_features (variant_id, feature_text, sort_order) VALUES (3, 'Architecture alignment for Online Web Presence (High-Impact)', 0);
INSERT INTO product_features (variant_id, feature_text, sort_order) VALUES (3, 'Dedicated TMaaS specialist team', 1);
INSERT INTO product_features (variant_id, feature_text, sort_order) VALUES (3, 'SLA-backed governance and reporting', 2);
INSERT INTO product_features (variant_id, feature_text, sort_order) VALUES (3, 'Phased delivery and milestone tracking', 3);
INSERT INTO product_tags (variant_id, tag_name) VALUES (3, 'experience');
INSERT INTO product_tags (variant_id, tag_name) VALUES (3, 'ai_design');
INSERT INTO product_tags (variant_id, tag_name) VALUES (3, 'transformation');
INSERT INTO product_tags (variant_id, tag_name) VALUES (3, 'high-impact');
INSERT INTO product_timeline_milestones (variant_id, milestone_text, sort_order) VALUES (3, 'Phase 1: Discovery & Alignment', 0);
INSERT INTO product_timeline_milestones (variant_id, milestone_text, sort_order) VALUES (3, 'Phase 2: Execution', 1);
INSERT INTO product_timeline_milestones (variant_id, milestone_text, sort_order) VALUES (3, 'Phase 3: Governance & Review', 2);
INSERT INTO product_timeline_milestones (variant_id, milestone_text, sort_order) VALUES (3, 'Phase 4: Operational Handover', 3);
INSERT INTO product_variants (id, product_id, sku, slug, variant_name, service_type_id, duration_display, duration_weeks_min, duration_weeks_max, delivery_complexity, implementation_model, badge, positioning, is_default_variant, status) VALUES (4, 1, 'EXP-DEP-4', 'online-web-presence-high-impact-implementation-4', 'Implementation', 'deploy', '12 Weeks', 12, 12, 'high', 'TMaaS Managed Delivery', 'Deploy', '(High-Impact) Positioning Strategy', false, 'published');
INSERT INTO marketplace_listings (id, merchant_id, variant_id, listing_status, purchasability, popularity_score) VALUES (4, 1, 4, 'active', 'request_quote', 97);
INSERT INTO variant_prices (listing_id, price_type, amount, price_display, billing_period, is_current) VALUES (4, 'custom_floor', NULL, 'Custom', 'one_time', true);
INSERT INTO product_content (variant_id, description, positioning) VALUES (4, 'Deployment and implementation of enterprise web platforms, portals, landing pages, and customer-facing digital experiences.', '(High-Impact) Positioning Strategy');
INSERT INTO product_features (variant_id, feature_text, sort_order) VALUES (4, 'Architecture alignment for Online Web Presence (High-Impact)', 0);
INSERT INTO product_features (variant_id, feature_text, sort_order) VALUES (4, 'Dedicated TMaaS specialist team', 1);
INSERT INTO product_features (variant_id, feature_text, sort_order) VALUES (4, 'SLA-backed governance and reporting', 2);
INSERT INTO product_features (variant_id, feature_text, sort_order) VALUES (4, 'Phased delivery and milestone tracking', 3);
INSERT INTO product_tags (variant_id, tag_name) VALUES (4, 'experience');
INSERT INTO product_tags (variant_id, tag_name) VALUES (4, 'deploy');
INSERT INTO product_tags (variant_id, tag_name) VALUES (4, 'transformation');
INSERT INTO product_tags (variant_id, tag_name) VALUES (4, 'high-impact');
INSERT INTO product_timeline_milestones (variant_id, milestone_text, sort_order) VALUES (4, 'Phase 1: Discovery & Alignment', 0);
INSERT INTO product_timeline_milestones (variant_id, milestone_text, sort_order) VALUES (4, 'Phase 2: Execution', 1);
INSERT INTO product_timeline_milestones (variant_id, milestone_text, sort_order) VALUES (4, 'Phase 3: Governance & Review', 2);
INSERT INTO product_timeline_milestones (variant_id, milestone_text, sort_order) VALUES (4, 'Phase 4: Operational Handover', 3);
INSERT INTO product_variants (id, product_id, sku, slug, variant_name, service_type_id, duration_display, duration_weeks_min, duration_weeks_max, delivery_complexity, implementation_model, badge, positioning, is_default_variant, status) VALUES (6, 1, 'EXP-MAN-6', 'online-web-presence-high-impact-managed-service-6', 'Managed Service', 'manage', 'Ongoing', NULL, NULL, 'medium', 'TMaaS Managed Delivery', 'Manage', '(High-Impact) Positioning Strategy', false, 'published');
INSERT INTO marketplace_listings (id, merchant_id, variant_id, listing_status, purchasability, popularity_score) VALUES (5, 1, 6, 'active', 'buy_now', 95);
INSERT INTO variant_prices (listing_id, price_type, amount, price_display, billing_period, is_current) VALUES (5, 'list', NULL, 'Custom Monthly Plans', 'monthly', true);
INSERT INTO product_content (variant_id, description, positioning) VALUES (6, 'Ongoing management, optimisation, support, monitoring, and continuous improvement of enterprise web experience platforms.', '(High-Impact) Positioning Strategy');
INSERT INTO product_features (variant_id, feature_text, sort_order) VALUES (6, 'Architecture alignment for Online Web Presence (High-Impact)', 0);
INSERT INTO product_features (variant_id, feature_text, sort_order) VALUES (6, 'Dedicated TMaaS specialist team', 1);
INSERT INTO product_features (variant_id, feature_text, sort_order) VALUES (6, 'SLA-backed governance and reporting', 2);
INSERT INTO product_features (variant_id, feature_text, sort_order) VALUES (6, 'Phased delivery and milestone tracking', 3);
INSERT INTO product_tags (variant_id, tag_name) VALUES (6, 'experience');
INSERT INTO product_tags (variant_id, tag_name) VALUES (6, 'manage');
INSERT INTO product_tags (variant_id, tag_name) VALUES (6, 'transformation');
INSERT INTO product_tags (variant_id, tag_name) VALUES (6, 'high-impact');
INSERT INTO product_tags (variant_id, tag_name) VALUES (6, 'operations');
INSERT INTO product_timeline_milestones (variant_id, milestone_text, sort_order) VALUES (6, 'Phase 1: Discovery & Alignment', 0);
INSERT INTO product_timeline_milestones (variant_id, milestone_text, sort_order) VALUES (6, 'Phase 2: Execution', 1);
INSERT INTO product_timeline_milestones (variant_id, milestone_text, sort_order) VALUES (6, 'Phase 3: Governance & Review', 2);
INSERT INTO product_timeline_milestones (variant_id, milestone_text, sort_order) VALUES (6, 'Phase 4: Operational Handover', 3);
INSERT INTO products (id, slug, title, short_description, collection_id, is_high_impact, audience, industry_relevance, department, business_impact, status) VALUES (2, 'digital-workplace-high-impact', 'Digital Workplace (High-Impact)', 'Assessment of workplace productivity, collaboration maturity, operational workflows, employee experience, and workforce enablement opportunities.', 'operations', true, 'Enterprise & Mid-Market', 'Cross-Industry', 'IT & Transformation', 'Significant operational improvements and risk reduction.', 'published');
INSERT INTO product_category_map (product_id, category_id) VALUES (2, 'modernise-technology') ON CONFLICT DO NOTHING;
INSERT INTO product_category_map (product_id, category_id) VALUES (2, 'improve-operations') ON CONFLICT DO NOTHING;
INSERT INTO product_variants (id, product_id, sku, slug, variant_name, service_type_id, duration_display, duration_weeks_min, duration_weeks_max, delivery_complexity, implementation_model, badge, positioning, is_default_variant, status) VALUES (55, 2, 'OPE-ADV-55', 'digital-workplace-high-impact-assess-55', 'Assess', 'advisory', '1 Week', 1, 1, 'medium', 'TMaaS Managed Delivery', 'Advisory', '(High-Impact) Positioning Strategy', true, 'published');
INSERT INTO marketplace_listings (id, merchant_id, variant_id, listing_status, purchasability, popularity_score) VALUES (6, 1, 55, 'active', 'free', 100);
INSERT INTO variant_prices (listing_id, price_type, amount, price_display, billing_period, is_current) VALUES (6, 'list', 0, 'Free', 'one_time', true);
INSERT INTO product_content (variant_id, description, positioning) VALUES (55, 'Assessment of workplace productivity, collaboration maturity, operational workflows, employee experience, and workforce enablement opportunities.', '(High-Impact) Positioning Strategy');
INSERT INTO product_features (variant_id, feature_text, sort_order) VALUES (55, 'Architecture alignment for Digital Workplace (High-Impact)', 0);
INSERT INTO product_features (variant_id, feature_text, sort_order) VALUES (55, 'Dedicated TMaaS specialist team', 1);
INSERT INTO product_features (variant_id, feature_text, sort_order) VALUES (55, 'SLA-backed governance and reporting', 2);
INSERT INTO product_features (variant_id, feature_text, sort_order) VALUES (55, 'Phased delivery and milestone tracking', 3);
INSERT INTO product_tags (variant_id, tag_name) VALUES (55, 'operations');
INSERT INTO product_tags (variant_id, tag_name) VALUES (55, 'advisory');
INSERT INTO product_tags (variant_id, tag_name) VALUES (55, 'transformation');
INSERT INTO product_tags (variant_id, tag_name) VALUES (55, 'high-impact');
INSERT INTO product_timeline_milestones (variant_id, milestone_text, sort_order) VALUES (55, 'Phase 1: Discovery & Alignment', 0);
INSERT INTO product_timeline_milestones (variant_id, milestone_text, sort_order) VALUES (55, 'Phase 2: Execution', 1);
INSERT INTO product_timeline_milestones (variant_id, milestone_text, sort_order) VALUES (55, 'Phase 3: Governance & Review', 2);
INSERT INTO product_timeline_milestones (variant_id, milestone_text, sort_order) VALUES (55, 'Phase 4: Operational Handover', 3);
INSERT INTO product_variants (id, product_id, sku, slug, variant_name, service_type_id, duration_display, duration_weeks_min, duration_weeks_max, delivery_complexity, implementation_model, badge, positioning, is_default_variant, status) VALUES (56, 2, 'OPE-DES-56', 'digital-workplace-high-impact-design-56', 'Design', 'design', '4 Weeks', 4, 4, 'high', 'TMaaS Managed Delivery', 'Design', '(High-Impact) Positioning Strategy', false, 'published');
INSERT INTO marketplace_listings (id, merchant_id, variant_id, listing_status, purchasability, popularity_score) VALUES (7, 1, 56, 'active', 'buy_now', 99);
INSERT INTO variant_prices (listing_id, price_type, amount, price_display, billing_period, is_current) VALUES (7, 'from', 1000, 'From $1,000', 'one_time', true);
INSERT INTO product_content (variant_id, description, positioning) VALUES (56, 'Design of digital workplace environments, collaboration experiences, productivity workflows, knowledge management models, and workforce engagement strategies.', '(High-Impact) Positioning Strategy');
INSERT INTO product_features (variant_id, feature_text, sort_order) VALUES (56, 'Architecture alignment for Digital Workplace (High-Impact)', 0);
INSERT INTO product_features (variant_id, feature_text, sort_order) VALUES (56, 'Dedicated TMaaS specialist team', 1);
INSERT INTO product_features (variant_id, feature_text, sort_order) VALUES (56, 'SLA-backed governance and reporting', 2);
INSERT INTO product_features (variant_id, feature_text, sort_order) VALUES (56, 'Phased delivery and milestone tracking', 3);
INSERT INTO product_tags (variant_id, tag_name) VALUES (56, 'operations');
INSERT INTO product_tags (variant_id, tag_name) VALUES (56, 'design');
INSERT INTO product_tags (variant_id, tag_name) VALUES (56, 'transformation');
INSERT INTO product_tags (variant_id, tag_name) VALUES (56, 'high-impact');
INSERT INTO product_timeline_milestones (variant_id, milestone_text, sort_order) VALUES (56, 'Phase 1: Discovery & Alignment', 0);
INSERT INTO product_timeline_milestones (variant_id, milestone_text, sort_order) VALUES (56, 'Phase 2: Execution', 1);
INSERT INTO product_timeline_milestones (variant_id, milestone_text, sort_order) VALUES (56, 'Phase 3: Governance & Review', 2);
INSERT INTO product_timeline_milestones (variant_id, milestone_text, sort_order) VALUES (56, 'Phase 4: Operational Handover', 3);
INSERT INTO product_variants (id, product_id, sku, slug, variant_name, service_type_id, duration_display, duration_weeks_min, duration_weeks_max, delivery_complexity, implementation_model, badge, positioning, is_default_variant, status) VALUES (57, 2, 'OPE-AI_-57', 'digital-workplace-high-impact-ai-design-57', 'AI Design', 'ai_design', '4 Weeks', 4, 4, 'high', 'TMaaS Managed Delivery', 'Ai Design', '(High-Impact) Positioning Strategy', false, 'published');
INSERT INTO marketplace_listings (id, merchant_id, variant_id, listing_status, purchasability, popularity_score) VALUES (8, 1, 57, 'active', 'buy_now', 98);
INSERT INTO variant_prices (listing_id, price_type, amount, price_display, billing_period, is_current) VALUES (8, 'from', 1000, 'From $1,000', 'one_time', true);
INSERT INTO product_content (variant_id, description, positioning) VALUES (57, 'Design of AI-enabled workplace capabilities including copilots, productivity assistants, intelligent collaboration, automation, and knowledge intelligence workflows.', '(High-Impact) Positioning Strategy');
INSERT INTO product_features (variant_id, feature_text, sort_order) VALUES (57, 'Architecture alignment for Digital Workplace (High-Impact)', 0);
INSERT INTO product_features (variant_id, feature_text, sort_order) VALUES (57, 'Dedicated TMaaS specialist team', 1);
INSERT INTO product_features (variant_id, feature_text, sort_order) VALUES (57, 'SLA-backed governance and reporting', 2);
INSERT INTO product_features (variant_id, feature_text, sort_order) VALUES (57, 'Phased delivery and milestone tracking', 3);
INSERT INTO product_tags (variant_id, tag_name) VALUES (57, 'operations');
INSERT INTO product_tags (variant_id, tag_name) VALUES (57, 'ai_design');
INSERT INTO product_tags (variant_id, tag_name) VALUES (57, 'transformation');
INSERT INTO product_tags (variant_id, tag_name) VALUES (57, 'high-impact');
INSERT INTO product_timeline_milestones (variant_id, milestone_text, sort_order) VALUES (57, 'Phase 1: Discovery & Alignment', 0);
INSERT INTO product_timeline_milestones (variant_id, milestone_text, sort_order) VALUES (57, 'Phase 2: Execution', 1);
INSERT INTO product_timeline_milestones (variant_id, milestone_text, sort_order) VALUES (57, 'Phase 3: Governance & Review', 2);
INSERT INTO product_timeline_milestones (variant_id, milestone_text, sort_order) VALUES (57, 'Phase 4: Operational Handover', 3);
INSERT INTO product_variants (id, product_id, sku, slug, variant_name, service_type_id, duration_display, duration_weeks_min, duration_weeks_max, delivery_complexity, implementation_model, badge, positioning, is_default_variant, status) VALUES (58, 2, 'OPE-DEP-58', 'digital-workplace-high-impact-implementation-58', 'Implementation', 'deploy', '12 Weeks', 12, 12, 'high', 'TMaaS Managed Delivery', 'Deploy', '(High-Impact) Positioning Strategy', false, 'published');
INSERT INTO marketplace_listings (id, merchant_id, variant_id, listing_status, purchasability, popularity_score) VALUES (9, 1, 58, 'active', 'request_quote', 97);
INSERT INTO variant_prices (listing_id, price_type, amount, price_display, billing_period, is_current) VALUES (9, 'custom_floor', NULL, 'Custom', 'one_time', true);
INSERT INTO product_content (variant_id, description, positioning) VALUES (58, 'Deployment and implementation of digital workplace platforms, collaboration environments, productivity tools, and employee engagement systems.', '(High-Impact) Positioning Strategy');
INSERT INTO product_features (variant_id, feature_text, sort_order) VALUES (58, 'Architecture alignment for Digital Workplace (High-Impact)', 0);
INSERT INTO product_features (variant_id, feature_text, sort_order) VALUES (58, 'Dedicated TMaaS specialist team', 1);
INSERT INTO product_features (variant_id, feature_text, sort_order) VALUES (58, 'SLA-backed governance and reporting', 2);
INSERT INTO product_features (variant_id, feature_text, sort_order) VALUES (58, 'Phased delivery and milestone tracking', 3);
INSERT INTO product_tags (variant_id, tag_name) VALUES (58, 'operations');
INSERT INTO product_tags (variant_id, tag_name) VALUES (58, 'deploy');
INSERT INTO product_tags (variant_id, tag_name) VALUES (58, 'transformation');
INSERT INTO product_tags (variant_id, tag_name) VALUES (58, 'high-impact');
INSERT INTO product_timeline_milestones (variant_id, milestone_text, sort_order) VALUES (58, 'Phase 1: Discovery & Alignment', 0);
INSERT INTO product_timeline_milestones (variant_id, milestone_text, sort_order) VALUES (58, 'Phase 2: Execution', 1);
INSERT INTO product_timeline_milestones (variant_id, milestone_text, sort_order) VALUES (58, 'Phase 3: Governance & Review', 2);
INSERT INTO product_timeline_milestones (variant_id, milestone_text, sort_order) VALUES (58, 'Phase 4: Operational Handover', 3);
INSERT INTO products (id, slug, title, short_description, collection_id, is_high_impact, audience, industry_relevance, department, business_impact, status) VALUES (3, 'governance-risk-compliance-high-impact', 'Governance, Risk & Compliance (High-Impact)', 'Assessment of governance maturity, compliance posture, operational risks, control effectiveness, and enterprise assurance opportunities.', 'security', true, 'Enterprise & Mid-Market', 'Cross-Industry', 'IT & Transformation', 'Significant operational improvements and risk reduction.', 'published');
INSERT INTO product_category_map (product_id, category_id) VALUES (3, 'modernise-technology') ON CONFLICT DO NOTHING;
INSERT INTO product_category_map (product_id, category_id) VALUES (3, 'improve-operations') ON CONFLICT DO NOTHING;
INSERT INTO product_variants (id, product_id, sku, slug, variant_name, service_type_id, duration_display, duration_weeks_min, duration_weeks_max, delivery_complexity, implementation_model, badge, positioning, is_default_variant, status) VALUES (85, 3, 'SEC-ADV-85', 'governance-risk-compliance-high-impact-assess-85', 'Assess', 'advisory', '1 Week', 1, 1, 'medium', 'TMaaS Managed Delivery', 'Advisory', '(High-Impact) Positioning Strategy', true, 'published');
INSERT INTO marketplace_listings (id, merchant_id, variant_id, listing_status, purchasability, popularity_score) VALUES (10, 1, 85, 'active', 'free', 100);
INSERT INTO variant_prices (listing_id, price_type, amount, price_display, billing_period, is_current) VALUES (10, 'list', 0, 'Free', 'one_time', true);
INSERT INTO product_content (variant_id, description, positioning) VALUES (85, 'Assessment of governance maturity, compliance posture, operational risks, control effectiveness, and enterprise assurance opportunities.', '(High-Impact) Positioning Strategy');
INSERT INTO product_features (variant_id, feature_text, sort_order) VALUES (85, 'Architecture alignment for Governance, Risk & Compliance (High-Impact)', 0);
INSERT INTO product_features (variant_id, feature_text, sort_order) VALUES (85, 'Dedicated TMaaS specialist team', 1);
INSERT INTO product_features (variant_id, feature_text, sort_order) VALUES (85, 'SLA-backed governance and reporting', 2);
INSERT INTO product_features (variant_id, feature_text, sort_order) VALUES (85, 'Phased delivery and milestone tracking', 3);
INSERT INTO product_tags (variant_id, tag_name) VALUES (85, 'security');
INSERT INTO product_tags (variant_id, tag_name) VALUES (85, 'advisory');
INSERT INTO product_tags (variant_id, tag_name) VALUES (85, 'transformation');
INSERT INTO product_tags (variant_id, tag_name) VALUES (85, 'high-impact');
INSERT INTO product_timeline_milestones (variant_id, milestone_text, sort_order) VALUES (85, 'Phase 1: Discovery & Alignment', 0);
INSERT INTO product_timeline_milestones (variant_id, milestone_text, sort_order) VALUES (85, 'Phase 2: Execution', 1);
INSERT INTO product_timeline_milestones (variant_id, milestone_text, sort_order) VALUES (85, 'Phase 3: Governance & Review', 2);
INSERT INTO product_timeline_milestones (variant_id, milestone_text, sort_order) VALUES (85, 'Phase 4: Operational Handover', 3);
INSERT INTO product_variants (id, product_id, sku, slug, variant_name, service_type_id, duration_display, duration_weeks_min, duration_weeks_max, delivery_complexity, implementation_model, badge, positioning, is_default_variant, status) VALUES (86, 3, 'SEC-DES-86', 'governance-risk-compliance-high-impact-design-86', 'Design', 'design', '4 Weeks', 4, 4, 'high', 'TMaaS Managed Delivery', 'Design', '(High-Impact) Positioning Strategy', false, 'published');
INSERT INTO marketplace_listings (id, merchant_id, variant_id, listing_status, purchasability, popularity_score) VALUES (11, 1, 86, 'active', 'buy_now', 99);
INSERT INTO variant_prices (listing_id, price_type, amount, price_display, billing_period, is_current) VALUES (11, 'from', 1000, 'From $1,000', 'one_time', true);
INSERT INTO product_content (variant_id, description, positioning) VALUES (86, 'Design of governance frameworks, compliance operating models, risk management workflows, control structures, and assurance environments.', '(High-Impact) Positioning Strategy');
INSERT INTO product_features (variant_id, feature_text, sort_order) VALUES (86, 'Architecture alignment for Governance, Risk & Compliance (High-Impact)', 0);
INSERT INTO product_features (variant_id, feature_text, sort_order) VALUES (86, 'Dedicated TMaaS specialist team', 1);
INSERT INTO product_features (variant_id, feature_text, sort_order) VALUES (86, 'SLA-backed governance and reporting', 2);
INSERT INTO product_features (variant_id, feature_text, sort_order) VALUES (86, 'Phased delivery and milestone tracking', 3);
INSERT INTO product_tags (variant_id, tag_name) VALUES (86, 'security');
INSERT INTO product_tags (variant_id, tag_name) VALUES (86, 'design');
INSERT INTO product_tags (variant_id, tag_name) VALUES (86, 'transformation');
INSERT INTO product_tags (variant_id, tag_name) VALUES (86, 'high-impact');
INSERT INTO product_timeline_milestones (variant_id, milestone_text, sort_order) VALUES (86, 'Phase 1: Discovery & Alignment', 0);
INSERT INTO product_timeline_milestones (variant_id, milestone_text, sort_order) VALUES (86, 'Phase 2: Execution', 1);
INSERT INTO product_timeline_milestones (variant_id, milestone_text, sort_order) VALUES (86, 'Phase 3: Governance & Review', 2);
INSERT INTO product_timeline_milestones (variant_id, milestone_text, sort_order) VALUES (86, 'Phase 4: Operational Handover', 3);
INSERT INTO product_variants (id, product_id, sku, slug, variant_name, service_type_id, duration_display, duration_weeks_min, duration_weeks_max, delivery_complexity, implementation_model, badge, positioning, is_default_variant, status) VALUES (88, 3, 'SEC-DEP-88', 'governance-risk-compliance-high-impact-implementation-88', 'Implementation', 'deploy', '12 Weeks', 12, 12, 'high', 'TMaaS Managed Delivery', 'Deploy', '(High-Impact) Positioning Strategy', false, 'published');
INSERT INTO marketplace_listings (id, merchant_id, variant_id, listing_status, purchasability, popularity_score) VALUES (12, 1, 88, 'active', 'request_quote', 97);
INSERT INTO variant_prices (listing_id, price_type, amount, price_display, billing_period, is_current) VALUES (12, 'custom_floor', NULL, 'Custom', 'one_time', true);
INSERT INTO product_content (variant_id, description, positioning) VALUES (88, 'Deployment and implementation of governance platforms, compliance systems, operational control environments, and enterprise assurance frameworks.', '(High-Impact) Positioning Strategy');
INSERT INTO product_features (variant_id, feature_text, sort_order) VALUES (88, 'Architecture alignment for Governance, Risk & Compliance (High-Impact)', 0);
INSERT INTO product_features (variant_id, feature_text, sort_order) VALUES (88, 'Dedicated TMaaS specialist team', 1);
INSERT INTO product_features (variant_id, feature_text, sort_order) VALUES (88, 'SLA-backed governance and reporting', 2);
INSERT INTO product_features (variant_id, feature_text, sort_order) VALUES (88, 'Phased delivery and milestone tracking', 3);
INSERT INTO product_tags (variant_id, tag_name) VALUES (88, 'security');
INSERT INTO product_tags (variant_id, tag_name) VALUES (88, 'deploy');
INSERT INTO product_tags (variant_id, tag_name) VALUES (88, 'transformation');
INSERT INTO product_tags (variant_id, tag_name) VALUES (88, 'high-impact');
INSERT INTO product_timeline_milestones (variant_id, milestone_text, sort_order) VALUES (88, 'Phase 1: Discovery & Alignment', 0);
INSERT INTO product_timeline_milestones (variant_id, milestone_text, sort_order) VALUES (88, 'Phase 2: Execution', 1);
INSERT INTO product_timeline_milestones (variant_id, milestone_text, sort_order) VALUES (88, 'Phase 3: Governance & Review', 2);
INSERT INTO product_timeline_milestones (variant_id, milestone_text, sort_order) VALUES (88, 'Phase 4: Operational Handover', 3);
INSERT INTO products (id, slug, title, short_description, collection_id, is_high_impact, audience, industry_relevance, department, business_impact, status) VALUES (4, 'enterprise-data-platform-high-impact', 'Enterprise Data Platform (High-Impact)', 'Assessment of enterprise data maturity, governance capabilities, operational data quality, platform readiness, and data transformation opportunities.', 'ai', true, 'Enterprise & Mid-Market', 'Cross-Industry', 'IT & Transformation', 'Significant operational improvements and risk reduction.', 'published');
INSERT INTO product_category_map (product_id, category_id) VALUES (4, 'modernise-technology') ON CONFLICT DO NOTHING;
INSERT INTO product_category_map (product_id, category_id) VALUES (4, 'improve-operations') ON CONFLICT DO NOTHING;
INSERT INTO product_variants (id, product_id, sku, slug, variant_name, service_type_id, duration_display, duration_weeks_min, duration_weeks_max, delivery_complexity, implementation_model, badge, positioning, is_default_variant, status) VALUES (103, 4, 'AI-ADV-103', 'enterprise-data-platform-high-impact-assess-103', 'Assess', 'advisory', '1 Week', 1, 1, 'medium', 'TMaaS Managed Delivery', 'Advisory', '(High-Impact) Positioning Strategy', true, 'published');
INSERT INTO marketplace_listings (id, merchant_id, variant_id, listing_status, purchasability, popularity_score) VALUES (13, 1, 103, 'active', 'free', 100);
INSERT INTO variant_prices (listing_id, price_type, amount, price_display, billing_period, is_current) VALUES (13, 'list', 0, 'Free', 'one_time', true);
INSERT INTO product_content (variant_id, description, positioning) VALUES (103, 'Assessment of enterprise data maturity, governance capabilities, operational data quality, platform readiness, and data transformation opportunities.', '(High-Impact) Positioning Strategy');
INSERT INTO product_features (variant_id, feature_text, sort_order) VALUES (103, 'Architecture alignment for Enterprise Data Platform (High-Impact)', 0);
INSERT INTO product_features (variant_id, feature_text, sort_order) VALUES (103, 'Dedicated TMaaS specialist team', 1);
INSERT INTO product_features (variant_id, feature_text, sort_order) VALUES (103, 'SLA-backed governance and reporting', 2);
INSERT INTO product_features (variant_id, feature_text, sort_order) VALUES (103, 'Phased delivery and milestone tracking', 3);
INSERT INTO product_tags (variant_id, tag_name) VALUES (103, 'data');
INSERT INTO product_tags (variant_id, tag_name) VALUES (103, 'advisory');
INSERT INTO product_tags (variant_id, tag_name) VALUES (103, 'transformation');
INSERT INTO product_tags (variant_id, tag_name) VALUES (103, 'high-impact');
INSERT INTO product_timeline_milestones (variant_id, milestone_text, sort_order) VALUES (103, 'Phase 1: Discovery & Alignment', 0);
INSERT INTO product_timeline_milestones (variant_id, milestone_text, sort_order) VALUES (103, 'Phase 2: Execution', 1);
INSERT INTO product_timeline_milestones (variant_id, milestone_text, sort_order) VALUES (103, 'Phase 3: Governance & Review', 2);
INSERT INTO product_timeline_milestones (variant_id, milestone_text, sort_order) VALUES (103, 'Phase 4: Operational Handover', 3);
INSERT INTO product_variants (id, product_id, sku, slug, variant_name, service_type_id, duration_display, duration_weeks_min, duration_weeks_max, delivery_complexity, implementation_model, badge, positioning, is_default_variant, status) VALUES (104, 4, 'AI-DES-104', 'enterprise-data-platform-high-impact-design-104', 'Design', 'design', '4 Weeks', 4, 4, 'high', 'TMaaS Managed Delivery', 'Design', '(High-Impact) Positioning Strategy', false, 'published');
INSERT INTO marketplace_listings (id, merchant_id, variant_id, listing_status, purchasability, popularity_score) VALUES (14, 1, 104, 'active', 'buy_now', 99);
INSERT INTO variant_prices (listing_id, price_type, amount, price_display, billing_period, is_current) VALUES (14, 'from', 1000, 'From $1,000', 'one_time', true);
INSERT INTO product_content (variant_id, description, positioning) VALUES (104, 'Design of enterprise data architectures, governance frameworks, data pipelines, operational data models, and scalable data platform strategies.', '(High-Impact) Positioning Strategy');
INSERT INTO product_features (variant_id, feature_text, sort_order) VALUES (104, 'Architecture alignment for Enterprise Data Platform (High-Impact)', 0);
INSERT INTO product_features (variant_id, feature_text, sort_order) VALUES (104, 'Dedicated TMaaS specialist team', 1);
INSERT INTO product_features (variant_id, feature_text, sort_order) VALUES (104, 'SLA-backed governance and reporting', 2);
INSERT INTO product_features (variant_id, feature_text, sort_order) VALUES (104, 'Phased delivery and milestone tracking', 3);
INSERT INTO product_tags (variant_id, tag_name) VALUES (104, 'data');
INSERT INTO product_tags (variant_id, tag_name) VALUES (104, 'design');
INSERT INTO product_tags (variant_id, tag_name) VALUES (104, 'transformation');
INSERT INTO product_tags (variant_id, tag_name) VALUES (104, 'high-impact');
INSERT INTO product_timeline_milestones (variant_id, milestone_text, sort_order) VALUES (104, 'Phase 1: Discovery & Alignment', 0);
INSERT INTO product_timeline_milestones (variant_id, milestone_text, sort_order) VALUES (104, 'Phase 2: Execution', 1);
INSERT INTO product_timeline_milestones (variant_id, milestone_text, sort_order) VALUES (104, 'Phase 3: Governance & Review', 2);
INSERT INTO product_timeline_milestones (variant_id, milestone_text, sort_order) VALUES (104, 'Phase 4: Operational Handover', 3);
INSERT INTO product_variants (id, product_id, sku, slug, variant_name, service_type_id, duration_display, duration_weeks_min, duration_weeks_max, delivery_complexity, implementation_model, badge, positioning, is_default_variant, status) VALUES (106, 4, 'AI-DEP-106', 'enterprise-data-platform-high-impact-implementation-106', 'Implementation', 'deploy', '12 Weeks', 12, 12, 'high', 'TMaaS Managed Delivery', 'Deploy', '(High-Impact) Positioning Strategy', false, 'published');
INSERT INTO marketplace_listings (id, merchant_id, variant_id, listing_status, purchasability, popularity_score) VALUES (15, 1, 106, 'active', 'request_quote', 97);
INSERT INTO variant_prices (listing_id, price_type, amount, price_display, billing_period, is_current) VALUES (15, 'custom_floor', NULL, 'Custom', 'one_time', true);
INSERT INTO product_content (variant_id, description, positioning) VALUES (106, 'Deployment and implementation of enterprise data platforms, data pipelines, governance environments, operational data ecosystems, and scalable analytics foundations.', '(High-Impact) Positioning Strategy');
INSERT INTO product_features (variant_id, feature_text, sort_order) VALUES (106, 'Architecture alignment for Enterprise Data Platform (High-Impact)', 0);
INSERT INTO product_features (variant_id, feature_text, sort_order) VALUES (106, 'Dedicated TMaaS specialist team', 1);
INSERT INTO product_features (variant_id, feature_text, sort_order) VALUES (106, 'SLA-backed governance and reporting', 2);
INSERT INTO product_features (variant_id, feature_text, sort_order) VALUES (106, 'Phased delivery and milestone tracking', 3);
INSERT INTO product_tags (variant_id, tag_name) VALUES (106, 'data');
INSERT INTO product_tags (variant_id, tag_name) VALUES (106, 'deploy');
INSERT INTO product_tags (variant_id, tag_name) VALUES (106, 'transformation');
INSERT INTO product_tags (variant_id, tag_name) VALUES (106, 'high-impact');
INSERT INTO product_timeline_milestones (variant_id, milestone_text, sort_order) VALUES (106, 'Phase 1: Discovery & Alignment', 0);
INSERT INTO product_timeline_milestones (variant_id, milestone_text, sort_order) VALUES (106, 'Phase 2: Execution', 1);
INSERT INTO product_timeline_milestones (variant_id, milestone_text, sort_order) VALUES (106, 'Phase 3: Governance & Review', 2);
INSERT INTO product_timeline_milestones (variant_id, milestone_text, sort_order) VALUES (106, 'Phase 4: Operational Handover', 3);
INSERT INTO product_variants (id, product_id, sku, slug, variant_name, service_type_id, duration_display, duration_weeks_min, duration_weeks_max, delivery_complexity, implementation_model, badge, positioning, is_default_variant, status) VALUES (108, 4, 'AI-MAN-108', 'enterprise-data-platform-high-impact-managed-service-108', 'Managed Service', 'manage', 'Ongoing', NULL, NULL, 'medium', 'TMaaS Managed Delivery', 'Manage', '(High-Impact) Positioning Strategy', false, 'published');
INSERT INTO marketplace_listings (id, merchant_id, variant_id, listing_status, purchasability, popularity_score) VALUES (16, 1, 108, 'active', 'buy_now', 95);
INSERT INTO variant_prices (listing_id, price_type, amount, price_display, billing_period, is_current) VALUES (16, 'list', NULL, 'Custom Monthly Plans', 'monthly', true);
INSERT INTO product_content (variant_id, description, positioning) VALUES (108, 'Managed data platform operations, governance monitoring, optimisation, support, reporting, and continuous enterprise data improvement services.', '(High-Impact) Positioning Strategy');
INSERT INTO product_features (variant_id, feature_text, sort_order) VALUES (108, 'Architecture alignment for Enterprise Data Platform (High-Impact)', 0);
INSERT INTO product_features (variant_id, feature_text, sort_order) VALUES (108, 'Dedicated TMaaS specialist team', 1);
INSERT INTO product_features (variant_id, feature_text, sort_order) VALUES (108, 'SLA-backed governance and reporting', 2);
INSERT INTO product_features (variant_id, feature_text, sort_order) VALUES (108, 'Phased delivery and milestone tracking', 3);
INSERT INTO product_tags (variant_id, tag_name) VALUES (108, 'data');
INSERT INTO product_tags (variant_id, tag_name) VALUES (108, 'manage');
INSERT INTO product_tags (variant_id, tag_name) VALUES (108, 'transformation');
INSERT INTO product_tags (variant_id, tag_name) VALUES (108, 'high-impact');
INSERT INTO product_tags (variant_id, tag_name) VALUES (108, 'operations');
INSERT INTO product_timeline_milestones (variant_id, milestone_text, sort_order) VALUES (108, 'Phase 1: Discovery & Alignment', 0);
INSERT INTO product_timeline_milestones (variant_id, milestone_text, sort_order) VALUES (108, 'Phase 2: Execution', 1);
INSERT INTO product_timeline_milestones (variant_id, milestone_text, sort_order) VALUES (108, 'Phase 3: Governance & Review', 2);
INSERT INTO product_timeline_milestones (variant_id, milestone_text, sort_order) VALUES (108, 'Phase 4: Operational Handover', 3);
INSERT INTO product_variants (id, product_id, sku, slug, variant_name, service_type_id, duration_display, duration_weeks_min, duration_weeks_max, delivery_complexity, implementation_model, badge, positioning, is_default_variant, status) VALUES (203, 1, 'EXP-BUN-203', 'online-web-presence-high-impact-transformation-bundle-203', 'Transformation Bundle', 'bundle', '16-24 Weeks', 16, 24, 'high', 'TMaaS Managed Delivery', 'Bundle', '(High-Impact) Positioning Strategy', false, 'published');
INSERT INTO marketplace_listings (id, merchant_id, variant_id, listing_status, purchasability, popularity_score) VALUES (17, 1, 203, 'active', 'request_quote', 200);
INSERT INTO variant_prices (listing_id, price_type, amount, price_display, billing_period, is_current) VALUES (17, 'custom_floor', NULL, 'Custom', 'one_time', true);
INSERT INTO product_content (variant_id, description, positioning) VALUES (203, 'End-to-end transformation bundle for Online Web Presence.', '(High-Impact) Positioning Strategy');
INSERT INTO product_features (variant_id, feature_text, sort_order) VALUES (203, 'Includes Design, AI Design, Implementation, AI Implementation, and Managed Services', 0);
INSERT INTO product_features (variant_id, feature_text, sort_order) VALUES (203, 'Architecture alignment', 1);
INSERT INTO product_features (variant_id, feature_text, sort_order) VALUES (203, 'Dedicated TMaaS specialist team', 2);
INSERT INTO product_features (variant_id, feature_text, sort_order) VALUES (203, 'SLA-backed governance and reporting', 3);
INSERT INTO product_features (variant_id, feature_text, sort_order) VALUES (203, 'Phased delivery and milestone tracking', 4);
INSERT INTO product_tags (variant_id, tag_name) VALUES (203, 'bundle');
INSERT INTO product_tags (variant_id, tag_name) VALUES (203, 'transformation');
INSERT INTO product_tags (variant_id, tag_name) VALUES (203, 'high-impact');
INSERT INTO product_tags (variant_id, tag_name) VALUES (203, 'experience');
INSERT INTO product_timeline_milestones (variant_id, milestone_text, sort_order) VALUES (203, 'Phase 1: Discovery & Alignment', 0);
INSERT INTO product_timeline_milestones (variant_id, milestone_text, sort_order) VALUES (203, 'Phase 2: Execution', 1);
INSERT INTO product_timeline_milestones (variant_id, milestone_text, sort_order) VALUES (203, 'Phase 3: Governance & Review', 2);
INSERT INTO product_timeline_milestones (variant_id, milestone_text, sort_order) VALUES (203, 'Phase 4: Operational Handover', 3);
INSERT INTO product_variants (id, product_id, sku, slug, variant_name, service_type_id, duration_display, duration_weeks_min, duration_weeks_max, delivery_complexity, implementation_model, badge, positioning, is_default_variant, status) VALUES (212, 2, 'OPE-BUN-212', 'digital-workplace-high-impact-transformation-bundle-212', 'Transformation Bundle', 'bundle', '16-24 Weeks', 16, 24, 'high', 'TMaaS Managed Delivery', 'Bundle', '(High-Impact) Positioning Strategy', false, 'published');
INSERT INTO marketplace_listings (id, merchant_id, variant_id, listing_status, purchasability, popularity_score) VALUES (18, 1, 212, 'active', 'request_quote', 200);
INSERT INTO variant_prices (listing_id, price_type, amount, price_display, billing_period, is_current) VALUES (18, 'custom_floor', NULL, 'Custom', 'one_time', true);
INSERT INTO product_content (variant_id, description, positioning) VALUES (212, 'End-to-end transformation bundle for Digital Workplace.', '(High-Impact) Positioning Strategy');
INSERT INTO product_features (variant_id, feature_text, sort_order) VALUES (212, 'Includes Design, AI Design, Implementation, AI Implementation, and Managed Services', 0);
INSERT INTO product_features (variant_id, feature_text, sort_order) VALUES (212, 'Architecture alignment', 1);
INSERT INTO product_features (variant_id, feature_text, sort_order) VALUES (212, 'Dedicated TMaaS specialist team', 2);
INSERT INTO product_features (variant_id, feature_text, sort_order) VALUES (212, 'SLA-backed governance and reporting', 3);
INSERT INTO product_features (variant_id, feature_text, sort_order) VALUES (212, 'Phased delivery and milestone tracking', 4);
INSERT INTO product_tags (variant_id, tag_name) VALUES (212, 'bundle');
INSERT INTO product_tags (variant_id, tag_name) VALUES (212, 'transformation');
INSERT INTO product_tags (variant_id, tag_name) VALUES (212, 'high-impact');
INSERT INTO product_tags (variant_id, tag_name) VALUES (212, 'operations');
INSERT INTO product_timeline_milestones (variant_id, milestone_text, sort_order) VALUES (212, 'Phase 1: Discovery & Alignment', 0);
INSERT INTO product_timeline_milestones (variant_id, milestone_text, sort_order) VALUES (212, 'Phase 2: Execution', 1);
INSERT INTO product_timeline_milestones (variant_id, milestone_text, sort_order) VALUES (212, 'Phase 3: Governance & Review', 2);
INSERT INTO product_timeline_milestones (variant_id, milestone_text, sort_order) VALUES (212, 'Phase 4: Operational Handover', 3);
INSERT INTO product_variants (id, product_id, sku, slug, variant_name, service_type_id, duration_display, duration_weeks_min, duration_weeks_max, delivery_complexity, implementation_model, badge, positioning, is_default_variant, status) VALUES (216, 3, 'SEC-BUN-216', 'governance-risk-compliance-high-impact-transformation-bundle-216', 'Transformation Bundle', 'bundle', '16-24 Weeks', 16, 24, 'high', 'TMaaS Managed Delivery', 'Bundle', '(High-Impact) Positioning Strategy', false, 'published');
INSERT INTO marketplace_listings (id, merchant_id, variant_id, listing_status, purchasability, popularity_score) VALUES (19, 1, 216, 'active', 'request_quote', 200);
INSERT INTO variant_prices (listing_id, price_type, amount, price_display, billing_period, is_current) VALUES (19, 'custom_floor', NULL, 'Custom', 'one_time', true);
INSERT INTO product_content (variant_id, description, positioning) VALUES (216, 'End-to-end transformation bundle for Governance, Risk & Compliance.', '(High-Impact) Positioning Strategy');
INSERT INTO product_features (variant_id, feature_text, sort_order) VALUES (216, 'Includes Design, AI Design, Implementation, AI Implementation, and Managed Services', 0);
INSERT INTO product_features (variant_id, feature_text, sort_order) VALUES (216, 'Architecture alignment', 1);
INSERT INTO product_features (variant_id, feature_text, sort_order) VALUES (216, 'Dedicated TMaaS specialist team', 2);
INSERT INTO product_features (variant_id, feature_text, sort_order) VALUES (216, 'SLA-backed governance and reporting', 3);
INSERT INTO product_features (variant_id, feature_text, sort_order) VALUES (216, 'Phased delivery and milestone tracking', 4);
INSERT INTO product_tags (variant_id, tag_name) VALUES (216, 'bundle');
INSERT INTO product_tags (variant_id, tag_name) VALUES (216, 'transformation');
INSERT INTO product_tags (variant_id, tag_name) VALUES (216, 'high-impact');
INSERT INTO product_tags (variant_id, tag_name) VALUES (216, 'security');
INSERT INTO product_timeline_milestones (variant_id, milestone_text, sort_order) VALUES (216, 'Phase 1: Discovery & Alignment', 0);
INSERT INTO product_timeline_milestones (variant_id, milestone_text, sort_order) VALUES (216, 'Phase 2: Execution', 1);
INSERT INTO product_timeline_milestones (variant_id, milestone_text, sort_order) VALUES (216, 'Phase 3: Governance & Review', 2);
INSERT INTO product_timeline_milestones (variant_id, milestone_text, sort_order) VALUES (216, 'Phase 4: Operational Handover', 3);
INSERT INTO product_variants (id, product_id, sku, slug, variant_name, service_type_id, duration_display, duration_weeks_min, duration_weeks_max, delivery_complexity, implementation_model, badge, positioning, is_default_variant, status) VALUES (219, 4, 'AI-BUN-219', 'enterprise-data-platform-high-impact-transformation-bundle-219', 'Transformation Bundle', 'bundle', '16-24 Weeks', 16, 24, 'high', 'TMaaS Managed Delivery', 'Bundle', '(High-Impact) Positioning Strategy', false, 'published');
INSERT INTO marketplace_listings (id, merchant_id, variant_id, listing_status, purchasability, popularity_score) VALUES (20, 1, 219, 'active', 'request_quote', 200);
INSERT INTO variant_prices (listing_id, price_type, amount, price_display, billing_period, is_current) VALUES (20, 'custom_floor', NULL, 'Custom', 'one_time', true);
INSERT INTO product_content (variant_id, description, positioning) VALUES (219, 'End-to-end transformation bundle for Enterprise Data Platform.', '(High-Impact) Positioning Strategy');
INSERT INTO product_features (variant_id, feature_text, sort_order) VALUES (219, 'Includes Design, AI Design, Implementation, AI Implementation, and Managed Services', 0);
INSERT INTO product_features (variant_id, feature_text, sort_order) VALUES (219, 'Architecture alignment', 1);
INSERT INTO product_features (variant_id, feature_text, sort_order) VALUES (219, 'Dedicated TMaaS specialist team', 2);
INSERT INTO product_features (variant_id, feature_text, sort_order) VALUES (219, 'SLA-backed governance and reporting', 3);
INSERT INTO product_features (variant_id, feature_text, sort_order) VALUES (219, 'Phased delivery and milestone tracking', 4);
INSERT INTO product_tags (variant_id, tag_name) VALUES (219, 'bundle');
INSERT INTO product_tags (variant_id, tag_name) VALUES (219, 'transformation');
INSERT INTO product_tags (variant_id, tag_name) VALUES (219, 'high-impact');
INSERT INTO product_tags (variant_id, tag_name) VALUES (219, 'data');
INSERT INTO product_timeline_milestones (variant_id, milestone_text, sort_order) VALUES (219, 'Phase 1: Discovery & Alignment', 0);
INSERT INTO product_timeline_milestones (variant_id, milestone_text, sort_order) VALUES (219, 'Phase 2: Execution', 1);
INSERT INTO product_timeline_milestones (variant_id, milestone_text, sort_order) VALUES (219, 'Phase 3: Governance & Review', 2);
INSERT INTO product_timeline_milestones (variant_id, milestone_text, sort_order) VALUES (219, 'Phase 4: Operational Handover', 3);
INSERT INTO bundle_items (bundle_variant_id, included_variant_id, sort_order) VALUES (203, 2, 0) ON CONFLICT DO NOTHING;
INSERT INTO bundle_items (bundle_variant_id, included_variant_id, sort_order) VALUES (203, 3, 1) ON CONFLICT DO NOTHING;
INSERT INTO bundle_items (bundle_variant_id, included_variant_id, sort_order) VALUES (203, 4, 2) ON CONFLICT DO NOTHING;
INSERT INTO bundle_items (bundle_variant_id, included_variant_id, sort_order) VALUES (203, 6, 3) ON CONFLICT DO NOTHING;
INSERT INTO bundle_items (bundle_variant_id, included_variant_id, sort_order) VALUES (212, 56, 0) ON CONFLICT DO NOTHING;
INSERT INTO bundle_items (bundle_variant_id, included_variant_id, sort_order) VALUES (212, 57, 1) ON CONFLICT DO NOTHING;
INSERT INTO bundle_items (bundle_variant_id, included_variant_id, sort_order) VALUES (212, 58, 2) ON CONFLICT DO NOTHING;
INSERT INTO bundle_items (bundle_variant_id, included_variant_id, sort_order) VALUES (216, 86, 0) ON CONFLICT DO NOTHING;
INSERT INTO bundle_items (bundle_variant_id, included_variant_id, sort_order) VALUES (216, 88, 1) ON CONFLICT DO NOTHING;
INSERT INTO bundle_items (bundle_variant_id, included_variant_id, sort_order) VALUES (219, 104, 0) ON CONFLICT DO NOTHING;
INSERT INTO bundle_items (bundle_variant_id, included_variant_id, sort_order) VALUES (219, 106, 1) ON CONFLICT DO NOTHING;
INSERT INTO bundle_items (bundle_variant_id, included_variant_id, sort_order) VALUES (219, 108, 2) ON CONFLICT DO NOTHING;
INSERT INTO deploy_modules (variant_id, name, sort_order) VALUES (4, 'Website CMS', 0);
INSERT INTO deploy_module_features (module_id, feature_text, sort_order) SELECT id, 'Page management', 0 FROM deploy_modules WHERE variant_id = 4 AND name = 'Website CMS' LIMIT 1;
INSERT INTO deploy_module_features (module_id, feature_text, sort_order) SELECT id, 'Component-based content editing', 1 FROM deploy_modules WHERE variant_id = 4 AND name = 'Website CMS' LIMIT 1;
INSERT INTO deploy_module_features (module_id, feature_text, sort_order) SELECT id, 'Multi-site management', 2 FROM deploy_modules WHERE variant_id = 4 AND name = 'Website CMS' LIMIT 1;
INSERT INTO deploy_module_features (module_id, feature_text, sort_order) SELECT id, 'Media library', 3 FROM deploy_modules WHERE variant_id = 4 AND name = 'Website CMS' LIMIT 1;
INSERT INTO deploy_module_features (module_id, feature_text, sort_order) SELECT id, 'Content approval workflows', 4 FROM deploy_modules WHERE variant_id = 4 AND name = 'Website CMS' LIMIT 1;
INSERT INTO deploy_modules (variant_id, name, sort_order) VALUES (4, 'Digital Experience Portal', 1);
INSERT INTO deploy_module_features (module_id, feature_text, sort_order) SELECT id, 'Personalised landing pages', 0 FROM deploy_modules WHERE variant_id = 4 AND name = 'Digital Experience Portal' LIMIT 1;
INSERT INTO deploy_module_features (module_id, feature_text, sort_order) SELECT id, 'Customer dashboards', 1 FROM deploy_modules WHERE variant_id = 4 AND name = 'Digital Experience Portal' LIMIT 1;
INSERT INTO deploy_module_features (module_id, feature_text, sort_order) SELECT id, 'Portal navigation management', 2 FROM deploy_modules WHERE variant_id = 4 AND name = 'Digital Experience Portal' LIMIT 1;
INSERT INTO deploy_module_features (module_id, feature_text, sort_order) SELECT id, 'Role-based access', 3 FROM deploy_modules WHERE variant_id = 4 AND name = 'Digital Experience Portal' LIMIT 1;
INSERT INTO deploy_module_features (module_id, feature_text, sort_order) SELECT id, 'Multi-device responsiveness', 4 FROM deploy_modules WHERE variant_id = 4 AND name = 'Digital Experience Portal' LIMIT 1;
INSERT INTO deploy_modules (variant_id, name, sort_order) VALUES (4, 'Content Publishing Engine', 2);
INSERT INTO deploy_module_features (module_id, feature_text, sort_order) SELECT id, 'Scheduled publishing', 0 FROM deploy_modules WHERE variant_id = 4 AND name = 'Content Publishing Engine' LIMIT 1;
INSERT INTO deploy_module_features (module_id, feature_text, sort_order) SELECT id, 'Draft/version management', 1 FROM deploy_modules WHERE variant_id = 4 AND name = 'Content Publishing Engine' LIMIT 1;
INSERT INTO deploy_module_features (module_id, feature_text, sort_order) SELECT id, 'Content localisation', 2 FROM deploy_modules WHERE variant_id = 4 AND name = 'Content Publishing Engine' LIMIT 1;
INSERT INTO deploy_module_features (module_id, feature_text, sort_order) SELECT id, 'Campaign publishing', 3 FROM deploy_modules WHERE variant_id = 4 AND name = 'Content Publishing Engine' LIMIT 1;
INSERT INTO deploy_module_features (module_id, feature_text, sort_order) SELECT id, 'Dynamic content rendering', 4 FROM deploy_modules WHERE variant_id = 4 AND name = 'Content Publishing Engine' LIMIT 1;
INSERT INTO deploy_modules (variant_id, name, sort_order) VALUES (4, 'SEO & Performance Suite', 3);
INSERT INTO deploy_module_features (module_id, feature_text, sort_order) SELECT id, 'SEO optimisation', 0 FROM deploy_modules WHERE variant_id = 4 AND name = 'SEO & Performance Suite' LIMIT 1;
INSERT INTO deploy_module_features (module_id, feature_text, sort_order) SELECT id, 'Metadata management', 1 FROM deploy_modules WHERE variant_id = 4 AND name = 'SEO & Performance Suite' LIMIT 1;
INSERT INTO deploy_module_features (module_id, feature_text, sort_order) SELECT id, 'Performance monitoring', 2 FROM deploy_modules WHERE variant_id = 4 AND name = 'SEO & Performance Suite' LIMIT 1;
INSERT INTO deploy_module_features (module_id, feature_text, sort_order) SELECT id, 'Accessibility compliance', 3 FROM deploy_modules WHERE variant_id = 4 AND name = 'SEO & Performance Suite' LIMIT 1;
INSERT INTO deploy_module_features (module_id, feature_text, sort_order) SELECT id, 'Search indexing', 4 FROM deploy_modules WHERE variant_id = 4 AND name = 'SEO & Performance Suite' LIMIT 1;
INSERT INTO deploy_modules (variant_id, name, sort_order) VALUES (4, 'Customer Interaction Layer', 4);
INSERT INTO deploy_module_features (module_id, feature_text, sort_order) SELECT id, 'Live chat integration', 0 FROM deploy_modules WHERE variant_id = 4 AND name = 'Customer Interaction Layer' LIMIT 1;
INSERT INTO deploy_module_features (module_id, feature_text, sort_order) SELECT id, 'Contact forms', 1 FROM deploy_modules WHERE variant_id = 4 AND name = 'Customer Interaction Layer' LIMIT 1;
INSERT INTO deploy_module_features (module_id, feature_text, sort_order) SELECT id, 'CTA management', 2 FROM deploy_modules WHERE variant_id = 4 AND name = 'Customer Interaction Layer' LIMIT 1;
INSERT INTO deploy_module_features (module_id, feature_text, sort_order) SELECT id, 'Customer feedback capture', 3 FROM deploy_modules WHERE variant_id = 4 AND name = 'Customer Interaction Layer' LIMIT 1;
INSERT INTO deploy_module_features (module_id, feature_text, sort_order) SELECT id, 'Session tracking', 4 FROM deploy_modules WHERE variant_id = 4 AND name = 'Customer Interaction Layer' LIMIT 1;
INSERT INTO deploy_modules (variant_id, name, sort_order) VALUES (4, 'Forms & Conversion Engine', 5);
INSERT INTO deploy_module_features (module_id, feature_text, sort_order) SELECT id, 'Digital forms', 0 FROM deploy_modules WHERE variant_id = 4 AND name = 'Forms & Conversion Engine' LIMIT 1;
INSERT INTO deploy_module_features (module_id, feature_text, sort_order) SELECT id, 'Lead capture', 1 FROM deploy_modules WHERE variant_id = 4 AND name = 'Forms & Conversion Engine' LIMIT 1;
INSERT INTO deploy_module_features (module_id, feature_text, sort_order) SELECT id, 'Form validation', 2 FROM deploy_modules WHERE variant_id = 4 AND name = 'Forms & Conversion Engine' LIMIT 1;
INSERT INTO deploy_module_features (module_id, feature_text, sort_order) SELECT id, 'Workflow routing', 3 FROM deploy_modules WHERE variant_id = 4 AND name = 'Forms & Conversion Engine' LIMIT 1;
INSERT INTO deploy_module_features (module_id, feature_text, sort_order) SELECT id, 'Conversion analytics', 4 FROM deploy_modules WHERE variant_id = 4 AND name = 'Forms & Conversion Engine' LIMIT 1;
INSERT INTO deploy_modules (variant_id, name, sort_order) VALUES (58, 'Collaboration Workspace', 0);
INSERT INTO deploy_module_features (module_id, feature_text, sort_order) SELECT id, 'Team workspaces', 0 FROM deploy_modules WHERE variant_id = 58 AND name = 'Collaboration Workspace' LIMIT 1;
INSERT INTO deploy_module_features (module_id, feature_text, sort_order) SELECT id, 'File collaboration', 1 FROM deploy_modules WHERE variant_id = 58 AND name = 'Collaboration Workspace' LIMIT 1;
INSERT INTO deploy_module_features (module_id, feature_text, sort_order) SELECT id, 'Shared calendars', 2 FROM deploy_modules WHERE variant_id = 58 AND name = 'Collaboration Workspace' LIMIT 1;
INSERT INTO deploy_module_features (module_id, feature_text, sort_order) SELECT id, 'Meeting integration', 3 FROM deploy_modules WHERE variant_id = 58 AND name = 'Collaboration Workspace' LIMIT 1;
INSERT INTO deploy_module_features (module_id, feature_text, sort_order) SELECT id, 'Workspace permissions', 4 FROM deploy_modules WHERE variant_id = 58 AND name = 'Collaboration Workspace' LIMIT 1;
INSERT INTO deploy_modules (variant_id, name, sort_order) VALUES (58, 'Employee Communication Hub', 1);
INSERT INTO deploy_module_features (module_id, feature_text, sort_order) SELECT id, 'Announcements', 0 FROM deploy_modules WHERE variant_id = 58 AND name = 'Employee Communication Hub' LIMIT 1;
INSERT INTO deploy_module_features (module_id, feature_text, sort_order) SELECT id, 'Internal messaging', 1 FROM deploy_modules WHERE variant_id = 58 AND name = 'Employee Communication Hub' LIMIT 1;
INSERT INTO deploy_module_features (module_id, feature_text, sort_order) SELECT id, 'Employee engagement feeds', 2 FROM deploy_modules WHERE variant_id = 58 AND name = 'Employee Communication Hub' LIMIT 1;
INSERT INTO deploy_module_features (module_id, feature_text, sort_order) SELECT id, 'Notifications', 3 FROM deploy_modules WHERE variant_id = 58 AND name = 'Employee Communication Hub' LIMIT 1;
INSERT INTO deploy_module_features (module_id, feature_text, sort_order) SELECT id, 'Broadcast communications', 4 FROM deploy_modules WHERE variant_id = 58 AND name = 'Employee Communication Hub' LIMIT 1;
INSERT INTO deploy_modules (variant_id, name, sort_order) VALUES (58, 'Knowledge Workspace', 2);
INSERT INTO deploy_module_features (module_id, feature_text, sort_order) SELECT id, 'Knowledge repositories', 0 FROM deploy_modules WHERE variant_id = 58 AND name = 'Knowledge Workspace' LIMIT 1;
INSERT INTO deploy_module_features (module_id, feature_text, sort_order) SELECT id, 'Document management', 1 FROM deploy_modules WHERE variant_id = 58 AND name = 'Knowledge Workspace' LIMIT 1;
INSERT INTO deploy_module_features (module_id, feature_text, sort_order) SELECT id, 'Search capabilities', 2 FROM deploy_modules WHERE variant_id = 58 AND name = 'Knowledge Workspace' LIMIT 1;
INSERT INTO deploy_module_features (module_id, feature_text, sort_order) SELECT id, 'Knowledge sharing', 3 FROM deploy_modules WHERE variant_id = 58 AND name = 'Knowledge Workspace' LIMIT 1;
INSERT INTO deploy_module_features (module_id, feature_text, sort_order) SELECT id, 'Content governance', 4 FROM deploy_modules WHERE variant_id = 58 AND name = 'Knowledge Workspace' LIMIT 1;
INSERT INTO deploy_modules (variant_id, name, sort_order) VALUES (58, 'Task & Activity Management', 3);
INSERT INTO deploy_module_features (module_id, feature_text, sort_order) SELECT id, 'Task assignment', 0 FROM deploy_modules WHERE variant_id = 58 AND name = 'Task & Activity Management' LIMIT 1;
INSERT INTO deploy_module_features (module_id, feature_text, sort_order) SELECT id, 'Workflow tracking', 1 FROM deploy_modules WHERE variant_id = 58 AND name = 'Task & Activity Management' LIMIT 1;
INSERT INTO deploy_module_features (module_id, feature_text, sort_order) SELECT id, 'Activity monitoring', 2 FROM deploy_modules WHERE variant_id = 58 AND name = 'Task & Activity Management' LIMIT 1;
INSERT INTO deploy_module_features (module_id, feature_text, sort_order) SELECT id, 'Team coordination', 3 FROM deploy_modules WHERE variant_id = 58 AND name = 'Task & Activity Management' LIMIT 1;
INSERT INTO deploy_module_features (module_id, feature_text, sort_order) SELECT id, 'Productivity tracking', 4 FROM deploy_modules WHERE variant_id = 58 AND name = 'Task & Activity Management' LIMIT 1;
INSERT INTO deploy_modules (variant_id, name, sort_order) VALUES (58, 'Workplace Analytics', 4);
INSERT INTO deploy_module_features (module_id, feature_text, sort_order) SELECT id, 'Usage reporting', 0 FROM deploy_modules WHERE variant_id = 58 AND name = 'Workplace Analytics' LIMIT 1;
INSERT INTO deploy_module_features (module_id, feature_text, sort_order) SELECT id, 'Collaboration analytics', 1 FROM deploy_modules WHERE variant_id = 58 AND name = 'Workplace Analytics' LIMIT 1;
INSERT INTO deploy_module_features (module_id, feature_text, sort_order) SELECT id, 'Engagement insights', 2 FROM deploy_modules WHERE variant_id = 58 AND name = 'Workplace Analytics' LIMIT 1;
INSERT INTO deploy_module_features (module_id, feature_text, sort_order) SELECT id, 'Productivity dashboards', 3 FROM deploy_modules WHERE variant_id = 58 AND name = 'Workplace Analytics' LIMIT 1;
INSERT INTO deploy_module_features (module_id, feature_text, sort_order) SELECT id, 'Adoption monitoring', 4 FROM deploy_modules WHERE variant_id = 58 AND name = 'Workplace Analytics' LIMIT 1;
INSERT INTO deploy_modules (variant_id, name, sort_order) VALUES (106, 'Data Integration Platform', 0);
INSERT INTO deploy_module_features (module_id, feature_text, sort_order) SELECT id, 'ETL/ELT pipelines', 0 FROM deploy_modules WHERE variant_id = 106 AND name = 'Data Integration Platform' LIMIT 1;
INSERT INTO deploy_module_features (module_id, feature_text, sort_order) SELECT id, 'API integrations', 1 FROM deploy_modules WHERE variant_id = 106 AND name = 'Data Integration Platform' LIMIT 1;
INSERT INTO deploy_module_features (module_id, feature_text, sort_order) SELECT id, 'Data synchronisation', 2 FROM deploy_modules WHERE variant_id = 106 AND name = 'Data Integration Platform' LIMIT 1;
INSERT INTO deploy_module_features (module_id, feature_text, sort_order) SELECT id, 'Batch processing', 3 FROM deploy_modules WHERE variant_id = 106 AND name = 'Data Integration Platform' LIMIT 1;
INSERT INTO deploy_module_features (module_id, feature_text, sort_order) SELECT id, 'Real-time streaming', 4 FROM deploy_modules WHERE variant_id = 106 AND name = 'Data Integration Platform' LIMIT 1;
INSERT INTO deploy_modules (variant_id, name, sort_order) VALUES (106, 'Data Governance Hub', 1);
INSERT INTO deploy_module_features (module_id, feature_text, sort_order) SELECT id, 'Data catalogues', 0 FROM deploy_modules WHERE variant_id = 106 AND name = 'Data Governance Hub' LIMIT 1;
INSERT INTO deploy_module_features (module_id, feature_text, sort_order) SELECT id, 'Data lineage', 1 FROM deploy_modules WHERE variant_id = 106 AND name = 'Data Governance Hub' LIMIT 1;
INSERT INTO deploy_module_features (module_id, feature_text, sort_order) SELECT id, 'Access controls', 2 FROM deploy_modules WHERE variant_id = 106 AND name = 'Data Governance Hub' LIMIT 1;
INSERT INTO deploy_module_features (module_id, feature_text, sort_order) SELECT id, 'Data quality monitoring', 3 FROM deploy_modules WHERE variant_id = 106 AND name = 'Data Governance Hub' LIMIT 1;
INSERT INTO deploy_module_features (module_id, feature_text, sort_order) SELECT id, 'Governance workflows', 4 FROM deploy_modules WHERE variant_id = 106 AND name = 'Data Governance Hub' LIMIT 1;
INSERT INTO deploy_modules (variant_id, name, sort_order) VALUES (106, 'Data Warehouse', 2);
INSERT INTO deploy_module_features (module_id, feature_text, sort_order) SELECT id, 'Centralised storage', 0 FROM deploy_modules WHERE variant_id = 106 AND name = 'Data Warehouse' LIMIT 1;
INSERT INTO deploy_module_features (module_id, feature_text, sort_order) SELECT id, 'Data modelling', 1 FROM deploy_modules WHERE variant_id = 106 AND name = 'Data Warehouse' LIMIT 1;
INSERT INTO deploy_module_features (module_id, feature_text, sort_order) SELECT id, 'Query optimisation', 2 FROM deploy_modules WHERE variant_id = 106 AND name = 'Data Warehouse' LIMIT 1;
INSERT INTO deploy_module_features (module_id, feature_text, sort_order) SELECT id, 'Historical data management', 3 FROM deploy_modules WHERE variant_id = 106 AND name = 'Data Warehouse' LIMIT 1;
INSERT INTO deploy_module_features (module_id, feature_text, sort_order) SELECT id, 'Data partitioning', 4 FROM deploy_modules WHERE variant_id = 106 AND name = 'Data Warehouse' LIMIT 1;
INSERT INTO deploy_modules (variant_id, name, sort_order) VALUES (106, 'Master Data Management', 3);
INSERT INTO deploy_module_features (module_id, feature_text, sort_order) SELECT id, 'Golden record management', 0 FROM deploy_modules WHERE variant_id = 106 AND name = 'Master Data Management' LIMIT 1;
INSERT INTO deploy_module_features (module_id, feature_text, sort_order) SELECT id, 'Data standardisation', 1 FROM deploy_modules WHERE variant_id = 106 AND name = 'Master Data Management' LIMIT 1;
INSERT INTO deploy_module_features (module_id, feature_text, sort_order) SELECT id, 'Duplicate management', 2 FROM deploy_modules WHERE variant_id = 106 AND name = 'Master Data Management' LIMIT 1;
INSERT INTO deploy_module_features (module_id, feature_text, sort_order) SELECT id, 'Entity resolution', 3 FROM deploy_modules WHERE variant_id = 106 AND name = 'Master Data Management' LIMIT 1;
INSERT INTO deploy_module_features (module_id, feature_text, sort_order) SELECT id, 'Reference data management', 4 FROM deploy_modules WHERE variant_id = 106 AND name = 'Master Data Management' LIMIT 1;
INSERT INTO deploy_modules (variant_id, name, sort_order) VALUES (106, 'Data Analytics Workspace', 4);
INSERT INTO deploy_module_features (module_id, feature_text, sort_order) SELECT id, 'Query workspaces', 0 FROM deploy_modules WHERE variant_id = 106 AND name = 'Data Analytics Workspace' LIMIT 1;
INSERT INTO deploy_module_features (module_id, feature_text, sort_order) SELECT id, 'Data exploration', 1 FROM deploy_modules WHERE variant_id = 106 AND name = 'Data Analytics Workspace' LIMIT 1;
INSERT INTO deploy_module_features (module_id, feature_text, sort_order) SELECT id, 'Visual analytics', 2 FROM deploy_modules WHERE variant_id = 106 AND name = 'Data Analytics Workspace' LIMIT 1;
INSERT INTO deploy_module_features (module_id, feature_text, sort_order) SELECT id, 'Dashboard publishing', 3 FROM deploy_modules WHERE variant_id = 106 AND name = 'Data Analytics Workspace' LIMIT 1;
INSERT INTO deploy_module_features (module_id, feature_text, sort_order) SELECT id, 'Collaborative analytics', 4 FROM deploy_modules WHERE variant_id = 106 AND name = 'Data Analytics Workspace' LIMIT 1;
INSERT INTO listing_placements (listing_id, placement, category_id, rank) VALUES (17, 'best_seller', NULL, 0);
INSERT INTO listing_placements (listing_id, placement, category_id, rank) VALUES (18, 'best_seller', NULL, 1);
INSERT INTO listing_placements (listing_id, placement, category_id, rank) VALUES (19, 'best_seller', NULL, 2);
INSERT INTO listing_placements (listing_id, placement, category_id, rank) VALUES (20, 'best_seller', NULL, 3);
INSERT INTO listing_placements (listing_id, placement, category_id, rank) VALUES (17, 'best_seller', 'experience', 0);
INSERT INTO listing_placements (listing_id, placement, category_id, rank) VALUES (1, 'best_seller', 'experience', 1);
INSERT INTO listing_placements (listing_id, placement, category_id, rank) VALUES (2, 'best_seller', 'experience', 2);
INSERT INTO listing_placements (listing_id, placement, category_id, rank) VALUES (3, 'best_seller', 'experience', 3);
INSERT INTO listing_placements (listing_id, placement, category_id, rank) VALUES (18, 'best_seller', 'operations', 0);
INSERT INTO listing_placements (listing_id, placement, category_id, rank) VALUES (6, 'best_seller', 'operations', 1);
INSERT INTO listing_placements (listing_id, placement, category_id, rank) VALUES (7, 'best_seller', 'operations', 2);
INSERT INTO listing_placements (listing_id, placement, category_id, rank) VALUES (8, 'best_seller', 'operations', 3);
INSERT INTO listing_placements (listing_id, placement, category_id, rank) VALUES (19, 'best_seller', 'security', 0);
INSERT INTO listing_placements (listing_id, placement, category_id, rank) VALUES (10, 'best_seller', 'security', 1);
INSERT INTO listing_placements (listing_id, placement, category_id, rank) VALUES (11, 'best_seller', 'security', 2);
INSERT INTO listing_placements (listing_id, placement, category_id, rank) VALUES (12, 'best_seller', 'security', 3);
INSERT INTO listing_placements (listing_id, placement, category_id, rank) VALUES (20, 'best_seller', 'ai', 0);
INSERT INTO listing_placements (listing_id, placement, category_id, rank) VALUES (13, 'best_seller', 'ai', 1);
INSERT INTO listing_placements (listing_id, placement, category_id, rank) VALUES (14, 'best_seller', 'ai', 2);
INSERT INTO listing_placements (listing_id, placement, category_id, rank) VALUES (15, 'best_seller', 'ai', 3);
SELECT reset_catalog_sequences();
SELECT refresh_product_search_index();
COMMIT;