INSERT INTO product_variants (id, product_id, sku, slug, variant_name, service_type_id, duration_display, duration_weeks_min, duration_weeks_max, delivery_complexity, implementation_model, badge, positioning, is_default_variant, status) VALUES (86, 3, 'SEC-DES-86', 'governance-risk-compliance-high-impact-design-86', 'Design', 'design', '4 Weeks', 4, 4, 'high', 'TMaaS Managed Delivery', 'Design', '(High-Impact) Positioning Strategy', false, 'published');
INSERT INTO marketplace_listings (id, merchant_id, variant_id, listing_status, purchasability, popularity_score) VALUES (11, 1, 86, 'active', 'buy_now', 99);
INSERT INTO variant_prices (listing_id, price_type, amount, price_display, billing_period, is_current) VALUES (11, 'from', 1000, 'From $1,000', 'one_time', true);
INSERT INTO product_content (variant_id, description, positioning) VALUES (86, 'Design of governance frameworks, compliance operating models, risk management workflows, control structures, and assurance environments.', '(High-Impact) Positioning Strategy');
INSERT INTO product_features (variant_id, feature_text, sort_order) VALUES (86, 'Architecture alignment for Governance, Risk & Compliance (High-Impact)', 0);
INSERT INTO product_features (variant_id, feature_text, sort_order) VALUES (86, 'Dedicated TMaaS specialist team', 1);
INSERT INTO product_features (variant_id, feature_text, sort_order) VALUES (86, 'SLA-backed governance and reporting', 2);
INSERT INTO product_features (variant_id, feature_text, sort_order) VALUES (86, 'Phased delivery and milestone tracking', 3);
INSERT INTO product_tags (variant_id, tag_name) VALUES (86, 'security');
INSERT INTO product_tags (variant_id, tag_name) VALUES (86, 'design');
INSERT INTO product_tags (variant_id, tag_name) VALUES (86, 'transformation');
INSERT INTO product_tags (variant_id, tag_name) VALUES (86, 'high-impact');
INSERT INTO product_timeline_milestones (variant_id, milestone_text, sort_order) VALUES (86, 'Phase 1: Discovery & Alignment', 0);
INSERT INTO product_timeline_milestones (variant_id, milestone_text, sort_order) VALUES (86, 'Phase 2: Execution', 1);
INSERT INTO product_timeline_milestones (variant_id, milestone_text, sort_order) VALUES (86, 'Phase 3: Governance & Review', 2);
INSERT INTO product_timeline_milestones (variant_id, milestone_text, sort_order) VALUES (86, 'Phase 4: Operational Handover', 3);
INSERT INTO product_variants (id, product_id, sku, slug, variant_name, service_type_id, duration_display, duration_weeks_min, duration_weeks_max, delivery_complexity, implementation_model, badge, positioning, is_default_variant, status) VALUES (88, 3, 'SEC-DEP-88', 'governance-risk-compliance-high-impact-implementation-88', 'Implementation', 'deploy', '12 Weeks', 12, 12, 'high', 'TMaaS Managed Delivery', 'Deploy', '(High-Impact) Positioning Strategy', false, 'published');
INSERT INTO marketplace_listings (id, merchant_id, variant_id, listing_status, purchasability, popularity_score) VALUES (12, 1, 88, 'active', 'request_quote', 97);
INSERT INTO variant_prices (listing_id, price_type, amount, price_display, billing_period, is_current) VALUES (12, 'custom_floor', NULL, 'Custom', 'one_time', true);
INSERT INTO product_content (variant_id, description, positioning) VALUES (88, 'Deployment and implementation of governance platforms, compliance systems, operational control environments, and enterprise assurance frameworks.', '(High-Impact) Positioning Strategy');
INSERT INTO product_features (variant_id, feature_text, sort_order) VALUES (88, 'Architecture alignment for Governance, Risk & Compliance (High-Impact)', 0);
INSERT INTO product_features (variant_id, feature_text, sort_order) VALUES (88, 'Dedicated TMaaS specialist team', 1);
INSERT INTO product_features (variant_id, feature_text, sort_order) VALUES (88, 'SLA-backed governance and reporting', 2);
INSERT INTO product_features (variant_id, feature_text, sort_order) VALUES (88, 'Phased delivery and milestone tracking', 3);
INSERT INTO product_tags (variant_id, tag_name) VALUES (88, 'security');
INSERT INTO product_tags (variant_id, tag_name) VALUES (88, 'deploy');
INSERT INTO product_tags (variant_id, tag_name) VALUES (88, 'transformation');
INSERT INTO product_tags (variant_id, tag_name) VALUES (88, 'high-impact');
INSERT INTO product_timeline_milestones (variant_id, milestone_text, sort_order) VALUES (88, 'Phase 1: Discovery & Alignment', 0);
INSERT INTO product_timeline_milestones (variant_id, milestone_text, sort_order) VALUES (88, 'Phase 2: Execution', 1);
INSERT INTO product_timeline_milestones (variant_id, milestone_text, sort_order) VALUES (88, 'Phase 3: Governance & Review', 2);
INSERT INTO product_timeline_milestones (variant_id, milestone_text, sort_order) VALUES (88, 'Phase 4: Operational Handover', 3);
INSERT INTO products (id, slug, title, short_description, collection_id, is_high_impact, audience, industry_relevance, department, business_impact, status) VALUES (4, 'enterprise-data-platform-high-impact', 'Enterprise Data Platform (High-Impact)', 'Assessment of enterprise data maturity, governance capabilities, operational data quality, platform readiness, and data transformation opportunities.', 'ai', true, 'Enterprise & Mid-Market', 'Cross-Industry', 'IT & Transformation', 'Significant operational improvements and risk reduction.', 'published');
INSERT INTO product_category_map (product_id, category_id) VALUES (4, 'modernise-technology') ON CONFLICT DO NOTHING;
INSERT INTO product_category_map (product_id, category_id) VALUES (4, 'improve-operations') ON CONFLICT DO NOTHING;
INSERT INTO product_variants (id, product_id, sku, slug, variant_name, service_type_id, duration_display, duration_weeks_min, duration_weeks_max, delivery_complexity, implementation_model, badge, positioning, is_default_variant, status) VALUES (103, 4, 'AI-ADV-103', 'enterprise-data-platform-high-impact-assess-103', 'Assess', 'advisory', '1 Week', 1, 1, 'medium', 'TMaaS Managed Delivery', 'Advisory', '(High-Impact) Positioning Strategy', true, 'published');
INSERT INTO marketplace_listings (id, merchant_id, variant_id, listing_status, purchasability, popularity_score) VALUES (13, 1, 103, 'active', 'free', 100);
INSERT INTO variant_prices (listing_id, price_type, amount, price_display, billing_period, is_current) VALUES (13, 'list', 0, 'Free', 'one_time', true);
INSERT INTO product_content (variant_id, description, positioning) VALUES (103, 'Assessment of enterprise data maturity, governance capabilities, operational data quality, platform readiness, and data transformation opportunities.', '(High-Impact) Positioning Strategy');
INSERT INTO product_features (variant_id, feature_text, sort_order) VALUES (103, 'Architecture alignment for Enterprise Data Platform (High-Impact)', 0);
INSERT INTO product_features (variant_id, feature_text, sort_order) VALUES (103, 'Dedicated TMaaS specialist team', 1);
INSERT INTO product_features (variant_id, feature_text, sort_order) VALUES (103, 'SLA-backed governance and reporting', 2);
INSERT INTO product_features (variant_id, feature_text, sort_order) VALUES (103, 'Phased delivery and milestone tracking', 3);
INSERT INTO product_tags (variant_id, tag_name) VALUES (103, 'data');
INSERT INTO product_tags (variant_id, tag_name) VALUES (103, 'advisory');
INSERT INTO product_tags (variant_id, tag_name) VALUES (103, 'transformation');
INSERT INTO product_tags (variant_id, tag_name) VALUES (103, 'high-impact');
INSERT INTO product_timeline_milestones (variant_id, milestone_text, sort_order) VALUES (103, 'Phase 1: Discovery & Alignment', 0);
INSERT INTO product_timeline_milestones (variant_id, milestone_text, sort_order) VALUES (103, 'Phase 2: Execution', 1);
INSERT INTO product_timeline_milestones (variant_id, milestone_text, sort_order) VALUES (103, 'Phase 3: Governance & Review', 2);
INSERT INTO product_timeline_milestones (variant_id, milestone_text, sort_order) VALUES (103, 'Phase 4: Operational Handover', 3);
INSERT INTO product_variants (id, product_id, sku, slug, variant_name, service_type_id, duration_display, duration_weeks_min, duration_weeks_max, delivery_complexity, implementation_model, badge, positioning, is_default_variant, status) VALUES (104, 4, 'AI-DES-104', 'enterprise-data-platform-high-impact-design-104', 'Design', 'design', '4 Weeks', 4, 4, 'high', 'TMaaS Managed Delivery', 'Design', '(High-Impact) Positioning Strategy', false, 'published');
INSERT INTO marketplace_listings (id, merchant_id, variant_id, listing_status, purchasability, popularity_score) VALUES (14, 1, 104, 'active', 'buy_now', 99);
INSERT INTO variant_prices (listing_id, price_type, amount, price_display, billing_period, is_current) VALUES (14, 'from', 1000, 'From $1,000', 'one_time', true);
INSERT INTO product_content (variant_id, description, positioning) VALUES (104, 'Design of enterprise data architectures, governance frameworks, data pipelines, operational data models, and scalable data platform strategies.', '(High-Impact) Positioning Strategy');
INSERT INTO product_features (variant_id, feature_text, sort_order) VALUES (104, 'Architecture alignment for Enterprise Data Platform (High-Impact)', 0);
INSERT INTO product_features (variant_id, feature_text, sort_order) VALUES (104, 'Dedicated TMaaS specialist team', 1);
INSERT INTO product_features (variant_id, feature_text, sort_order) VALUES (104, 'SLA-backed governance and reporting', 2);
INSERT INTO product_features (variant_id, feature_text, sort_order) VALUES (104, 'Phased delivery and milestone tracking', 3);
INSERT INTO product_tags (variant_id, tag_name) VALUES (104, 'data');
INSERT INTO product_tags (variant_id, tag_name) VALUES (104, 'design');
INSERT INTO product_tags (variant_id, tag_name) VALUES (104, 'transformation');
INSERT INTO product_tags (variant_id, tag_name) VALUES (104, 'high-impact');
INSERT INTO product_timeline_milestones (variant_id, milestone_text, sort_order) VALUES (104, 'Phase 1: Discovery & Alignment', 0);
INSERT INTO product_timeline_milestones (variant_id, milestone_text, sort_order) VALUES (104, 'Phase 2: Execution', 1);
INSERT INTO product_timeline_milestones (variant_id, milestone_text, sort_order) VALUES (104, 'Phase 3: Governance & Review', 2);
INSERT INTO product_timeline_milestones (variant_id, milestone_text, sort_order) VALUES (104, 'Phase 4: Operational Handover', 3);
INSERT INTO product_variants (id, product_id, sku, slug, variant_name, service_type_id, duration_display, duration_weeks_min, duration_weeks_max, delivery_complexity, implementation_model, badge, positioning, is_default_variant, status) VALUES (106, 4, 'AI-DEP-106', 'enterprise-data-platform-high-impact-implementation-106', 'Implementation', 'deploy', '12 Weeks', 12, 12, 'high', 'TMaaS Managed Delivery', 'Deploy', '(High-Impact) Positioning Strategy', false, 'published');
INSERT INTO marketplace_listings (id, merchant_id, variant_id, listing_status, purchasability, popularity_score) VALUES (15, 1, 106, 'active', 'request_quote', 97);
INSERT INTO variant_prices (listing_id, price_type, amount, price_display, billing_period, is_current) VALUES (15, 'custom_floor', NULL, 'Custom', 'one_time', true);
INSERT INTO product_content (variant_id, description, positioning) VALUES (106, 'Deployment and implementation of enterprise data platforms, data pipelines, governance environments, operational data ecosystems, and scalable analytics foundations.', '(High-Impact) Positioning Strategy');
INSERT INTO product_features (variant_id, feature_text, sort_order) VALUES (106, 'Architecture alignment for Enterprise Data Platform (High-Impact)', 0);
INSERT INTO product_features (variant_id, feature_text, sort_order) VALUES (106, 'Dedicated TMaaS specialist team', 1);
INSERT INTO product_features (variant_id, feature_text, sort_order) VALUES (106, 'SLA-backed governance and reporting', 2);
INSERT INTO product_features (variant_id, feature_text, sort_order) VALUES (106, 'Phased delivery and milestone tracking', 3);
INSERT INTO product_tags (variant_id, tag_name) VALUES (106, 'data');
INSERT INTO product_tags (variant_id, tag_name) VALUES (106, 'deploy');
INSERT INTO product_tags (variant_id, tag_name) VALUES (106, 'transformation');
INSERT INTO product_tags (variant_id, tag_name) VALUES (106, 'high-impact');
INSERT INTO product_timeline_milestones (variant_id, milestone_text, sort_order) VALUES (106, 'Phase 1: Discovery & Alignment', 0);
INSERT INTO product_timeline_milestones (variant_id, milestone_text, sort_order) VALUES (106, 'Phase 2: Execution', 1);
INSERT INTO product_timeline_milestones (variant_id, milestone_text, sort_order) VALUES (106, 'Phase 3: Governance & Review', 2);
INSERT INTO product_timeline_milestones (variant_id, milestone_text, sort_order) VALUES (106, 'Phase 4: Operational Handover', 3);
INSERT INTO product_variants (id, product_id, sku, slug, variant_name, service_type_id, duration_display, duration_weeks_min, duration_weeks_max, delivery_complexity, implementation_model, badge, positioning, is_default_variant, status) VALUES (108, 4, 'AI-MAN-108', 'enterprise-data-platform-high-impact-managed-service-108', 'Managed Service', 'manage', 'Ongoing', NULL, NULL, 'medium', 'TMaaS Managed Delivery', 'Manage', '(High-Impact) Positioning Strategy', false, 'published');
INSERT INTO marketplace_listings (id, merchant_id, variant_id, listing_status, purchasability, popularity_score) VALUES (16, 1, 108, 'active', 'buy_now', 95);
INSERT INTO variant_prices (listing_id, price_type, amount, price_display, billing_period, is_current) VALUES (16, 'list', NULL, 'Custom Monthly Plans', 'monthly', true);
INSERT INTO product_content (variant_id, description, positioning) VALUES (108, 'Managed data platform operations, governance monitoring, optimisation, support, reporting, and continuous enterprise data improvement services.', '(High-Impact) Positioning Strategy');
INSERT INTO product_features (variant_id, feature_text, sort_order) VALUES (108, 'Architecture alignment for Enterprise Data Platform (High-Impact)', 0);
INSERT INTO product_features (variant_id, feature_text, sort_order) VALUES (108, 'Dedicated TMaaS specialist team', 1);
INSERT INTO product_features (variant_id, feature_text, sort_order) VALUES (108, 'SLA-backed governance and reporting', 2);
INSERT INTO product_features (variant_id, feature_text, sort_order) VALUES (108, 'Phased delivery and milestone tracking', 3);
INSERT INTO product_tags (variant_id, tag_name) VALUES (108, 'data');
INSERT INTO product_tags (variant_id, tag_name) VALUES (108, 'manage');
INSERT INTO product_tags (variant_id, tag_name) VALUES (108, 'transformation');
INSERT INTO product_tags (variant_id, tag_name) VALUES (108, 'high-impact');
INSERT INTO product_tags (variant_id, tag_name) VALUES (108, 'operations');
INSERT INTO product_timeline_milestones (variant_id, milestone_text, sort_order) VALUES (108, 'Phase 1: Discovery & Alignment', 0);
INSERT INTO product_timeline_milestones (variant_id, milestone_text, sort_order) VALUES (108, 'Phase 2: Execution', 1);