INSERT INTO categories (id, label, category_type, sort_order, is_facetable) VALUES ('experience', 'Customer Experience & Engagement', 'capability', 0, true) ON CONFLICT (id) DO NOTHING;
INSERT INTO categories (id, label, category_type, sort_order, is_facetable) VALUES ('operations', 'Business Operations & Productivity', 'capability', 1, true) ON CONFLICT (id) DO NOTHING;
INSERT INTO categories (id, label, category_type, sort_order, is_facetable) VALUES ('security', 'Development, Security, and Operations', 'capability', 2, true) ON CONFLICT (id) DO NOTHING;
INSERT INTO categories (id, label, category_type, sort_order, is_facetable) VALUES ('ai', 'Data, AI & Analytics', 'capability', 3, true) ON CONFLICT (id) DO NOTHING;
INSERT INTO categories (id, label, category_type, sort_order, is_facetable) VALUES ('bundles', 'Bundles', 'navigation', 99, false) ON CONFLICT (id) DO NOTHING;
INSERT INTO categories (id, label, category_type, sort_order, is_facetable) VALUES ('farming-4-0', 'Farming 4.0', 'sector', 0, true) ON CONFLICT (id) DO NOTHING;
INSERT INTO categories (id, label, category_type, sort_order, is_facetable) VALUES ('plant-4-0', 'Plant 4.0', 'sector', 1, true) ON CONFLICT (id) DO NOTHING;
INSERT INTO categories (id, label, category_type, sort_order, is_facetable) VALUES ('infrastructure-4-0', 'Infrastructure 4.0', 'sector', 2, true) ON CONFLICT (id) DO NOTHING;
INSERT INTO categories (id, label, category_type, sort_order, is_facetable) VALUES ('government-4-0', 'Government 4.0', 'sector', 3, true) ON CONFLICT (id) DO NOTHING;
INSERT INTO categories (id, label, category_type, sort_order, is_facetable) VALUES ('hospitality-4-0', 'Hospitality 4.0', 'sector', 4, true) ON CONFLICT (id) DO NOTHING;
INSERT INTO categories (id, label, category_type, sort_order, is_facetable) VALUES ('retail-4-0', 'Retail 4.0', 'sector', 5, true) ON CONFLICT (id) DO NOTHING;
INSERT INTO categories (id, label, category_type, sort_order, is_facetable) VALUES ('service-4-0', 'Service 4.0', 'sector', 6, true) ON CONFLICT (id) DO NOTHING;
INSERT INTO categories (id, label, category_type, sort_order, is_facetable) VALUES ('logistics-4-0', 'Logistics 4.0', 'sector', 7, true) ON CONFLICT (id) DO NOTHING;
INSERT INTO categories (id, label, category_type, sort_order, is_facetable) VALUES ('wellness-4-0', 'Wellness 4.0', 'sector', 8, true) ON CONFLICT (id) DO NOTHING;
INSERT INTO categories (id, label, category_type, sort_order, is_facetable) VALUES ('grow-business', 'Grow My Business', 'goal', 0, true) ON CONFLICT (id) DO NOTHING;
INSERT INTO categories (id, label, category_type, sort_order, is_facetable) VALUES ('improve-operations', 'Improve Operations', 'goal', 1, true) ON CONFLICT (id) DO NOTHING;
INSERT INTO categories (id, label, category_type, sort_order, is_facetable) VALUES ('launch-ai', 'Launch AI', 'goal', 2, true) ON CONFLICT (id) DO NOTHING;
INSERT INTO categories (id, label, category_type, sort_order, is_facetable) VALUES ('modernise-technology', 'Modernise Technology', 'goal', 3, true) ON CONFLICT (id) DO NOTHING;
INSERT INTO categories (id, label, category_type, sort_order, is_facetable) VALUES ('improve-cx', 'Improve Customer Experience', 'goal', 4, true) ON CONFLICT (id) DO NOTHING;
INSERT INTO categories (id, label, category_type, sort_order, is_facetable) VALUES ('automate-workflows', 'Automate Workflows', 'goal', 5, true) ON CONFLICT (id) DO NOTHING;
INSERT INTO categories (id, label, category_type, sort_order, is_facetable) VALUES ('strengthen-governance', 'Strengthen Governance', 'goal', 6, true) ON CONFLICT (id) DO NOTHING;
INSERT INTO merchants (slug, name, status) VALUES ('digitalqatalyst', 'DigitalQatalyst', 'active') ON CONFLICT (slug) DO NOTHING;
INSERT INTO products (id, slug, title, short_description, collection_id, is_high_impact, audience, industry_relevance, department, business_impact, status) VALUES (1, 'online-web-presence-high-impact', 'Online Web Presence (High-Impact)', 'A strategic discovery engagement focused on evaluating your organisation’s web presence, digital journeys, customer engagement opportunities, and AI enablement potential.', 'experience', true, 'Enterprise & Mid-Market', 'Cross-Industry', 'IT & Transformation', 'Significant operational improvements and risk reduction.', 'published');
INSERT INTO product_category_map (product_id, category_id) VALUES (1, 'modernise-technology') ON CONFLICT DO NOTHING;
INSERT INTO product_category_map (product_id, category_id) VALUES (1, 'improve-operations') ON CONFLICT DO NOTHING;
INSERT INTO product_variants (id, product_id, sku, slug, variant_name, service_type_id, duration_display, duration_weeks_min, duration_weeks_max, delivery_complexity, implementation_model, badge, positioning, is_default_variant, status) VALUES (1, 1, 'EXP-ADV-1', 'online-web-presence-high-impact-assess-1', 'Assess', 'advisory', '1 Week', 1, 1, 'medium', 'TMaaS Managed Delivery', 'Advisory', '(High-Impact) Positioning Strategy', true, 'published');
INSERT INTO marketplace_listings (id, merchant_id, variant_id, listing_status, purchasability, popularity_score) VALUES (1, 1, 1, 'active', 'free', 100);
INSERT INTO variant_prices (listing_id, price_type, amount, price_display, billing_period, is_current) VALUES (1, 'list', 0, 'Free', 'one_time', true);
INSERT INTO product_content (variant_id, description, positioning) VALUES (1, 'A strategic discovery engagement focused on evaluating your organisation’s web presence, digital journeys, customer engagement opportunities, and AI enablement potential.', '(High-Impact) Positioning Strategy');
INSERT INTO product_features (variant_id, feature_text, sort_order) VALUES (1, 'Architecture alignment for Online Web Presence (High-Impact)', 0);
INSERT INTO product_features (variant_id, feature_text, sort_order) VALUES (1, 'Dedicated TMaaS specialist team', 1);
INSERT INTO product_features (variant_id, feature_text, sort_order) VALUES (1, 'SLA-backed governance and reporting', 2);
INSERT INTO product_features (variant_id, feature_text, sort_order) VALUES (1, 'Phased delivery and milestone tracking', 3);
INSERT INTO product_tags (variant_id, tag_name) VALUES (1, 'experience');
INSERT INTO product_tags (variant_id, tag_name) VALUES (1, 'advisory');
INSERT INTO product_tags (variant_id, tag_name) VALUES (1, 'transformation');
INSERT INTO product_tags (variant_id, tag_name) VALUES (1, 'high-impact');
INSERT INTO product_timeline_milestones (variant_id, milestone_text, sort_order) VALUES (1, 'Phase 1: Discovery & Alignment', 0);
INSERT INTO product_timeline_milestones (variant_id, milestone_text, sort_order) VALUES (1, 'Phase 2: Execution', 1);
INSERT INTO product_timeline_milestones (variant_id, milestone_text, sort_order) VALUES (1, 'Phase 3: Governance & Review', 2);
INSERT INTO product_timeline_milestones (variant_id, milestone_text, sort_order) VALUES (1, 'Phase 4: Operational Handover', 3);
INSERT INTO product_variants (id, product_id, sku, slug, variant_name, service_type_id, duration_display, duration_weeks_min, duration_weeks_max, delivery_complexity, implementation_model, badge, positioning, is_default_variant, status) VALUES (2, 1, 'EXP-DES-2', 'online-web-presence-high-impact-design-2', 'Design', 'design', '4 Weeks', 4, 4, 'high', 'TMaaS Managed Delivery', 'Design', '(High-Impact) Positioning Strategy', false, 'published');
INSERT INTO marketplace_listings (id, merchant_id, variant_id, listing_status, purchasability, popularity_score) VALUES (2, 1, 2, 'active', 'buy_now', 99);
INSERT INTO variant_prices (listing_id, price_type, amount, price_display, billing_period, is_current) VALUES (2, 'from', 1000, 'From $1,000', 'one_time', true);
INSERT INTO product_content (variant_id, description, positioning) VALUES (2, 'Design and specification of high-impact web platforms, portals, customer journeys, and digital engagement experiences aligned to business goals.', '(High-Impact) Positioning Strategy');
INSERT INTO product_features (variant_id, feature_text, sort_order) VALUES (2, 'Architecture alignment for Online Web Presence (High-Impact)', 0);
INSERT INTO product_features (variant_id, feature_text, sort_order) VALUES (2, 'Dedicated TMaaS specialist team', 1);
INSERT INTO product_features (variant_id, feature_text, sort_order) VALUES (2, 'SLA-backed governance and reporting', 2);
INSERT INTO product_features (variant_id, feature_text, sort_order) VALUES (2, 'Phased delivery and milestone tracking', 3);
INSERT INTO product_tags (variant_id, tag_name) VALUES (2, 'experience');
INSERT INTO product_tags (variant_id, tag_name) VALUES (2, 'design');
INSERT INTO product_tags (variant_id, tag_name) VALUES (2, 'transformation');
INSERT INTO product_tags (variant_id, tag_name) VALUES (2, 'high-impact');
INSERT INTO product_timeline_milestones (variant_id, milestone_text, sort_order) VALUES (2, 'Phase 1: Discovery & Alignment', 0);
INSERT INTO product_timeline_milestones (variant_id, milestone_text, sort_order) VALUES (2, 'Phase 2: Execution', 1);
INSERT INTO product_timeline_milestones (variant_id, milestone_text, sort_order) VALUES (2, 'Phase 3: Governance & Review', 2);
INSERT INTO product_timeline_milestones (variant_id, milestone_text, sort_order) VALUES (2, 'Phase 4: Operational Handover', 3);
INSERT INTO product_variants (id, product_id, sku, slug, variant_name, service_type_id, duration_display, duration_weeks_min, duration_weeks_max, delivery_complexity, implementation_model, badge, positioning, is_default_variant, status) VALUES (3, 1, 'EXP-AI_-3', 'online-web-presence-high-impact-ai-design-3', 'AI Design', 'ai_design', '4 Weeks', 4, 4, 'high', 'TMaaS Managed Delivery', 'Ai Design', '(High-Impact) Positioning Strategy', false, 'published');
INSERT INTO marketplace_listings (id, merchant_id, variant_id, listing_status, purchasability, popularity_score) VALUES (3, 1, 3, 'active', 'buy_now', 98);
INSERT INTO variant_prices (listing_id, price_type, amount, price_display, billing_period, is_current) VALUES (3, 'from', 1000, 'From $1,000', 'one_time', true);
INSERT INTO product_content (variant_id, description, positioning) VALUES (3, 'Design of AI-powered web capabilities including assistants, personalization, automation, intelligent search, and customer engagement workflows.', '(High-Impact) Positioning Strategy');
INSERT INTO product_features (variant_id, feature_text, sort_order) VALUES (3, 'Architecture alignment for Online Web Presence (High-Impact)', 0);
INSERT INTO product_features (variant_id, feature_text, sort_order) VALUES (3, 'Dedicated TMaaS specialist team', 1);
INSERT INTO product_features (variant_id, feature_text, sort_order) VALUES (3, 'SLA-backed governance and reporting', 2);
INSERT INTO product_features (variant_id, feature_text, sort_order) VALUES (3, 'Phased delivery and milestone tracking', 3);
INSERT INTO product_tags (variant_id, tag_name) VALUES (3, 'experience');
INSERT INTO product_tags (variant_id, tag_name) VALUES (3, 'ai_design');
INSERT INTO product_tags (variant_id, tag_name) VALUES (3, 'transformation');
INSERT INTO product_tags (variant_id, tag_name) VALUES (3, 'high-impact');
INSERT INTO product_timeline_milestones (variant_id, milestone_text, sort_order) VALUES (3, 'Phase 1: Discovery & Alignment', 0);
INSERT INTO product_timeline_milestones (variant_id, milestone_text, sort_order) VALUES (3, 'Phase 2: Execution', 1);
INSERT INTO product_timeline_milestones (variant_id, milestone_text, sort_order) VALUES (3, 'Phase 3: Governance & Review', 2);
INSERT INTO product_timeline_milestones (variant_id, milestone_text, sort_order) VALUES (3, 'Phase 4: Operational Handover', 3);
INSERT INTO product_variants (id, product_id, sku, slug, variant_name, service_type_id, duration_display, duration_weeks_min, duration_weeks_max, delivery_complexity, implementation_model, badge, positioning, is_default_variant, status) VALUES (4, 1, 'EXP-DEP-4', 'online-web-presence-high-impact-implementation-4', 'Implementation', 'deploy', '12 Weeks', 12, 12, 'high', 'TMaaS Managed Delivery', 'Deploy', '(High-Impact) Positioning Strategy', false, 'published');
INSERT INTO marketplace_listings (id, merchant_id, variant_id, listing_status, purchasability, popularity_score) VALUES (4, 1, 4, 'active', 'request_quote', 97);
INSERT INTO variant_prices (listing_id, price_type, amount, price_display, billing_period, is_current) VALUES (4, 'custom_floor', NULL, 'Custom', 'one_time', true);
INSERT INTO product_content (variant_id, description, positioning) VALUES (4, 'Deployment and implementation of enterprise web platforms, portals, landing pages, and customer-facing digital experiences.', '(High-Impact) Positioning Strategy');
INSERT INTO product_features (variant_id, feature_text, sort_order) VALUES (4, 'Architecture alignment for Online Web Presence (High-Impact)', 0);
INSERT INTO product_features (variant_id, feature_text, sort_order) VALUES (4, 'Dedicated TMaaS specialist team', 1);
INSERT INTO product_features (variant_id, feature_text, sort_order) VALUES (4, 'SLA-backed governance and reporting', 2);
INSERT INTO product_features (variant_id, feature_text, sort_order) VALUES (4, 'Phased delivery and milestone tracking', 3);
INSERT INTO product_tags (variant_id, tag_name) VALUES (4, 'experience');
INSERT INTO product_tags (variant_id, tag_name) VALUES (4, 'deploy');
INSERT INTO product_tags (variant_id, tag_name) VALUES (4, 'transformation');
INSERT INTO product_tags (variant_id, tag_name) VALUES (4, 'high-impact');
INSERT INTO product_timeline_milestones (variant_id, milestone_text, sort_order) VALUES (4, 'Phase 1: Discovery & Alignment', 0);
INSERT INTO product_timeline_milestones (variant_id, milestone_text, sort_order) VALUES (4, 'Phase 2: Execution', 1);
INSERT INTO product_timeline_milestones (variant_id, milestone_text, sort_order) VALUES (4, 'Phase 3: Governance & Review', 2);
INSERT INTO product_timeline_milestones (variant_id, milestone_text, sort_order) VALUES (4, 'Phase 4: Operational Handover', 3);
INSERT INTO product_variants (id, product_id, sku, slug, variant_name, service_type_id, duration_display, duration_weeks_min, duration_weeks_max, delivery_complexity, implementation_model, badge, positioning, is_default_variant, status) VALUES (6, 1, 'EXP-MAN-6', 'online-web-presence-high-impact-managed-service-6', 'Managed Service', 'manage', 'Ongoing', NULL, NULL, 'medium', 'TMaaS Managed Delivery', 'Manage', '(High-Impact) Positioning Strategy', false, 'published');
INSERT INTO marketplace_listings (id, merchant_id, variant_id, listing_status, purchasability, popularity_score) VALUES (5, 1, 6, 'active', 'buy_now', 95);
INSERT INTO variant_prices (listing_id, price_type, amount, price_display, billing_period, is_current) VALUES (5, 'list', NULL, 'Custom Monthly Plans', 'monthly', true);
INSERT INTO product_content (variant_id, description, positioning) VALUES (6, 'Ongoing management, optimisation, support, monitoring, and continuous improvement of enterprise web experience platforms.', '(High-Impact) Positioning Strategy');