BEGIN;
INSERT INTO categories (id, label, category_type, sort_order, is_facetable) VALUES ('experience', 'Customer Experience & Engagement', 'capability', 0, true) ON CONFLICT (id) DO NOTHING;
INSERT INTO categories (id, label, category_type, sort_order, is_facetable) VALUES ('operations', 'Business Operations & Productivity', 'capability', 1, true) ON CONFLICT (id) DO NOTHING;
INSERT INTO categories (id, label, category_type, sort_order, is_facetable) VALUES ('security', 'DevOps and Security', 'capability', 2, true) ON CONFLICT (id) DO NOTHING;
INSERT INTO categories (id, label, category_type, sort_order, is_facetable) VALUES ('ai', 'Data, AI & Analytics', 'capability', 3, true) ON CONFLICT (id) DO NOTHING;
INSERT INTO categories (id, label, category_type, sort_order, is_facetable) VALUES ('bundles', 'Bundles', 'navigation', 99, false) ON CONFLICT (id) DO NOTHING;
INSERT INTO categories (id, label, category_type, sort_order, is_facetable) VALUES ('farming-4-0', 'Farming 4.0', 'sector', 0, true) ON CONFLICT (id) DO NOTHING;
INSERT INTO categories (id, label, category_type, sort_order, is_facetable) VALUES ('plant-4-0', 'Plant 4.0', 'sector', 1, true) ON CONFLICT (id) DO NOTHING;
INSERT INTO categories (id, label, category_type, sort_order, is_facetable) VALUES ('infrastructure-4-0', 'Infrastructure 4.0', 'sector', 2, true) ON CONFLICT (id) DO NOTHING;
INSERT INTO categories (id, label, category_type, sort_order, is_facetable) VALUES ('government-4-0', 'Government 4.0', 'sector', 3, true) ON CONFLICT (id) DO NOTHING;
INSERT INTO categories (id, label, category_type, sort_order, is_facetable) VALUES ('hospitality-4-0', 'Hospitality 4.0', 'sector', 4, true) ON CONFLICT (id) DO NOTHING;
INSERT INTO categories (id, label, category_type, sort_order, is_facetable) VALUES ('retail-4-0', 'Retail 4.0', 'sector', 5, true) ON CONFLICT (id) DO NOTHING;
INSERT INTO categories (id, label, category_type, sort_order, is_facetable) VALUES ('service-4-0', 'Service 4.0', 'sector', 6, true) ON CONFLICT (id) DO NOTHING;
INSERT INTO categories (id, label, category_type, sort_order, is_facetable) VALUES ('logistics-4-0', 'Logistics 4.0', 'sector', 7, true) ON CONFLICT (id) DO NOTHING;
INSERT INTO categories (id, label, category_type, sort_order, is_facetable) VALUES ('wellness-4-0', 'Wellness 4.0', 'sector', 8, true) ON CONFLICT (id) DO NOTHING;
INSERT INTO categories (id, label, category_type, sort_order, is_facetable) VALUES ('grow-business', 'Grow My Business', 'goal', 0, true) ON CONFLICT (id) DO NOTHING;
INSERT INTO categories (id, label, category_type, sort_order, is_facetable) VALUES ('improve-operations', 'Improve Operations', 'goal', 1, true) ON CONFLICT (id) DO NOTHING;
INSERT INTO categories (id, label, category_type, sort_order, is_facetable) VALUES ('launch-ai', 'Launch AI', 'goal', 2, true) ON CONFLICT (id) DO NOTHING;
INSERT INTO categories (id, label, category_type, sort_order, is_facetable) VALUES ('modernise-technology', 'Modernise Technology', 'goal', 3, true) ON CONFLICT (id) DO NOTHING;
INSERT INTO categories (id, label, category_type, sort_order, is_facetable) VALUES ('improve-cx', 'Improve Customer Experience', 'goal', 4, true) ON CONFLICT (id) DO NOTHING;
INSERT INTO categories (id, label, category_type, sort_order, is_facetable) VALUES ('automate-workflows', 'Automate Workflows', 'goal', 5, true) ON CONFLICT (id) DO NOTHING;
INSERT INTO categories (id, label, category_type, sort_order, is_facetable) VALUES ('strengthen-governance', 'Strengthen Governance', 'goal', 6, true) ON CONFLICT (id) DO NOTHING;
INSERT INTO merchants (slug, name, status) VALUES ('digitalqatalyst', 'DigitalQatalyst', 'active') ON CONFLICT (slug) DO NOTHING;
INSERT INTO products (id, slug, title, short_description, collection_id, is_high_impact, audience, industry_relevance, department, business_impact, status) VALUES (1, 'online-web-presence-high-impact', 'Online Web Presence (High-Impact)', 'Get a clear picture of where your website is losing visitors, missing conversions, and underperforming on search, then walk away with a prioritised action list your marketing and IT teams can execute.', 'experience', true, 'Marketing Directors, Digital Leads, and Head of CX or IT', 'B2B and B2C organisations with customer-facing websites, e-commerce platforms, or self-service portals', 'Digital, CX, Marketing & IT', 'Identifies the specific friction points and search gaps costing you visitors and conversions, giving your team a clear, prioritised starting point for web investment.', 'published');
INSERT INTO product_category_map (product_id, category_id) VALUES (1, 'modernise-technology') ON CONFLICT DO NOTHING;
INSERT INTO product_category_map (product_id, category_id) VALUES (1, 'improve-operations') ON CONFLICT DO NOTHING;
INSERT INTO product_variants (id, product_id, sku, slug, variant_name, service_type_id, duration_display, duration_weeks_min, duration_weeks_max, delivery_complexity, implementation_model, badge, positioning, is_default_variant, status) VALUES (1, 1, 'EXP-ADV-1', 'online-web-presence-high-impact-assess-1', 'Assess', 'advisory', '1 Week', 1, 1, 'medium', 'TMaaS Managed Delivery', 'Assess', 'Evidence-led audit of your web estate: gaps scored, priorities set, roadmap ready.', true, 'published');
INSERT INTO marketplace_listings (id, merchant_id, variant_id, listing_status, purchasability, popularity_score) VALUES (1, 1, 1, 'active', 'free', 100);
INSERT INTO variant_prices (listing_id, price_type, amount, price_display, billing_period, is_current) VALUES (1, 'list', 0, 'Free', 'one_time', true);
INSERT INTO product_content (variant_id, description, positioning) VALUES (1, 'Get a clear picture of where your website is losing visitors, missing conversions, and underperforming on search, then walk away with a prioritised action list your marketing and IT teams can execute.', 'Evidence-led audit of your web estate: gaps scored, priorities set, roadmap ready.');
INSERT INTO product_features (variant_id, feature_text, sort_order) VALUES (1, 'Page-by-page performance audit covering speed, accessibility, and conversion friction', 0);
INSERT INTO product_features (variant_id, feature_text, sort_order) VALUES (1, 'SEO health check with keyword coverage gaps and crawlability findings', 1);
INSERT INTO product_features (variant_id, feature_text, sort_order) VALUES (1, 'Competitor benchmark showing where your site falls behind on key visitor journeys', 2);
INSERT INTO product_features (variant_id, feature_text, sort_order) VALUES (1, 'Prioritised recommendation list scored by effort and expected traffic or conversion uplift', 3);
INSERT INTO product_tags (variant_id, tag_name) VALUES (1, 'web-performance');
INSERT INTO product_tags (variant_id, tag_name) VALUES (1, 'seo');
INSERT INTO product_tags (variant_id, tag_name) VALUES (1, 'conversion-optimisation');
INSERT INTO product_timeline_milestones (variant_id, milestone_text, sort_order) VALUES (1, 'Days 1-2: Stakeholder interviews, analytics access, and scope confirmation', 0);
INSERT INTO product_timeline_milestones (variant_id, milestone_text, sort_order) VALUES (1, 'Days 3-4: Site audit, crawl analysis, and competitor benchmarking', 1);
INSERT INTO product_timeline_milestones (variant_id, milestone_text, sort_order) VALUES (1, 'Day 5: Findings presentation, prioritised roadmap, and next-step recommendations', 2);
INSERT INTO product_variants (id, product_id, sku, slug, variant_name, service_type_id, duration_display, duration_weeks_min, duration_weeks_max, delivery_complexity, implementation_model, badge, positioning, is_default_variant, status) VALUES (2, 1, 'EXP-DES-2', 'online-web-presence-high-impact-design-2', 'Design', 'design', '4 Weeks', 4, 4, 'high', 'TMaaS Managed Delivery', 'Design', 'From brief to blueprint: user-centred web design with every decision documented for build.', false, 'published');
INSERT INTO marketplace_listings (id, merchant_id, variant_id, listing_status, purchasability, popularity_score) VALUES (2, 1, 2, 'active', 'buy_now', 99);
INSERT INTO variant_prices (listing_id, price_type, amount, price_display, billing_period, is_current) VALUES (2, 'from', 1000, 'From $1,000', 'one_time', true);
INSERT INTO product_content (variant_id, description, positioning) VALUES (2, 'Transform your web presence goals into a complete, build-ready blueprint: user journeys mapped, information architecture defined, and technical specifications your development team can code against.', 'From brief to blueprint: user-centred web design with every decision documented for build.');
INSERT INTO product_features (variant_id, feature_text, sort_order) VALUES (2, 'User journey mapping across your key visitor types and conversion goals', 0);
INSERT INTO product_features (variant_id, feature_text, sort_order) VALUES (2, 'Information architecture and navigation design validated with your target audience', 1);
INSERT INTO product_features (variant_id, feature_text, sort_order) VALUES (2, 'Component-level wireframes and interaction specifications ready for development', 2);
INSERT INTO product_features (variant_id, feature_text, sort_order) VALUES (2, 'CMS and integration requirements documented to prevent rework during build', 3);
INSERT INTO product_tags (variant_id, tag_name) VALUES (2, 'ux-design');
INSERT INTO product_tags (variant_id, tag_name) VALUES (2, 'information-architecture');
INSERT INTO product_tags (variant_id, tag_name) VALUES (2, 'web-strategy');
INSERT INTO product_timeline_milestones (variant_id, milestone_text, sort_order) VALUES (2, 'Week 1: Discovery, user research synthesis, and journey mapping', 0);
INSERT INTO product_timeline_milestones (variant_id, milestone_text, sort_order) VALUES (2, 'Weeks 2-3: Information architecture, wireframing, and design iteration', 1);
INSERT INTO product_timeline_milestones (variant_id, milestone_text, sort_order) VALUES (2, 'Week 4: Specification finalisation, stakeholder sign-off, and build handover', 2);
INSERT INTO product_variants (id, product_id, sku, slug, variant_name, service_type_id, duration_display, duration_weeks_min, duration_weeks_max, delivery_complexity, implementation_model, badge, positioning, is_default_variant, status) VALUES (3, 1, 'EXP-AI_-3', 'online-web-presence-high-impact-ai-design-3', 'AI Design', 'ai_design', '4 Weeks', 4, 4, 'high', 'TMaaS Managed Delivery', 'AI Design', 'AI use cases for your web presence validated before build investment, with guardrails built in.', false, 'published');
INSERT INTO marketplace_listings (id, merchant_id, variant_id, listing_status, purchasability, popularity_score) VALUES (3, 1, 3, 'active', 'buy_now', 98);
INSERT INTO variant_prices (listing_id, price_type, amount, price_display, billing_period, is_current) VALUES (3, 'from', 1000, 'From $1,000', 'one_time', true);
INSERT INTO product_content (variant_id, description, positioning) VALUES (3, 'Identify which AI capabilities will genuinely improve your website''s visitor experience, validate the use cases with real data, and receive deployment-ready specifications before a single line of build code is written.', 'AI use cases for your web presence validated before build investment, with guardrails built in.');
INSERT INTO product_features (variant_id, feature_text, sort_order) VALUES (3, 'AI opportunity mapping across personalisation, search, chat, and content generation for web', 0);
INSERT INTO product_features (variant_id, feature_text, sort_order) VALUES (3, 'Use-case prioritisation based on data readiness, visitor impact, and implementation complexity', 1);
INSERT INTO product_features (variant_id, feature_text, sort_order) VALUES (3, 'Responsible AI workflow design covering bias checks, fallback logic, and content moderation', 2);
INSERT INTO product_features (variant_id, feature_text, sort_order) VALUES (3, 'Deployment specification with model requirements, data pipelines, and integration contracts', 3);
INSERT INTO product_tags (variant_id, tag_name) VALUES (3, 'ai-design');
INSERT INTO product_tags (variant_id, tag_name) VALUES (3, 'web-personalisation');
INSERT INTO product_tags (variant_id, tag_name) VALUES (3, 'responsible-ai');
INSERT INTO product_timeline_milestones (variant_id, milestone_text, sort_order) VALUES (3, 'Week 1: AI opportunity discovery and data landscape review', 0);
INSERT INTO product_timeline_milestones (variant_id, milestone_text, sort_order) VALUES (3, 'Week 2: Use-case validation, feasibility scoring, and risk assessment', 1);
INSERT INTO product_timeline_milestones (variant_id, milestone_text, sort_order) VALUES (3, 'Weeks 3-4: Responsible workflow design, guardrail specification, and documentation', 2);
INSERT INTO product_variants (id, product_id, sku, slug, variant_name, service_type_id, duration_display, duration_weeks_min, duration_weeks_max, delivery_complexity, implementation_model, badge, positioning, is_default_variant, status) VALUES (4, 1, 'EXP-DEP-4', 'online-web-presence-high-impact-deploy-4', 'Deploy', 'deploy', '12 Weeks', 12, 12, 'high', 'TMaaS Managed Delivery', 'Deploy', 'Managed web delivery: configured, tested, and launched with a documented handover to your team.', false, 'published');
INSERT INTO marketplace_listings (id, merchant_id, variant_id, listing_status, purchasability, popularity_score) VALUES (4, 1, 4, 'active', 'request_quote', 97);
INSERT INTO variant_prices (listing_id, price_type, amount, price_display, billing_period, is_current) VALUES (4, 'custom_floor', NULL, 'Custom', 'one_time', true);
INSERT INTO product_content (variant_id, description, positioning) VALUES (4, 'Bring your website designs to life with a phased build, integration, and launch programme that keeps quality and go-live dates on track, and hands over a fully documented site to your operations team.', 'Managed web delivery: configured, tested, and launched with a documented handover to your team.');
INSERT INTO product_features (variant_id, feature_text, sort_order) VALUES (4, 'CMS configuration and content migration executed against the agreed specification', 0);
INSERT INTO product_features (variant_id, feature_text, sort_order) VALUES (4, 'Third-party integration setup including analytics, CRM, and marketing tools', 1);
INSERT INTO product_features (variant_id, feature_text, sort_order) VALUES (4, 'Cross-browser and accessibility testing before launch, with a tracked defect log', 2);
INSERT INTO product_features (variant_id, feature_text, sort_order) VALUES (4, 'Staged rollout with performance monitoring and rollback procedure ready at go-live', 3);
INSERT INTO product_tags (variant_id, tag_name) VALUES (4, 'web-delivery');
INSERT INTO product_tags (variant_id, tag_name) VALUES (4, 'cms-implementation');
INSERT INTO product_tags (variant_id, tag_name) VALUES (4, 'launch-management');
INSERT INTO product_timeline_milestones (variant_id, milestone_text, sort_order) VALUES (4, 'Weeks 1-3: Environment setup, CMS configuration, and content migration', 0);
INSERT INTO product_timeline_milestones (variant_id, milestone_text, sort_order) VALUES (4, 'Weeks 4-8: Integration build, feature development, and internal QA', 1);
INSERT INTO product_timeline_milestones (variant_id, milestone_text, sort_order) VALUES (4, 'Weeks 9-10: User acceptance testing and defect resolution', 2);
INSERT INTO product_timeline_milestones (variant_id, milestone_text, sort_order) VALUES (4, 'Weeks 11-12: Staged launch, performance validation, and operations handover', 3);
INSERT INTO product_variants (id, product_id, sku, slug, variant_name, service_type_id, duration_display, duration_weeks_min, duration_weeks_max, delivery_complexity, implementation_model, badge, positioning, is_default_variant, status) VALUES (6, 1, 'EXP-MAN-6', 'online-web-presence-high-impact-managed-6', 'Managed', 'manage', 'Ongoing', NULL, NULL, 'medium', 'TMaaS Managed Delivery', 'Managed', 'Your website, running and improving every month: SLA-backed operations with no surprises.', false, 'published');
INSERT INTO marketplace_listings (id, merchant_id, variant_id, listing_status, purchasability, popularity_score) VALUES (5, 1, 6, 'active', 'buy_now', 95);
INSERT INTO variant_prices (listing_id, price_type, amount, price_display, billing_period, is_current) VALUES (5, 'list', NULL, 'Custom Monthly Plans', 'monthly', true);
INSERT INTO product_content (variant_id, description, positioning) VALUES (6, 'Keep your website performing at its best with ongoing monitoring, optimisation, and content governance managed by the DigitalQatalyst team under a clear SLA, so your team stays focused on business priorities.', 'Your website, running and improving every month: SLA-backed operations with no surprises.');
INSERT INTO product_features (variant_id, feature_text, sort_order) VALUES (6, 'Monthly performance reporting across speed, SEO rankings, and conversion metrics with trends', 0);
INSERT INTO product_features (variant_id, feature_text, sort_order) VALUES (6, 'Proactive issue detection and resolution before problems affect visitors or search rankings', 1);
INSERT INTO product_features (variant_id, feature_text, sort_order) VALUES (6, 'Ongoing content governance including updates, accessibility checks, and CMS user support', 2);
INSERT INTO product_features (variant_id, feature_text, sort_order) VALUES (6, 'Quarterly optimisation sprints targeting the highest-impact improvements identified from data', 3);
INSERT INTO product_tags (variant_id, tag_name) VALUES (6, 'managed-service');
INSERT INTO product_tags (variant_id, tag_name) VALUES (6, 'web-operations');
INSERT INTO product_tags (variant_id, tag_name) VALUES (6, 'continuous-optimisation');
INSERT INTO product_timeline_milestones (variant_id, milestone_text, sort_order) VALUES (6, 'Month 1: Onboarding, baseline measurement, and SLA configuration', 0);
INSERT INTO product_timeline_milestones (variant_id, milestone_text, sort_order) VALUES (6, 'Months 2-3: First operational cycle with reporting cadence established', 1);
INSERT INTO product_timeline_milestones (variant_id, milestone_text, sort_order) VALUES (6, 'Ongoing: Monthly reporting, quarterly optimisation reviews, and continuous monitoring', 2);
INSERT INTO products (id, slug, title, short_description, collection_id, is_high_impact, audience, industry_relevance, department, business_impact, status) VALUES (2, 'digital-workplace-high-impact', 'Digital Workplace (High-Impact)', 'A focused assessment of your collaboration tools, intranet, and employee-facing platforms that surfaces the gaps stopping people from finding information, communicating, and getting work done. You leave with a maturity rating and a prioritised improvement roadmap.', 'operations', true, 'HR Directors, IT Managers, and Internal Communications leaders', 'Any organisation with 100 or more knowledge workers, particularly those mid-migration to Microsoft 365 or managing hybrid work arrangements', 'HR, IT, Operations & Internal Communications', 'Identifies the collaboration and knowledge-access gaps that cut into productive hours, giving leadership a clear, costed view of where to act first.', 'published');
INSERT INTO product_category_map (product_id, category_id) VALUES (2, 'modernise-technology') ON CONFLICT DO NOTHING;
INSERT INTO product_category_map (product_id, category_id) VALUES (2, 'improve-operations') ON CONFLICT DO NOTHING;
INSERT INTO product_variants (id, product_id, sku, slug, variant_name, service_type_id, duration_display, duration_weeks_min, duration_weeks_max, delivery_complexity, implementation_model, badge, positioning, is_default_variant, status) VALUES (55, 2, 'OPE-ADV-55', 'digital-workplace-high-impact-assess-55', 'Assess', 'advisory', '1 Week', 1, 1, 'medium', 'TMaaS Managed Delivery', 'Assess', 'Understand where your digital workplace is losing productivity, then fix the highest-impact gaps first.', true, 'published');
INSERT INTO marketplace_listings (id, merchant_id, variant_id, listing_status, purchasability, popularity_score) VALUES (6, 1, 55, 'active', 'free', 100);
INSERT INTO variant_prices (listing_id, price_type, amount, price_display, billing_period, is_current) VALUES (6, 'list', 0, 'Free', 'one_time', true);
INSERT INTO product_content (variant_id, description, positioning) VALUES (55, 'A focused assessment of your collaboration tools, intranet, and employee-facing platforms that surfaces the gaps stopping people from finding information, communicating, and getting work done. You leave with a maturity rating and a prioritised improvement roadmap.', 'Understand where your digital workplace is losing productivity, then fix the highest-impact gaps first.');
INSERT INTO product_features (variant_id, feature_text, sort_order) VALUES (55, 'A scored baseline revealing exactly which collaboration and knowledge-sharing gaps cost the most productivity, so your investment targets the highest-return improvements', 0);
INSERT INTO product_features (variant_id, feature_text, sort_order) VALUES (55, 'Gap analysis mapped to specific tools: Microsoft 365, Teams, SharePoint, or equivalents', 1);
INSERT INTO product_features (variant_id, feature_text, sort_order) VALUES (55, 'Interview-led findings from IT, HR, and end-user perspectives to surface adoption blockers', 2);
INSERT INTO product_features (variant_id, feature_text, sort_order) VALUES (55, 'Prioritised roadmap with effort estimates so leadership can sequence investment confidently', 3);
INSERT INTO product_tags (variant_id, tag_name) VALUES (55, 'digital-workplace');
INSERT INTO product_tags (variant_id, tag_name) VALUES (55, 'employee-experience');
INSERT INTO product_tags (variant_id, tag_name) VALUES (55, 'microsoft-365');
INSERT INTO product_timeline_milestones (variant_id, milestone_text, sort_order) VALUES (55, 'Days 1-2: Stakeholder interviews, tool inventory, and current-state data gathering', 0);
INSERT INTO product_timeline_milestones (variant_id, milestone_text, sort_order) VALUES (55, 'Days 3-4: Maturity scoring, gap analysis, and roadmap drafting', 1);
INSERT INTO product_timeline_milestones (variant_id, milestone_text, sort_order) VALUES (55, 'Day 5: Findings playback, roadmap review, and handover pack', 2);
INSERT INTO product_variants (id, product_id, sku, slug, variant_name, service_type_id, duration_display, duration_weeks_min, duration_weeks_max, delivery_complexity, implementation_model, badge, positioning, is_default_variant, status) VALUES (56, 2, 'OPE-DES-56', 'digital-workplace-high-impact-design-56', 'Design', 'design', '4 Weeks', 4, 4, 'high', 'TMaaS Managed Delivery', 'Design', 'Turn workplace collaboration goals into a blueprint your IT team can build and your employees will actually use.', false, 'published');
INSERT INTO marketplace_listings (id, merchant_id, variant_id, listing_status, purchasability, popularity_score) VALUES (7, 1, 56, 'active', 'buy_now', 99);
INSERT INTO variant_prices (listing_id, price_type, amount, price_display, billing_period, is_current) VALUES (7, 'from', 1000, 'From $1,000', 'one_time', true);
INSERT INTO product_content (variant_id, description, positioning) VALUES (56, 'Turn your digital workplace goals into user-centred wireframes, information architecture, and build-ready specifications covering Microsoft 365 configuration, intranet structure, and adoption planning, delivered across a focused four-week design engagement.', 'Turn workplace collaboration goals into a blueprint your IT team can build and your employees will actually use.');
INSERT INTO product_features (variant_id, feature_text, sort_order) VALUES (56, 'User journey mapping for key workplace tasks: finding information, collaborating on documents, and onboarding', 0);
INSERT INTO product_features (variant_id, feature_text, sort_order) VALUES (56, 'Information architecture and SharePoint site structure designed for your organisation''s size and working patterns', 1);
INSERT INTO product_features (variant_id, feature_text, sort_order) VALUES (56, 'Microsoft 365 configuration specifications with integration points for HR, ITSM, and communication channels', 2);
INSERT INTO product_features (variant_id, feature_text, sort_order) VALUES (56, 'Adoption and change plan with champions model, training outline, and launch communications', 3);
INSERT INTO product_tags (variant_id, tag_name) VALUES (56, 'digital-workplace');
INSERT INTO product_tags (variant_id, tag_name) VALUES (56, 'sharepoint');
INSERT INTO product_tags (variant_id, tag_name) VALUES (56, 'intranet-design');
INSERT INTO product_timeline_milestones (variant_id, milestone_text, sort_order) VALUES (56, 'Week 1: Discovery workshops, persona definition, and current-state mapping', 0);
INSERT INTO product_timeline_milestones (variant_id, milestone_text, sort_order) VALUES (56, 'Week 2: Information architecture, navigation, and wireframe drafting', 1);
INSERT INTO product_timeline_milestones (variant_id, milestone_text, sort_order) VALUES (56, 'Week 3: Configuration specifications, integrations design, and adoption planning', 2);
INSERT INTO product_timeline_milestones (variant_id, milestone_text, sort_order) VALUES (56, 'Week 4: Design review, stakeholder sign-off, and build-ready handover', 3);
INSERT INTO product_variants (id, product_id, sku, slug, variant_name, service_type_id, duration_display, duration_weeks_min, duration_weeks_max, delivery_complexity, implementation_model, badge, positioning, is_default_variant, status) VALUES (57, 2, 'OPE-AI_-57', 'digital-workplace-high-impact-ai-design-57', 'AI Design', 'ai_design', '4 Weeks', 4, 4, 'high', 'TMaaS Managed Delivery', 'AI Design', 'Find the AI use cases that will genuinely improve employee productivity, and design them safely before spending on build.', false, 'published');
INSERT INTO marketplace_listings (id, merchant_id, variant_id, listing_status, purchasability, popularity_score) VALUES (8, 1, 57, 'active', 'buy_now', 98);
INSERT INTO variant_prices (listing_id, price_type, amount, price_display, billing_period, is_current) VALUES (8, 'from', 1000, 'From $1,000', 'one_time', true);
INSERT INTO product_content (variant_id, description, positioning) VALUES (57, 'Find the AI use cases that will genuinely reduce friction in your digital workplace, validate each for feasibility and responsibility, and produce governed workflow specifications ready for build, all within a four-week AI design engagement.', 'Find the AI use cases that will genuinely improve employee productivity, and design them safely before spending on build.');
INSERT INTO product_features (variant_id, feature_text, sort_order) VALUES (57, 'Use-case discovery and scoring against impact, data readiness, and responsible AI criteria for workplace scenarios', 0);
INSERT INTO product_features (variant_id, feature_text, sort_order) VALUES (57, 'Copilot for Microsoft 365 readiness evaluation covering data governance, sensitivity labels, and licence posture', 1);
INSERT INTO product_features (variant_id, feature_text, sort_order) VALUES (57, 'Responsible AI workflow design with human-in-the-loop checkpoints, override controls, and audit logging', 2);
INSERT INTO product_features (variant_id, feature_text, sort_order) VALUES (57, 'Deployment specification including prompt engineering guidance, integration requirements, and rollout sequencing', 3);
INSERT INTO product_tags (variant_id, tag_name) VALUES (57, 'digital-workplace');
INSERT INTO product_tags (variant_id, tag_name) VALUES (57, 'copilot');
INSERT INTO product_tags (variant_id, tag_name) VALUES (57, 'responsible-ai');
INSERT INTO product_timeline_milestones (variant_id, milestone_text, sort_order) VALUES (57, 'Week 1: AI use-case discovery workshops and current-data landscape review', 0);
INSERT INTO product_timeline_milestones (variant_id, milestone_text, sort_order) VALUES (57, 'Week 2: Use-case scoring, Copilot readiness evaluation, and responsible-AI framing', 1);
INSERT INTO product_timeline_milestones (variant_id, milestone_text, sort_order) VALUES (57, 'Week 3: Workflow design, guardrails specification, and integration mapping', 2);
INSERT INTO product_timeline_milestones (variant_id, milestone_text, sort_order) VALUES (57, 'Week 4: Specification review, risk sign-off, and build-ready handover', 3);
INSERT INTO product_variants (id, product_id, sku, slug, variant_name, service_type_id, duration_display, duration_weeks_min, duration_weeks_max, delivery_complexity, implementation_model, badge, positioning, is_default_variant, status) VALUES (58, 2, 'OPE-DEP-58', 'digital-workplace-high-impact-deploy-58', 'Deploy', 'deploy', '12 Weeks', 12, 12, 'high', 'TMaaS Managed Delivery', 'Deploy', 'Get your digital workplace built, tested, and adopted, not just switched on.', false, 'published');
INSERT INTO marketplace_listings (id, merchant_id, variant_id, listing_status, purchasability, popularity_score) VALUES (9, 1, 58, 'active', 'request_quote', 97);
INSERT INTO variant_prices (listing_id, price_type, amount, price_display, billing_period, is_current) VALUES (9, 'custom_floor', NULL, 'Custom', 'one_time', true);
INSERT INTO product_content (variant_id, description, positioning) VALUES (58, 'Get your Microsoft 365 digital workplace environment built, integrated, and adopted, covering SharePoint intranet, Teams governance, and the structured adoption programme your employees need to shift their working habits, delivered across twelve weeks.', 'Get your digital workplace built, tested, and adopted, not just switched on.');
INSERT INTO product_features (variant_id, feature_text, sort_order) VALUES (58, 'SharePoint intranet built to the approved information architecture with page templates, navigation, and content migration', 0);
INSERT INTO product_features (variant_id, feature_text, sort_order) VALUES (58, 'Microsoft Teams governance configuration covering naming policies, channel templates, guest access, and lifecycle management', 1);
INSERT INTO product_features (variant_id, feature_text, sort_order) VALUES (58, 'Integration setup for HRIS, ITSM, and communication tools so the workplace connects to the systems employees rely on', 2);
INSERT INTO product_features (variant_id, feature_text, sort_order) VALUES (58, 'Structured adoption programme: champion training, launch comms, and 30-day usage tracking to confirm behaviour change', 3);
INSERT INTO product_tags (variant_id, tag_name) VALUES (58, 'digital-workplace');
INSERT INTO product_tags (variant_id, tag_name) VALUES (58, 'sharepoint');
INSERT INTO product_tags (variant_id, tag_name) VALUES (58, 'microsoft-365-deployment');
INSERT INTO product_timeline_milestones (variant_id, milestone_text, sort_order) VALUES (58, 'Weeks 1-2: Environment setup, governance configuration, and sprint planning', 0);
INSERT INTO product_timeline_milestones (variant_id, milestone_text, sort_order) VALUES (58, 'Weeks 3-7: SharePoint build, Teams configuration, and integration development', 1);
INSERT INTO product_timeline_milestones (variant_id, milestone_text, sort_order) VALUES (58, 'Weeks 8-10: User acceptance testing, content migration, and champion training', 2);
INSERT INTO product_timeline_milestones (variant_id, milestone_text, sort_order) VALUES (58, 'Weeks 11-12: Controlled launch, hypercare support, and handover to your operations team', 3);
INSERT INTO products (id, slug, title, short_description, collection_id, is_high_impact, audience, industry_relevance, department, business_impact, status) VALUES (3, 'governance-risk-compliance-high-impact', 'Governance, Risk & Compliance (High-Impact)', 'Map your governance, risk, and compliance posture against the controls that matter most, and leave with a prioritised remediation plan your board can sign off.', 'security', true, 'CISOs, risk and compliance officers, heads of internal audit, and legal and regulatory affairs leaders', 'Regulated organisations in financial services, healthcare, government, and any business preparing for certification or facing audit scrutiny', 'Governance, Risk, Compliance, Audit & Legal', 'Reduces audit findings and regulatory exposure by focusing remediation on the controls with the greatest risk, shortening the path to certification and strengthening board-level assurance.', 'published');
INSERT INTO product_category_map (product_id, category_id) VALUES (3, 'modernise-technology') ON CONFLICT DO NOTHING;
INSERT INTO product_category_map (product_id, category_id) VALUES (3, 'improve-operations') ON CONFLICT DO NOTHING;
INSERT INTO product_variants (id, product_id, sku, slug, variant_name, service_type_id, duration_display, duration_weeks_min, duration_weeks_max, delivery_complexity, implementation_model, badge, positioning, is_default_variant, status) VALUES (85, 3, 'SEC-ADV-85', 'governance-risk-compliance-high-impact-assess-85', 'Assess', 'advisory', '1 Week', 1, 1, 'medium', 'TMaaS Managed Delivery', 'Assess', 'See where compliance gaps create real exposure, then fix the highest-risk ones first.', true, 'published');
INSERT INTO marketplace_listings (id, merchant_id, variant_id, listing_status, purchasability, popularity_score) VALUES (10, 1, 85, 'active', 'free', 100);
INSERT INTO variant_prices (listing_id, price_type, amount, price_display, billing_period, is_current) VALUES (10, 'list', 0, 'Free', 'one_time', true);
INSERT INTO product_content (variant_id, description, positioning) VALUES (85, 'Map your governance, risk, and compliance posture against the controls that matter most, and leave with a prioritised remediation plan your board can sign off.', 'See where compliance gaps create real exposure, then fix the highest-risk ones first.');
INSERT INTO product_features (variant_id, feature_text, sort_order) VALUES (85, 'Control-by-control gap assessment against your chosen framework (ISO 27001, NIST CSF, SOC 2, or sector standard)', 0);
INSERT INTO product_features (variant_id, feature_text, sort_order) VALUES (85, 'Risk register scored by likelihood and business impact so investment targets the right areas', 1);
INSERT INTO product_features (variant_id, feature_text, sort_order) VALUES (85, 'Prioritised remediation roadmap with named owners, effort bands, and sequenced dependencies', 2);
INSERT INTO product_features (variant_id, feature_text, sort_order) VALUES (85, 'Board-ready executive summary translating technical exposure into business risk language', 3);
INSERT INTO product_tags (variant_id, tag_name) VALUES (85, 'compliance');
INSERT INTO product_tags (variant_id, tag_name) VALUES (85, 'risk-management');
INSERT INTO product_tags (variant_id, tag_name) VALUES (85, 'GRC');
INSERT INTO product_tags (variant_id, tag_name) VALUES (85, 'audit-readiness');
INSERT INTO product_timeline_milestones (variant_id, milestone_text, sort_order) VALUES (85, 'Days 1-2: Scope confirmation, framework alignment, and stakeholder interviews', 0);
INSERT INTO product_timeline_milestones (variant_id, milestone_text, sort_order) VALUES (85, 'Days 3-4: Control evidence review, gap scoring, and risk register build', 1);
INSERT INTO product_timeline_milestones (variant_id, milestone_text, sort_order) VALUES (85, 'Day 5: Findings playback, roadmap validation, and board summary delivery', 2);
INSERT INTO product_variants (id, product_id, sku, slug, variant_name, service_type_id, duration_display, duration_weeks_min, duration_weeks_max, delivery_complexity, implementation_model, badge, positioning, is_default_variant, status) VALUES (86, 3, 'SEC-DES-86', 'governance-risk-compliance-high-impact-design-86', 'Design', 'design', '4 Weeks', 4, 4, 'high', 'TMaaS Managed Delivery', 'Design', 'A delivery-ready GRC blueprint: operating model, controls architecture, and integration specifications in four weeks.', false, 'published');
INSERT INTO marketplace_listings (id, merchant_id, variant_id, listing_status, purchasability, popularity_score) VALUES (11, 1, 86, 'active', 'buy_now', 99);
INSERT INTO variant_prices (listing_id, price_type, amount, price_display, billing_period, is_current) VALUES (11, 'from', 1000, 'From $1,000', 'one_time', true);
INSERT INTO product_content (variant_id, description, positioning) VALUES (86, 'Turn your compliance goals and risk appetite into a fully specified GRC operating model, with process designs, control architectures, and implementation blueprints your delivery teams can build against.', 'A delivery-ready GRC blueprint: operating model, controls architecture, and integration specifications in four weeks.');
INSERT INTO product_features (variant_id, feature_text, sort_order) VALUES (86, 'GRC operating model design covering roles, accountabilities, escalation paths, and review cadences', 0);
INSERT INTO product_features (variant_id, feature_text, sort_order) VALUES (86, 'Control architecture specifying the controls, automation points, and tooling integrations to close priority gaps', 1);
INSERT INTO product_features (variant_id, feature_text, sort_order) VALUES (86, 'Process and workflow designs for risk identification, incident triage, and compliance reporting', 2);
INSERT INTO product_features (variant_id, feature_text, sort_order) VALUES (86, 'User-centred interface prototypes and adoption plan so teams actually use what is built', 3);
INSERT INTO product_tags (variant_id, tag_name) VALUES (86, 'compliance');
INSERT INTO product_tags (variant_id, tag_name) VALUES (86, 'risk-management');
INSERT INTO product_tags (variant_id, tag_name) VALUES (86, 'GRC');
INSERT INTO product_tags (variant_id, tag_name) VALUES (86, 'operating-model');
INSERT INTO product_timeline_milestones (variant_id, milestone_text, sort_order) VALUES (86, 'Week 1: Current-state review, requirements capture, and design principles', 0);
INSERT INTO product_timeline_milestones (variant_id, milestone_text, sort_order) VALUES (86, 'Weeks 2-3: Operating model design, control architecture, and workflow prototyping', 1);
INSERT INTO product_timeline_milestones (variant_id, milestone_text, sort_order) VALUES (86, 'Week 4: Specification sign-off, integration requirements, and build handover package', 2);
INSERT INTO product_variants (id, product_id, sku, slug, variant_name, service_type_id, duration_display, duration_weeks_min, duration_weeks_max, delivery_complexity, implementation_model, badge, positioning, is_default_variant, status) VALUES (88, 3, 'SEC-DEP-88', 'governance-risk-compliance-high-impact-deploy-88', 'Deploy', 'deploy', '12 Weeks', 12, 12, 'high', 'TMaaS Managed Delivery', 'Deploy', 'From design to live GRC operations: configured controls, integrated systems, and a tested, handed-over capability.', false, 'published');
INSERT INTO marketplace_listings (id, merchant_id, variant_id, listing_status, purchasability, popularity_score) VALUES (12, 1, 88, 'active', 'request_quote', 97);
INSERT INTO variant_prices (listing_id, price_type, amount, price_display, billing_period, is_current) VALUES (12, 'custom_floor', NULL, 'Custom', 'one_time', true);
INSERT INTO product_content (variant_id, description, positioning) VALUES (88, 'Configure, integrate, test, and launch your GRC capability across the agreed scope, with staged testing and signed acceptance criteria at every phase and a controlled handover that leaves your operations team ready to run.', 'From design to live GRC operations: configured controls, integrated systems, and a tested, handed-over capability.');
INSERT INTO product_features (variant_id, feature_text, sort_order) VALUES (88, 'End-to-end configuration of your GRC platform against agreed control requirements and operating model', 0);
INSERT INTO product_features (variant_id, feature_text, sort_order) VALUES (88, 'System integrations connecting risk, compliance, and audit data sources so reporting is automated and accurate', 1);
INSERT INTO product_features (variant_id, feature_text, sort_order) VALUES (88, 'Three-phase testing programme covering functional, integration, and user acceptance before go-live', 2);
INSERT INTO product_features (variant_id, feature_text, sort_order) VALUES (88, 'Controlled launch with runbooks, training, and a hypercare period so operations teams are fully prepared', 3);
INSERT INTO product_tags (variant_id, tag_name) VALUES (88, 'GRC-implementation');
INSERT INTO product_tags (variant_id, tag_name) VALUES (88, 'compliance');
INSERT INTO product_tags (variant_id, tag_name) VALUES (88, 'risk-management');
INSERT INTO product_tags (variant_id, tag_name) VALUES (88, 'platform-deployment');
INSERT INTO product_timeline_milestones (variant_id, milestone_text, sort_order) VALUES (88, 'Weeks 1-3: Environment setup, configuration, and initial integration build', 0);
INSERT INTO product_timeline_milestones (variant_id, milestone_text, sort_order) VALUES (88, 'Weeks 4-8: Integration testing, control validation, and UAT with compliance and audit teams', 1);
INSERT INTO product_timeline_milestones (variant_id, milestone_text, sort_order) VALUES (88, 'Weeks 9-11: Pilot launch, issue resolution, and runbook finalisation', 2);
INSERT INTO product_timeline_milestones (variant_id, milestone_text, sort_order) VALUES (88, 'Week 12: Full go-live, hypercare activation, and operational handover', 3);
INSERT INTO products (id, slug, title, short_description, collection_id, is_high_impact, audience, industry_relevance, department, business_impact, status) VALUES (4, 'enterprise-data-platform-high-impact', 'Enterprise Data Platform (High-Impact)', 'Pinpoint the architecture weaknesses, governance gaps, and pipeline failures holding your data platform back from becoming a trusted enterprise asset, and leave with a scored maturity view and prioritised roadmap your CDO and engineering leads can act on immediately.', 'ai', true, 'CDOs, CIOs, and data and analytics engineering leads', 'Organisations building governed data platforms, data products, or AI-ready foundations across financial services, retail, healthcare, and the public sector', 'Data, Analytics, AI, Governance & IT', 'Cuts wasted data engineering effort by exposing root causes of quality and governance failures, and gives leadership a concrete investment case for the platform improvements with the greatest return.', 'published');
INSERT INTO product_category_map (product_id, category_id) VALUES (4, 'modernise-technology') ON CONFLICT DO NOTHING;
INSERT INTO product_category_map (product_id, category_id) VALUES (4, 'improve-operations') ON CONFLICT DO NOTHING;
INSERT INTO product_variants (id, product_id, sku, slug, variant_name, service_type_id, duration_display, duration_weeks_min, duration_weeks_max, delivery_complexity, implementation_model, badge, positioning, is_default_variant, status) VALUES (103, 4, 'AI-ADV-103', 'enterprise-data-platform-high-impact-assess-103', 'Assess', 'advisory', '1 Week', 1, 1, 'medium', 'TMaaS Managed Delivery', 'Assess', 'Pinpoint the data quality, governance, and architecture gaps blocking your platform from becoming a trusted enterprise asset.', true, 'published');
INSERT INTO marketplace_listings (id, merchant_id, variant_id, listing_status, purchasability, popularity_score) VALUES (13, 1, 103, 'active', 'free', 100);
INSERT INTO variant_prices (listing_id, price_type, amount, price_display, billing_period, is_current) VALUES (13, 'list', 0, 'Free', 'one_time', true);
INSERT INTO product_content (variant_id, description, positioning) VALUES (103, 'Pinpoint the architecture weaknesses, governance gaps, and pipeline failures holding your data platform back from becoming a trusted enterprise asset, and leave with a scored maturity view and prioritised roadmap your CDO and engineering leads can act on immediately.', 'Pinpoint the data quality, governance, and architecture gaps blocking your platform from becoming a trusted enterprise asset.');
INSERT INTO product_features (variant_id, feature_text, sort_order) VALUES (103, 'A domain-by-domain scorecard showing exactly which gaps in ingestion, storage, governance, and consumption are undermining data trust, so investment targets the root causes rather than the symptoms', 0);
INSERT INTO product_features (variant_id, feature_text, sort_order) VALUES (103, 'Data quality and lineage gap identification with root-cause mapping', 1);
INSERT INTO product_features (variant_id, feature_text, sort_order) VALUES (103, 'Prioritised remediation roadmap ranked by business impact and implementation effort', 2);
INSERT INTO product_features (variant_id, feature_text, sort_order) VALUES (103, 'Stakeholder-ready findings pack including an executive summary and a technical annexe', 3);
INSERT INTO product_tags (variant_id, tag_name) VALUES (103, 'data-platform');
INSERT INTO product_tags (variant_id, tag_name) VALUES (103, 'data-governance');
INSERT INTO product_tags (variant_id, tag_name) VALUES (103, 'maturity-assessment');
INSERT INTO product_timeline_milestones (variant_id, milestone_text, sort_order) VALUES (103, 'Days 1-2: Architecture review, stakeholder interviews, and data landscape mapping', 0);
INSERT INTO product_timeline_milestones (variant_id, milestone_text, sort_order) VALUES (103, 'Days 3-4: Pipeline and governance analysis, quality sampling, and gap scoring', 1);
INSERT INTO product_timeline_milestones (variant_id, milestone_text, sort_order) VALUES (103, 'Day 5: Findings playback, roadmap walkthrough, and executive summary delivery', 2);
INSERT INTO product_variants (id, product_id, sku, slug, variant_name, service_type_id, duration_display, duration_weeks_min, duration_weeks_max, delivery_complexity, implementation_model, badge, positioning, is_default_variant, status) VALUES (104, 4, 'AI-DES-104', 'enterprise-data-platform-high-impact-design-104', 'Design', 'design', '4 Weeks', 4, 4, 'high', 'TMaaS Managed Delivery', 'Design', 'Go from data platform ambition to build-ready specifications: architecture, contracts, governance, and an adoption plan in one engagement.', false, 'published');
INSERT INTO marketplace_listings (id, merchant_id, variant_id, listing_status, purchasability, popularity_score) VALUES (14, 1, 104, 'active', 'buy_now', 99);
INSERT INTO variant_prices (listing_id, price_type, amount, price_display, billing_period, is_current) VALUES (14, 'from', 1000, 'From $1,000', 'one_time', true);
INSERT INTO product_content (variant_id, description, positioning) VALUES (104, 'Turn your enterprise data platform goals into an architecture blueprint, data model specifications, and a governance framework your engineering teams can build against with confidence.', 'Go from data platform ambition to build-ready specifications: architecture, contracts, governance, and an adoption plan in one engagement.');
INSERT INTO product_features (variant_id, feature_text, sort_order) VALUES (104, 'A build-ready architecture blueprint your engineering teams can act on immediately, with every layer -- ingestion, processing, storage, and serving -- specified so delivery starts without rework or ambiguity', 0);
INSERT INTO product_features (variant_id, feature_text, sort_order) VALUES (104, 'Canonical data model and domain ownership definitions aligned to your business domains', 1);
INSERT INTO product_features (variant_id, feature_text, sort_order) VALUES (104, 'Governance framework including lineage, cataloguing, access control, and data quality contracts', 2);
INSERT INTO product_features (variant_id, feature_text, sort_order) VALUES (104, 'Phased build plan with team assignments, milestones, and dependency sequencing', 3);
INSERT INTO product_tags (variant_id, tag_name) VALUES (104, 'data-platform');
INSERT INTO product_tags (variant_id, tag_name) VALUES (104, 'data-architecture');
INSERT INTO product_tags (variant_id, tag_name) VALUES (104, 'data-governance');
INSERT INTO product_timeline_milestones (variant_id, milestone_text, sort_order) VALUES (104, 'Week 1: Discovery, requirements workshops, and current-state architecture review', 0);
INSERT INTO product_timeline_milestones (variant_id, milestone_text, sort_order) VALUES (104, 'Week 2: Target architecture design, data domain mapping, and technology selection', 1);
INSERT INTO product_timeline_milestones (variant_id, milestone_text, sort_order) VALUES (104, 'Week 3: Governance framework, data contracts, and integration design', 2);
INSERT INTO product_timeline_milestones (variant_id, milestone_text, sort_order) VALUES (104, 'Week 4: Build plan, adoption playbook, and design pack delivery', 3);
INSERT INTO product_variants (id, product_id, sku, slug, variant_name, service_type_id, duration_display, duration_weeks_min, duration_weeks_max, delivery_complexity, implementation_model, badge, positioning, is_default_variant, status) VALUES (106, 4, 'AI-DEP-106', 'enterprise-data-platform-high-impact-deploy-106', 'Deploy', 'deploy', '12 Weeks', 12, 12, 'high', 'TMaaS Managed Delivery', 'Deploy', 'Move from approved architecture to a live, tested data platform, with every pipeline validated, every integration confirmed, and your team ready to operate it.', false, 'published');
INSERT INTO marketplace_listings (id, merchant_id, variant_id, listing_status, purchasability, popularity_score) VALUES (15, 1, 106, 'active', 'request_quote', 97);
INSERT INTO variant_prices (listing_id, price_type, amount, price_display, billing_period, is_current) VALUES (15, 'custom_floor', NULL, 'Custom', 'one_time', true);
INSERT INTO product_content (variant_id, description, positioning) VALUES (106, 'Configure, integrate, and launch your enterprise data platform with sprint-gated quality assurance, full pipeline testing, and a clean handover to your operations and data engineering teams, within a fixed twelve-week programme.', 'Move from approved architecture to a live, tested data platform, with every pipeline validated, every integration confirmed, and your team ready to operate it.');
INSERT INTO product_features (variant_id, feature_text, sort_order) VALUES (106, 'A live, production-ready data platform built to the approved blueprint, with all pipelines running, acceptance criteria met, and your operations team certified before the DigitalQatalyst team steps back', 0);
INSERT INTO product_features (variant_id, feature_text, sort_order) VALUES (106, 'Pipeline build and integration testing covering ingestion, transformation, and serving layers end to end', 1);
INSERT INTO product_features (variant_id, feature_text, sort_order) VALUES (106, 'Data quality validation at each layer with acceptance criteria agreed before launch', 2);
INSERT INTO product_features (variant_id, feature_text, sort_order) VALUES (106, 'Week-by-week knowledge transfer with your operations team certified against runbooks and on-call guides before handover', 3);
INSERT INTO product_tags (variant_id, tag_name) VALUES (106, 'data-platform');
INSERT INTO product_tags (variant_id, tag_name) VALUES (106, 'data-engineering');
INSERT INTO product_tags (variant_id, tag_name) VALUES (106, 'platform-deployment');
INSERT INTO product_timeline_milestones (variant_id, milestone_text, sort_order) VALUES (106, 'Weeks 1-3: Environment setup, infrastructure provisioning, and pipeline scaffolding', 0);
INSERT INTO product_timeline_milestones (variant_id, milestone_text, sort_order) VALUES (106, 'Weeks 4-7: Pipeline implementation, source system integration, and data quality testing', 1);
INSERT INTO product_timeline_milestones (variant_id, milestone_text, sort_order) VALUES (106, 'Weeks 8-10: End-to-end validation, performance testing, and user acceptance testing', 2);
INSERT INTO product_timeline_milestones (variant_id, milestone_text, sort_order) VALUES (106, 'Weeks 11-12: Controlled launch, handover sessions, and runbook sign-off', 3);
INSERT INTO product_variants (id, product_id, sku, slug, variant_name, service_type_id, duration_display, duration_weeks_min, duration_weeks_max, delivery_complexity, implementation_model, badge, positioning, is_default_variant, status) VALUES (108, 4, 'AI-MAN-108', 'enterprise-data-platform-high-impact-managed-108', 'Managed', 'manage', 'Ongoing', NULL, NULL, 'medium', 'TMaaS Managed Delivery', 'Managed', 'Keep your data platform trusted and performant every month, with proactive monitoring, rapid incident resolution, and a continuous improvement cycle built into the service.', false, 'published');
INSERT INTO marketplace_listings (id, merchant_id, variant_id, listing_status, purchasability, popularity_score) VALUES (16, 1, 108, 'active', 'buy_now', 95);
INSERT INTO variant_prices (listing_id, price_type, amount, price_display, billing_period, is_current) VALUES (16, 'list', NULL, 'Custom Monthly Plans', 'monthly', true);
INSERT INTO product_content (variant_id, description, positioning) VALUES (108, 'Keep your enterprise data platform running, governed, and improving every month, with SLA-backed pipeline monitoring, incident response, data quality reporting, and continuous optimisation by the DigitalQatalyst team.', 'Keep your data platform trusted and performant every month, with proactive monitoring, rapid incident resolution, and a continuous improvement cycle built into the service.');
INSERT INTO product_features (variant_id, feature_text, sort_order) VALUES (108, 'Continuous pipeline health coverage with defined SLAs, so data failures are caught and resolved before they affect the business decisions or reports that depend on them', 0);
INSERT INTO product_features (variant_id, feature_text, sort_order) VALUES (108, 'Monthly data quality reports covering completeness, accuracy, freshness, and lineage coverage', 1);
INSERT INTO product_features (variant_id, feature_text, sort_order) VALUES (108, 'Capacity and performance optimisation reviews ensuring platform costs and query performance stay within targets', 2);
INSERT INTO product_features (variant_id, feature_text, sort_order) VALUES (108, 'Governance and compliance reporting aligned to your data policies and any applicable regulations', 3);
INSERT INTO product_tags (variant_id, tag_name) VALUES (108, 'data-platform');
INSERT INTO product_tags (variant_id, tag_name) VALUES (108, 'managed-service');
INSERT INTO product_tags (variant_id, tag_name) VALUES (108, 'platform-operations');
INSERT INTO product_tags (variant_id, tag_name) VALUES (108, 'data-quality');
INSERT INTO product_timeline_milestones (variant_id, milestone_text, sort_order) VALUES (108, 'Month 1: Onboarding, monitoring baseline, and SLA definition', 0);
INSERT INTO product_timeline_milestones (variant_id, milestone_text, sort_order) VALUES (108, 'Month 2 onwards: Continuous monitoring, monthly quality reports, and quarterly optimisation reviews', 1);
INSERT INTO product_timeline_milestones (variant_id, milestone_text, sort_order) VALUES (108, 'Ongoing: Incident management, change requests, and annual roadmap review', 2);
INSERT INTO product_variants (id, product_id, sku, slug, variant_name, service_type_id, duration_display, duration_weeks_min, duration_weeks_max, delivery_complexity, implementation_model, badge, positioning, is_default_variant, status) VALUES (203, 1, 'EXP-BUN-203', 'online-web-presence-high-impact-transformation-bundle-203', 'Transformation Bundle', 'bundle', '16-24 Weeks', 16, 24, 'high', 'TMaaS Managed Delivery', 'Bundle', 'One team, one programme, one web presence that converts visitors and keeps improving after go-live.', false, 'published');
INSERT INTO marketplace_listings (id, merchant_id, variant_id, listing_status, purchasability, popularity_score) VALUES (17, 1, 203, 'active', 'request_quote', 200);
INSERT INTO variant_prices (listing_id, price_type, amount, price_display, billing_period, is_current) VALUES (17, 'custom_floor', NULL, 'Custom', 'one_time', true);
INSERT INTO product_content (variant_id, description, positioning) VALUES (203, 'Take your organisation''s website from a static brochure to a high-performing digital front door: designed, AI-enhanced, launched, and actively managed under a single continuous programme. Every stage builds on the last, so the web presence that goes live reflects the strategy set on day one.', 'One team, one programme, one web presence that converts visitors and keeps improving after go-live.');
INSERT INTO product_features (variant_id, feature_text, sort_order) VALUES (203, 'Continuous team context across Design, AI Design, Deploy, AI Deploy, and Managed stages removes costly re-onboarding between phases', 0);
INSERT INTO product_features (variant_id, feature_text, sort_order) VALUES (203, 'AI-informed content personalisation and journey optimisation built into the architecture from the design stage, not retrofitted later', 1);
INSERT INTO product_features (variant_id, feature_text, sort_order) VALUES (203, 'Unified governance framework means every milestone, change request, and performance metric is tracked in one place throughout the engagement', 2);
INSERT INTO product_features (variant_id, feature_text, sort_order) VALUES (203, 'Post-launch managed service extends the programme investment, applying analytics and optimisation so performance compounds over time', 3);
INSERT INTO product_tags (variant_id, tag_name) VALUES (203, 'bundle');
INSERT INTO product_tags (variant_id, tag_name) VALUES (203, 'end-to-end');
INSERT INTO product_tags (variant_id, tag_name) VALUES (203, 'web-presence');
INSERT INTO product_tags (variant_id, tag_name) VALUES (203, 'digital-experience');
INSERT INTO product_timeline_milestones (variant_id, milestone_text, sort_order) VALUES (203, 'Weeks 1-4: Web strategy, user research, information architecture, and design blueprints', 0);
INSERT INTO product_timeline_milestones (variant_id, milestone_text, sort_order) VALUES (203, 'Weeks 5-8: AI use-case validation and content personalisation specifications', 1);
INSERT INTO product_timeline_milestones (variant_id, milestone_text, sort_order) VALUES (203, 'Weeks 9-16: Platform build, content migration, integrations, and structured testing', 2);
INSERT INTO product_timeline_milestones (variant_id, milestone_text, sort_order) VALUES (203, 'Weeks 17-20: AI capability deployment, monitoring configuration, and controlled launch', 3);
INSERT INTO product_timeline_milestones (variant_id, milestone_text, sort_order) VALUES (203, 'Weeks 21-24: Managed service activation, first optimisation cycle, and performance review', 4);
INSERT INTO product_variants (id, product_id, sku, slug, variant_name, service_type_id, duration_display, duration_weeks_min, duration_weeks_max, delivery_complexity, implementation_model, badge, positioning, is_default_variant, status) VALUES (212, 2, 'OPE-BUN-212', 'digital-workplace-high-impact-transformation-bundle-212', 'Transformation Bundle', 'bundle', '16-24 Weeks', 16, 24, 'high', 'TMaaS Managed Delivery', 'Bundle', 'A digital workplace your employees will actually use, built with their journeys in mind from the first workshop to managed operations.', false, 'published');
INSERT INTO marketplace_listings (id, merchant_id, variant_id, listing_status, purchasability, popularity_score) VALUES (18, 1, 212, 'active', 'request_quote', 200);
INSERT INTO variant_prices (listing_id, price_type, amount, price_display, billing_period, is_current) VALUES (18, 'custom_floor', NULL, 'Custom', 'one_time', true);
INSERT INTO product_content (variant_id, description, positioning) VALUES (212, 'Create a digital workplace where employees find information, collaborate across teams, and complete workflows without switching between disconnected tools. This bundle takes the employee experience from journey design to platform deployment to managed operations, maintaining the same understanding of how your organisation works at every stage.', 'A digital workplace your employees will actually use, built with their journeys in mind from the first workshop to managed operations.');
INSERT INTO product_features (variant_id, feature_text, sort_order) VALUES (212, 'Employee journey research from the design stage shapes platform configuration decisions, preventing the common failure of deploying tools that do not fit real working patterns', 0);
INSERT INTO product_features (variant_id, feature_text, sort_order) VALUES (212, 'AI-assisted search, knowledge surfacing, and workflow automation validated before build ensures intelligent features are woven into the platform architecture, not added as plugins', 1);
INSERT INTO product_features (variant_id, feature_text, sort_order) VALUES (212, 'Change and adoption programme designed in stage one and executed through deployment, creating the adoption conditions for durable behaviour change rather than short-term launch activity', 2);
INSERT INTO product_features (variant_id, feature_text, sort_order) VALUES (212, 'Managed service includes platform health monitoring, feature adoption tracking, and quarterly capability reviews so the workplace continues to deliver value as the organisation evolves', 3);
INSERT INTO product_tags (variant_id, tag_name) VALUES (212, 'bundle');
INSERT INTO product_tags (variant_id, tag_name) VALUES (212, 'end-to-end');
INSERT INTO product_tags (variant_id, tag_name) VALUES (212, 'digital-workplace');
INSERT INTO product_tags (variant_id, tag_name) VALUES (212, 'employee-experience');
INSERT INTO product_timeline_milestones (variant_id, milestone_text, sort_order) VALUES (212, 'Weeks 1-4: Employee journey research, information architecture design, collaboration workflow blueprints, and governance model', 0);
INSERT INTO product_timeline_milestones (variant_id, milestone_text, sort_order) VALUES (212, 'Weeks 5-8: AI search and workflow automation use-case validation and integration requirements', 1);
INSERT INTO product_timeline_milestones (variant_id, milestone_text, sort_order) VALUES (212, 'Weeks 9-16: Platform configuration, intranet or collaboration suite build, integrations, and UAT', 2);
INSERT INTO product_timeline_milestones (variant_id, milestone_text, sort_order) VALUES (212, 'Weeks 17-20: AI feature deployment, adoption programme launch, and controlled go-live', 3);
INSERT INTO product_timeline_milestones (variant_id, milestone_text, sort_order) VALUES (212, 'Weeks 21-24: Managed service start, adoption metrics baseline, and first quarterly capability review', 4);
INSERT INTO product_variants (id, product_id, sku, slug, variant_name, service_type_id, duration_display, duration_weeks_min, duration_weeks_max, delivery_complexity, implementation_model, badge, positioning, is_default_variant, status) VALUES (216, 3, 'SEC-BUN-216', 'governance-risk-compliance-high-impact-transformation-bundle-216', 'Transformation Bundle', 'bundle', '16-24 Weeks', 16, 24, 'high', 'TMaaS Managed Delivery', 'Bundle', 'From control design to continuous compliance: a GRC capability built, deployed, and operated under a single programme.', false, 'published');
INSERT INTO marketplace_listings (id, merchant_id, variant_id, listing_status, purchasability, popularity_score) VALUES (19, 1, 216, 'active', 'request_quote', 200);
INSERT INTO variant_prices (listing_id, price_type, amount, price_display, billing_period, is_current) VALUES (19, 'custom_floor', NULL, 'Custom', 'one_time', true);
INSERT INTO product_content (variant_id, description, positioning) VALUES (216, 'Build a governance, risk, and compliance capability that is designed with your control frameworks in mind, enhanced with responsible AI, deployed with full audit evidence, and then operated continuously so your compliance posture never degrades between reporting cycles. The bundle eliminates the gap between compliance assessment and live GRC operations.', 'From control design to continuous compliance: a GRC capability built, deployed, and operated under a single programme.');
INSERT INTO product_features (variant_id, feature_text, sort_order) VALUES (216, 'Control framework, risk taxonomy, and operating model designed together in stage one, ensuring the GRC platform is configured to reflect your actual risk appetite rather than a generic template', 0);
INSERT INTO product_features (variant_id, feature_text, sort_order) VALUES (216, 'AI risk detection and compliance monitoring use cases validated against regulatory constraints and data quality requirements before any configuration work begins', 1);
INSERT INTO product_features (variant_id, feature_text, sort_order) VALUES (216, 'Audit evidence pack produced during deployment is scoped to support both internal audit review and external certification, built in rather than assembled after go-live', 2);
INSERT INTO product_features (variant_id, feature_text, sort_order) VALUES (216, 'Managed service provides monthly compliance performance reports, quarterly control testing, and proactive regulatory change monitoring as a continuous managed programme', 3);
INSERT INTO product_tags (variant_id, tag_name) VALUES (216, 'bundle');
INSERT INTO product_tags (variant_id, tag_name) VALUES (216, 'end-to-end');
INSERT INTO product_tags (variant_id, tag_name) VALUES (216, 'GRC');
INSERT INTO product_tags (variant_id, tag_name) VALUES (216, 'compliance-operations');
INSERT INTO product_timeline_milestones (variant_id, milestone_text, sort_order) VALUES (216, 'Weeks 1-4: Control framework design, risk taxonomy, GRC operating model blueprints, and platform selection', 0);
INSERT INTO product_timeline_milestones (variant_id, milestone_text, sort_order) VALUES (216, 'Weeks 5-8: AI compliance monitoring and risk detection use-case validation, regulatory constraint review', 1);
INSERT INTO product_timeline_milestones (variant_id, milestone_text, sort_order) VALUES (216, 'Weeks 9-16: GRC platform configuration, system integrations, control workflow build, and audit evidence testing', 2);
INSERT INTO product_timeline_milestones (variant_id, milestone_text, sort_order) VALUES (216, 'Weeks 17-20: AI monitoring deployment, alert tuning, parallel-run validation, and go-live', 3);
INSERT INTO product_timeline_milestones (variant_id, milestone_text, sort_order) VALUES (216, 'Weeks 21-24: Managed compliance operations start, first monthly report, and quarterly control testing schedule', 4);
INSERT INTO product_variants (id, product_id, sku, slug, variant_name, service_type_id, duration_display, duration_weeks_min, duration_weeks_max, delivery_complexity, implementation_model, badge, positioning, is_default_variant, status) VALUES (219, 4, 'AI-BUN-219', 'enterprise-data-platform-high-impact-transformation-bundle-219', 'Transformation Bundle', 'bundle', '16-24 Weeks', 16, 24, 'high', 'TMaaS Managed Delivery', 'Bundle', 'A governed data platform designed for scale, deployed for quality, and managed so trust in data compounds over time.', false, 'published');
INSERT INTO marketplace_listings (id, merchant_id, variant_id, listing_status, purchasability, popularity_score) VALUES (20, 1, 219, 'active', 'request_quote', 200);
INSERT INTO variant_prices (listing_id, price_type, amount, price_display, billing_period, is_current) VALUES (20, 'custom_floor', NULL, 'Custom', 'one_time', true);
INSERT INTO product_content (variant_id, description, positioning) VALUES (219, 'Build the data foundation your organisation needs to trust its reporting, scale its analytics, and adopt AI with confidence. This bundle takes the data platform from architecture design and governance model through to live deployment and managed data operations, with data quality and platform reliability maintained as continuous commitments rather than launch-time promises.', 'A governed data platform designed for scale, deployed for quality, and managed so trust in data compounds over time.');
INSERT INTO product_features (variant_id, feature_text, sort_order) VALUES (219, 'Data architecture, governance model, and domain ownership structure designed before any platform configuration, ensuring the technical choices serve the data strategy rather than constraining it', 0);
INSERT INTO product_features (variant_id, feature_text, sort_order) VALUES (219, 'AI-readiness validation confirms that the data assets, metadata standards, and quality thresholds needed for planned AI workloads are achievable before build investment is committed', 1);
INSERT INTO product_features (variant_id, feature_text, sort_order) VALUES (219, 'Data quality framework designed in stage one and enforced through platform configuration and managed operations, creating a continuous quality assurance programme rather than a one-time data cleanse', 2);
INSERT INTO product_features (variant_id, feature_text, sort_order) VALUES (219, 'Managed data operations include data catalogue maintenance, pipeline health monitoring, and quarterly data product reviews, keeping the platform reliable as new sources and consumers are added', 3);
INSERT INTO product_tags (variant_id, tag_name) VALUES (219, 'bundle');
INSERT INTO product_tags (variant_id, tag_name) VALUES (219, 'end-to-end');
INSERT INTO product_tags (variant_id, tag_name) VALUES (219, 'data-platform');
INSERT INTO product_tags (variant_id, tag_name) VALUES (219, 'data-governance');
INSERT INTO product_timeline_milestones (variant_id, milestone_text, sort_order) VALUES (219, 'Weeks 1-5: Data architecture design, governance model, domain ownership, and platform selection', 0);
INSERT INTO product_timeline_milestones (variant_id, milestone_text, sort_order) VALUES (219, 'Weeks 6-9: AI-readiness validation, data quality requirements, and integration catalogue review', 1);
INSERT INTO product_timeline_milestones (variant_id, milestone_text, sort_order) VALUES (219, 'Weeks 10-17: Platform build, data pipeline development, metadata framework, and data quality testing', 2);
INSERT INTO product_timeline_milestones (variant_id, milestone_text, sort_order) VALUES (219, 'Weeks 18-21: AI workload environment deployment, data catalogue publication, and controlled go-live', 3);
INSERT INTO product_timeline_milestones (variant_id, milestone_text, sort_order) VALUES (219, 'Weeks 22-24: Managed data operations activation, pipeline monitoring, and first data quality review cycle', 4);
INSERT INTO bundle_items (bundle_variant_id, included_variant_id, sort_order) VALUES (203, 2, 0) ON CONFLICT DO NOTHING;
INSERT INTO bundle_items (bundle_variant_id, included_variant_id, sort_order) VALUES (203, 3, 1) ON CONFLICT DO NOTHING;
INSERT INTO bundle_items (bundle_variant_id, included_variant_id, sort_order) VALUES (203, 4, 2) ON CONFLICT DO NOTHING;
INSERT INTO bundle_items (bundle_variant_id, included_variant_id, sort_order) VALUES (203, 6, 3) ON CONFLICT DO NOTHING;
INSERT INTO bundle_items (bundle_variant_id, included_variant_id, sort_order) VALUES (212, 56, 0) ON CONFLICT DO NOTHING;
INSERT INTO bundle_items (bundle_variant_id, included_variant_id, sort_order) VALUES (212, 57, 1) ON CONFLICT DO NOTHING;
INSERT INTO bundle_items (bundle_variant_id, included_variant_id, sort_order) VALUES (212, 58, 2) ON CONFLICT DO NOTHING;
INSERT INTO bundle_items (bundle_variant_id, included_variant_id, sort_order) VALUES (216, 86, 0) ON CONFLICT DO NOTHING;
INSERT INTO bundle_items (bundle_variant_id, included_variant_id, sort_order) VALUES (216, 88, 1) ON CONFLICT DO NOTHING;
INSERT INTO bundle_items (bundle_variant_id, included_variant_id, sort_order) VALUES (219, 104, 0) ON CONFLICT DO NOTHING;
INSERT INTO bundle_items (bundle_variant_id, included_variant_id, sort_order) VALUES (219, 106, 1) ON CONFLICT DO NOTHING;
INSERT INTO bundle_items (bundle_variant_id, included_variant_id, sort_order) VALUES (219, 108, 2) ON CONFLICT DO NOTHING;
INSERT INTO listing_placements (listing_id, placement, category_id, rank) VALUES (1, 'best_seller', NULL, 0);
INSERT INTO listing_placements (listing_id, placement, category_id, rank) VALUES (6, 'best_seller', NULL, 1);
INSERT INTO listing_placements (listing_id, placement, category_id, rank) VALUES (10, 'best_seller', NULL, 2);
INSERT INTO listing_placements (listing_id, placement, category_id, rank) VALUES (13, 'best_seller', NULL, 3);
INSERT INTO listing_placements (listing_id, placement, category_id, rank) VALUES (1, 'best_seller', 'experience', 0);
INSERT INTO listing_placements (listing_id, placement, category_id, rank) VALUES (2, 'best_seller', 'experience', 1);
INSERT INTO listing_placements (listing_id, placement, category_id, rank) VALUES (3, 'best_seller', 'experience', 2);
INSERT INTO listing_placements (listing_id, placement, category_id, rank) VALUES (4, 'best_seller', 'experience', 3);
INSERT INTO listing_placements (listing_id, placement, category_id, rank) VALUES (6, 'best_seller', 'operations', 0);
INSERT INTO listing_placements (listing_id, placement, category_id, rank) VALUES (7, 'best_seller', 'operations', 1);
INSERT INTO listing_placements (listing_id, placement, category_id, rank) VALUES (8, 'best_seller', 'operations', 2);
INSERT INTO listing_placements (listing_id, placement, category_id, rank) VALUES (9, 'best_seller', 'operations', 3);
INSERT INTO listing_placements (listing_id, placement, category_id, rank) VALUES (10, 'best_seller', 'security', 0);
INSERT INTO listing_placements (listing_id, placement, category_id, rank) VALUES (11, 'best_seller', 'security', 1);
INSERT INTO listing_placements (listing_id, placement, category_id, rank) VALUES (12, 'best_seller', 'security', 2);
INSERT INTO listing_placements (listing_id, placement, category_id, rank) VALUES (13, 'best_seller', 'ai', 0);
INSERT INTO listing_placements (listing_id, placement, category_id, rank) VALUES (14, 'best_seller', 'ai', 1);
INSERT INTO listing_placements (listing_id, placement, category_id, rank) VALUES (15, 'best_seller', 'ai', 2);
INSERT INTO listing_placements (listing_id, placement, category_id, rank) VALUES (16, 'best_seller', 'ai', 3);
SELECT reset_catalog_sequences();
SELECT refresh_product_search_index();
COMMIT;