-- Base catalog rows (35 products, 221 variants).
-- Card and PDP copy in this file are placeholders; migrations 09–10 apply the
-- authoritative non-generic copy from workspace/dba-catalog-copy (see handoff.md).

-- Seed: full marketplace catalog (35 products, 221 product_variants)
-- Prerequisites: migrations 20250610000001 … 20250610000006 must be applied first.
--
-- Regenerate: npm run db:migration:full-catalog
-- Standalone SQL copy: supabase/seed-data.sql
--
-- Run in Supabase Dashboard → SQL Editor, or: supabase db push
--
-- Re-seeding on a DB that already has catalog data: uncomment the TRUNCATE block below.

/*
TRUNCATE
  bundle_items,
  deploy_module_features,
  deploy_modules,
  listing_placements,
  variant_prices,
  marketplace_listings,
  product_timeline_milestones,
  product_tags,
  product_features,
  product_content,
  product_category_map,
  product_variants,
  products,
  merchants,
  categories
RESTART IDENTITY CASCADE;
*/

BEGIN;
INSERT INTO categories (id, label, category_type, sort_order, is_facetable) VALUES ('experience', 'Customer Experience & Engagement', 'capability', 0, true) ON CONFLICT (id) DO NOTHING;
INSERT INTO categories (id, label, category_type, sort_order, is_facetable) VALUES ('operations', 'Business Operations & Productivity', 'capability', 1, true) ON CONFLICT (id) DO NOTHING;
INSERT INTO categories (id, label, category_type, sort_order, is_facetable) VALUES ('security', 'Development, Security, and Operations', 'capability', 2, true) ON CONFLICT (id) DO NOTHING;
INSERT INTO categories (id, label, category_type, sort_order, is_facetable) VALUES ('ai', 'Data, AI & Analytics', 'capability', 3, true) ON CONFLICT (id) DO NOTHING;
INSERT INTO categories (id, label, category_type, sort_order, is_facetable) VALUES ('bundles', 'Bundles', 'navigation', 99, false) ON CONFLICT (id) DO NOTHING;
INSERT INTO categories (id, label, category_type, sort_order, is_facetable) VALUES ('farming-4-0', 'Farming 4.0', 'sector', 0, true) ON CONFLICT (id) DO NOTHING;
INSERT INTO categories (id, label, category_type, sort_order, is_facetable) VALUES ('plant-4-0', 'Plant 4.0', 'sector', 1, true) ON CONFLICT (id) DO NOTHING;
INSERT INTO categories (id, label, category_type, sort_order, is_facetable) VALUES ('infrastructure-4-0', 'Infrastructure 4.0', 'sector', 2, true) ON CONFLICT (id) DO NOTHING;
INSERT INTO categories (id, label, category_type, sort_order, is_facetable) VALUES ('government-4-0', 'Government 4.0', 'sector', 3, true) ON CONFLICT (id) DO NOTHING;
INSERT INTO categories (id, label, category_type, sort_order, is_facetable) VALUES ('hospitality-4-0', 'Hospitality 4.0', 'sector', 4, true) ON CONFLICT (id) DO NOTHING;
INSERT INTO categories (id, label, category_type, sort_order, is_facetable) VALUES ('retail-4-0', 'Retail 4.0', 'sector', 5, true) ON CONFLICT (id) DO NOTHING;
INSERT INTO categories (id, label, category_type, sort_order, is_facetable) VALUES ('service-4-0', 'Service 4.0', 'sector', 6, true) ON CONFLICT (id) DO NOTHING;
INSERT INTO categories (id, label, category_type, sort_order, is_facetable) VALUES ('logistics-4-0', 'Logistics 4.0', 'sector', 7, true) ON CONFLICT (id) DO NOTHING;
INSERT INTO categories (id, label, category_type, sort_order, is_facetable) VALUES ('wellness-4-0', 'Wellness 4.0', 'sector', 8, true) ON CONFLICT (id) DO NOTHING;
INSERT INTO categories (id, label, category_type, sort_order, is_facetable) VALUES ('grow-business', 'Grow My Business', 'goal', 0, true) ON CONFLICT (id) DO NOTHING;
INSERT INTO categories (id, label, category_type, sort_order, is_facetable) VALUES ('improve-operations', 'Improve Operations', 'goal', 1, true) ON CONFLICT (id) DO NOTHING;
INSERT INTO categories (id, label, category_type, sort_order, is_facetable) VALUES ('launch-ai', 'Launch AI', 'goal', 2, true) ON CONFLICT (id) DO NOTHING;
INSERT INTO categories (id, label, category_type, sort_order, is_facetable) VALUES ('modernise-technology', 'Modernise Technology', 'goal', 3, true) ON CONFLICT (id) DO NOTHING;
INSERT INTO categories (id, label, category_type, sort_order, is_facetable) VALUES ('improve-cx', 'Improve Customer Experience', 'goal', 4, true) ON CONFLICT (id) DO NOTHING;
INSERT INTO categories (id, label, category_type, sort_order, is_facetable) VALUES ('automate-workflows', 'Automate Workflows', 'goal', 5, true) ON CONFLICT (id) DO NOTHING;
INSERT INTO categories (id, label, category_type, sort_order, is_facetable) VALUES ('strengthen-governance', 'Strengthen Governance', 'goal', 6, true) ON CONFLICT (id) DO NOTHING;
INSERT INTO merchants (slug, name, status) VALUES ('digitalqatalyst', 'DigitalQatalyst', 'active') ON CONFLICT (slug) DO NOTHING;
INSERT INTO products (id, slug, title, short_description, collection_id, is_high_impact, audience, industry_relevance, department, business_impact, status) VALUES (1, 'online-web-presence-high-impact', 'Online Web Presence (High-Impact)', 'A strategic discovery engagement focused on evaluating your organisation’s web presence, digital journeys, customer engagement opportunities, and AI enablement potential.', 'experience', true, 'Enterprise & Mid-Market', 'Cross-Industry', 'IT & Transformation', 'Significant operational improvements and risk reduction.', 'published');
INSERT INTO product_category_map (product_id, category_id) VALUES (1, 'modernise-technology') ON CONFLICT DO NOTHING;
INSERT INTO product_category_map (product_id, category_id) VALUES (1, 'improve-operations') ON CONFLICT DO NOTHING;
INSERT INTO product_variants (id, product_id, sku, slug, variant_name, service_type_id, duration_display, duration_weeks_min, duration_weeks_max, delivery_complexity, implementation_model, badge, positioning, is_default_variant, status) VALUES (1, 1, 'EXP-ADV-1', 'online-web-presence-high-impact-assess-1', 'Assess', 'advisory', '1 Week', 1, 1, 'medium', 'TMaaS Managed Delivery', 'Advisory', '(High-Impact) Positioning Strategy', true, 'published');
INSERT INTO marketplace_listings (id, merchant_id, variant_id, listing_status, purchasability, popularity_score) VALUES (1, 1, 1, 'active', 'free', 100);
INSERT INTO variant_prices (listing_id, price_type, amount, price_display, billing_period, is_current) VALUES (1, 'list', 0, 'Free', 'one_time', true);
INSERT INTO product_content (variant_id, description, positioning) VALUES (1, 'A strategic discovery engagement focused on evaluating your organisation’s web presence, digital journeys, customer engagement opportunities, and AI enablement potential.', '(High-Impact) Positioning Strategy');
INSERT INTO product_features (variant_id, feature_text, sort_order) VALUES (1, 'Architecture alignment for Online Web Presence (High-Impact)', 0);
INSERT INTO product_features (variant_id, feature_text, sort_order) VALUES (1, 'Dedicated TMaaS specialist team', 1);
INSERT INTO product_features (variant_id, feature_text, sort_order) VALUES (1, 'SLA-backed governance and reporting', 2);
INSERT INTO product_features (variant_id, feature_text, sort_order) VALUES (1, 'Phased delivery and milestone tracking', 3);
INSERT INTO product_tags (variant_id, tag_name) VALUES (1, 'experience');
INSERT INTO product_tags (variant_id, tag_name) VALUES (1, 'advisory');
INSERT INTO product_tags (variant_id, tag_name) VALUES (1, 'transformation');
INSERT INTO product_tags (variant_id, tag_name) VALUES (1, 'high-impact');
INSERT INTO product_timeline_milestones (variant_id, milestone_text, sort_order) VALUES (1, 'Phase 1: Discovery & Alignment', 0);
INSERT INTO product_timeline_milestones (variant_id, milestone_text, sort_order) VALUES (1, 'Phase 2: Execution', 1);
INSERT INTO product_timeline_milestones (variant_id, milestone_text, sort_order) VALUES (1, 'Phase 3: Governance & Review', 2);
INSERT INTO product_timeline_milestones (variant_id, milestone_text, sort_order) VALUES (1, 'Phase 4: Operational Handover', 3);
INSERT INTO product_variants (id, product_id, sku, slug, variant_name, service_type_id, duration_display, duration_weeks_min, duration_weeks_max, delivery_complexity, implementation_model, badge, positioning, is_default_variant, status) VALUES (2, 1, 'EXP-DES-2', 'online-web-presence-high-impact-design-2', 'Design', 'design', '4 Weeks', 4, 4, 'high', 'TMaaS Managed Delivery', 'Design', '(High-Impact) Positioning Strategy', false, 'published');
INSERT INTO marketplace_listings (id, merchant_id, variant_id, listing_status, purchasability, popularity_score) VALUES (2, 1, 2, 'active', 'buy_now', 99);
INSERT INTO variant_prices (listing_id, price_type, amount, price_display, billing_period, is_current) VALUES (2, 'from', 1000, 'From $1,000', 'one_time', true);
INSERT INTO product_content (variant_id, description, positioning) VALUES (2, 'Design and specification of high-impact web platforms, portals, customer journeys, and digital engagement experiences aligned to business goals.', '(High-Impact) Positioning Strategy');
INSERT INTO product_features (variant_id, feature_text, sort_order) VALUES (2, 'Architecture alignment for Online Web Presence (High-Impact)', 0);
INSERT INTO product_features (variant_id, feature_text, sort_order) VALUES (2, 'Dedicated TMaaS specialist team', 1);
INSERT INTO product_features (variant_id, feature_text, sort_order) VALUES (2, 'SLA-backed governance and reporting', 2);
INSERT INTO product_features (variant_id, feature_text, sort_order) VALUES (2, 'Phased delivery and milestone tracking', 3);
INSERT INTO product_tags (variant_id, tag_name) VALUES (2, 'experience');
INSERT INTO product_tags (variant_id, tag_name) VALUES (2, 'design');
INSERT INTO product_tags (variant_id, tag_name) VALUES (2, 'transformation');
INSERT INTO product_tags (variant_id, tag_name) VALUES (2, 'high-impact');
INSERT INTO product_timeline_milestones (variant_id, milestone_text, sort_order) VALUES (2, 'Phase 1: Discovery & Alignment', 0);
INSERT INTO product_timeline_milestones (variant_id, milestone_text, sort_order) VALUES (2, 'Phase 2: Execution', 1);
INSERT INTO product_timeline_milestones (variant_id, milestone_text, sort_order) VALUES (2, 'Phase 3: Governance & Review', 2);
INSERT INTO product_timeline_milestones (variant_id, milestone_text, sort_order) VALUES (2, 'Phase 4: Operational Handover', 3);
INSERT INTO product_variants (id, product_id, sku, slug, variant_name, service_type_id, duration_display, duration_weeks_min, duration_weeks_max, delivery_complexity, implementation_model, badge, positioning, is_default_variant, status) VALUES (3, 1, 'EXP-AI_-3', 'online-web-presence-high-impact-ai-design-3', 'AI Design', 'ai_design', '4 Weeks', 4, 4, 'high', 'TMaaS Managed Delivery', 'Ai Design', '(High-Impact) Positioning Strategy', false, 'published');
INSERT INTO marketplace_listings (id, merchant_id, variant_id, listing_status, purchasability, popularity_score) VALUES (3, 1, 3, 'active', 'buy_now', 98);
INSERT INTO variant_prices (listing_id, price_type, amount, price_display, billing_period, is_current) VALUES (3, 'from', 1000, 'From $1,000', 'one_time', true);
INSERT INTO product_content (variant_id, description, positioning) VALUES (3, 'Design of AI-powered web capabilities including assistants, personalization, automation, intelligent search, and customer engagement workflows.', '(High-Impact) Positioning Strategy');
INSERT INTO product_features (variant_id, feature_text, sort_order) VALUES (3, 'Architecture alignment for Online Web Presence (High-Impact)', 0);
INSERT INTO product_features (variant_id, feature_text, sort_order) VALUES (3, 'Dedicated TMaaS specialist team', 1);
INSERT INTO product_features (variant_id, feature_text, sort_order) VALUES (3, 'SLA-backed governance and reporting', 2);
INSERT INTO product_features (variant_id, feature_text, sort_order) VALUES (3, 'Phased delivery and milestone tracking', 3);
INSERT INTO product_tags (variant_id, tag_name) VALUES (3, 'experience');
INSERT INTO product_tags (variant_id, tag_name) VALUES (3, 'ai_design');
INSERT INTO product_tags (variant_id, tag_name) VALUES (3, 'transformation');
INSERT INTO product_tags (variant_id, tag_name) VALUES (3, 'high-impact');
INSERT INTO product_timeline_milestones (variant_id, milestone_text, sort_order) VALUES (3, 'Phase 1: Discovery & Alignment', 0);
INSERT INTO product_timeline_milestones (variant_id, milestone_text, sort_order) VALUES (3, 'Phase 2: Execution', 1);
INSERT INTO product_timeline_milestones (variant_id, milestone_text, sort_order) VALUES (3, 'Phase 3: Governance & Review', 2);
INSERT INTO product_timeline_milestones (variant_id, milestone_text, sort_order) VALUES (3, 'Phase 4: Operational Handover', 3);
INSERT INTO product_variants (id, product_id, sku, slug, variant_name, service_type_id, duration_display, duration_weeks_min, duration_weeks_max, delivery_complexity, implementation_model, badge, positioning, is_default_variant, status) VALUES (4, 1, 'EXP-DEP-4', 'online-web-presence-high-impact-implementation-4', 'Implementation', 'deploy', '12 Weeks', 12, 12, 'high', 'TMaaS Managed Delivery', 'Deploy', '(High-Impact) Positioning Strategy', false, 'published');
INSERT INTO marketplace_listings (id, merchant_id, variant_id, listing_status, purchasability, popularity_score) VALUES (4, 1, 4, 'active', 'request_quote', 97);
INSERT INTO variant_prices (listing_id, price_type, amount, price_display, billing_period, is_current) VALUES (4, 'custom_floor', NULL, 'Custom', 'one_time', true);
INSERT INTO product_content (variant_id, description, positioning) VALUES (4, 'Deployment and implementation of enterprise web platforms, portals, landing pages, and customer-facing digital experiences.', '(High-Impact) Positioning Strategy');
INSERT INTO product_features (variant_id, feature_text, sort_order) VALUES (4, 'Architecture alignment for Online Web Presence (High-Impact)', 0);
INSERT INTO product_features (variant_id, feature_text, sort_order) VALUES (4, 'Dedicated TMaaS specialist team', 1);
INSERT INTO product_features (variant_id, feature_text, sort_order) VALUES (4, 'SLA-backed governance and reporting', 2);
INSERT INTO product_features (variant_id, feature_text, sort_order) VALUES (4, 'Phased delivery and milestone tracking', 3);
INSERT INTO product_tags (variant_id, tag_name) VALUES (4, 'experience');
INSERT INTO product_tags (variant_id, tag_name) VALUES (4, 'deploy');
INSERT INTO product_tags (variant_id, tag_name) VALUES (4, 'transformation');
INSERT INTO product_tags (variant_id, tag_name) VALUES (4, 'high-impact');
INSERT INTO product_timeline_milestones (variant_id, milestone_text, sort_order) VALUES (4, 'Phase 1: Discovery & Alignment', 0);
INSERT INTO product_timeline_milestones (variant_id, milestone_text, sort_order) VALUES (4, 'Phase 2: Execution', 1);
INSERT INTO product_timeline_milestones (variant_id, milestone_text, sort_order) VALUES (4, 'Phase 3: Governance & Review', 2);
INSERT INTO product_timeline_milestones (variant_id, milestone_text, sort_order) VALUES (4, 'Phase 4: Operational Handover', 3);
INSERT INTO product_variants (id, product_id, sku, slug, variant_name, service_type_id, duration_display, duration_weeks_min, duration_weeks_max, delivery_complexity, implementation_model, badge, positioning, is_default_variant, status) VALUES (5, 1, 'EXP-AI_-5', 'online-web-presence-high-impact-ai-implementation-5', 'AI Implementation', 'ai_deploy', '12 Weeks', 12, 12, 'high', 'TMaaS Managed Delivery', 'Ai Deploy', '(High-Impact) Positioning Strategy', false, 'published');
INSERT INTO marketplace_listings (id, merchant_id, variant_id, listing_status, purchasability, popularity_score) VALUES (5, 1, 5, 'active', 'request_quote', 96);
INSERT INTO variant_prices (listing_id, price_type, amount, price_display, billing_period, is_current) VALUES (5, 'custom_floor', NULL, 'Custom', 'one_time', true);
INSERT INTO product_content (variant_id, description, positioning) VALUES (5, 'Deployment of AI-powered web assistants, intelligent automation, AI search, recommendations, and conversational experiences.', '(High-Impact) Positioning Strategy');
INSERT INTO product_features (variant_id, feature_text, sort_order) VALUES (5, 'Architecture alignment for Online Web Presence (High-Impact)', 0);
INSERT INTO product_features (variant_id, feature_text, sort_order) VALUES (5, 'Dedicated TMaaS specialist team', 1);
INSERT INTO product_features (variant_id, feature_text, sort_order) VALUES (5, 'SLA-backed governance and reporting', 2);
INSERT INTO product_features (variant_id, feature_text, sort_order) VALUES (5, 'Phased delivery and milestone tracking', 3);
INSERT INTO product_tags (variant_id, tag_name) VALUES (5, 'experience');
INSERT INTO product_tags (variant_id, tag_name) VALUES (5, 'ai_deploy');
INSERT INTO product_tags (variant_id, tag_name) VALUES (5, 'transformation');
INSERT INTO product_tags (variant_id, tag_name) VALUES (5, 'high-impact');
INSERT INTO product_timeline_milestones (variant_id, milestone_text, sort_order) VALUES (5, 'Phase 1: Discovery & Alignment', 0);
INSERT INTO product_timeline_milestones (variant_id, milestone_text, sort_order) VALUES (5, 'Phase 2: Execution', 1);
INSERT INTO product_timeline_milestones (variant_id, milestone_text, sort_order) VALUES (5, 'Phase 3: Governance & Review', 2);
INSERT INTO product_timeline_milestones (variant_id, milestone_text, sort_order) VALUES (5, 'Phase 4: Operational Handover', 3);
INSERT INTO product_variants (id, product_id, sku, slug, variant_name, service_type_id, duration_display, duration_weeks_min, duration_weeks_max, delivery_complexity, implementation_model, badge, positioning, is_default_variant, status) VALUES (6, 1, 'EXP-MAN-6', 'online-web-presence-high-impact-managed-service-6', 'Managed Service', 'manage', 'Ongoing', NULL, NULL, 'medium', 'TMaaS Managed Delivery', 'Manage', '(High-Impact) Positioning Strategy', false, 'published');
INSERT INTO marketplace_listings (id, merchant_id, variant_id, listing_status, purchasability, popularity_score) VALUES (6, 1, 6, 'active', 'buy_now', 95);
INSERT INTO variant_prices (listing_id, price_type, amount, price_display, billing_period, is_current) VALUES (6, 'list', NULL, 'Custom Monthly Plans', 'monthly', true);
INSERT INTO product_content (variant_id, description, positioning) VALUES (6, 'Ongoing management, optimisation, support, monitoring, and continuous improvement of enterprise web experience platforms.', '(High-Impact) Positioning Strategy');
INSERT INTO product_features (variant_id, feature_text, sort_order) VALUES (6, 'Architecture alignment for Online Web Presence (High-Impact)', 0);
INSERT INTO product_features (variant_id, feature_text, sort_order) VALUES (6, 'Dedicated TMaaS specialist team', 1);
INSERT INTO product_features (variant_id, feature_text, sort_order) VALUES (6, 'SLA-backed governance and reporting', 2);
INSERT INTO product_features (variant_id, feature_text, sort_order) VALUES (6, 'Phased delivery and milestone tracking', 3);
INSERT INTO product_tags (variant_id, tag_name) VALUES (6, 'experience');
INSERT INTO product_tags (variant_id, tag_name) VALUES (6, 'manage');
INSERT INTO product_tags (variant_id, tag_name) VALUES (6, 'transformation');
INSERT INTO product_tags (variant_id, tag_name) VALUES (6, 'high-impact');
INSERT INTO product_tags (variant_id, tag_name) VALUES (6, 'operations');
INSERT INTO product_timeline_milestones (variant_id, milestone_text, sort_order) VALUES (6, 'Phase 1: Discovery & Alignment', 0);
INSERT INTO product_timeline_milestones (variant_id, milestone_text, sort_order) VALUES (6, 'Phase 2: Execution', 1);
INSERT INTO product_timeline_milestones (variant_id, milestone_text, sort_order) VALUES (6, 'Phase 3: Governance & Review', 2);
INSERT INTO product_timeline_milestones (variant_id, milestone_text, sort_order) VALUES (6, 'Phase 4: Operational Handover', 3);
INSERT INTO products (id, slug, title, short_description, collection_id, is_high_impact, audience, industry_relevance, department, business_impact, status) VALUES (2, 'online-social-presence-high-impact', 'Online Social Presence (High-Impact)', 'Strategic assessment of your organisation’s social engagement maturity, audience presence, publishing strategy, and AI engagement opportunities.', 'experience', true, 'Enterprise & Mid-Market', 'Cross-Industry', 'IT & Transformation', 'Significant operational improvements and risk reduction.', 'published');
INSERT INTO product_category_map (product_id, category_id) VALUES (2, 'modernise-technology') ON CONFLICT DO NOTHING;
INSERT INTO product_category_map (product_id, category_id) VALUES (2, 'improve-operations') ON CONFLICT DO NOTHING;
INSERT INTO product_variants (id, product_id, sku, slug, variant_name, service_type_id, duration_display, duration_weeks_min, duration_weeks_max, delivery_complexity, implementation_model, badge, positioning, is_default_variant, status) VALUES (7, 2, 'EXP-ADV-7', 'online-social-presence-high-impact-assess-7', 'Assess', 'advisory', '1 Week', 1, 1, 'medium', 'TMaaS Managed Delivery', 'Advisory', '(High-Impact) Positioning Strategy', true, 'published');
INSERT INTO marketplace_listings (id, merchant_id, variant_id, listing_status, purchasability, popularity_score) VALUES (7, 1, 7, 'active', 'free', 100);
INSERT INTO variant_prices (listing_id, price_type, amount, price_display, billing_period, is_current) VALUES (7, 'list', 0, 'Free', 'one_time', true);
INSERT INTO product_content (variant_id, description, positioning) VALUES (7, 'Strategic assessment of your organisation’s social engagement maturity, audience presence, publishing strategy, and AI engagement opportunities.', '(High-Impact) Positioning Strategy');
INSERT INTO product_features (variant_id, feature_text, sort_order) VALUES (7, 'Architecture alignment for Online Social Presence (High-Impact)', 0);
INSERT INTO product_features (variant_id, feature_text, sort_order) VALUES (7, 'Dedicated TMaaS specialist team', 1);
INSERT INTO product_features (variant_id, feature_text, sort_order) VALUES (7, 'SLA-backed governance and reporting', 2);
INSERT INTO product_features (variant_id, feature_text, sort_order) VALUES (7, 'Phased delivery and milestone tracking', 3);
INSERT INTO product_tags (variant_id, tag_name) VALUES (7, 'experience');
INSERT INTO product_tags (variant_id, tag_name) VALUES (7, 'advisory');
INSERT INTO product_tags (variant_id, tag_name) VALUES (7, 'transformation');
INSERT INTO product_tags (variant_id, tag_name) VALUES (7, 'high-impact');
INSERT INTO product_timeline_milestones (variant_id, milestone_text, sort_order) VALUES (7, 'Phase 1: Discovery & Alignment', 0);
INSERT INTO product_timeline_milestones (variant_id, milestone_text, sort_order) VALUES (7, 'Phase 2: Execution', 1);
INSERT INTO product_timeline_milestones (variant_id, milestone_text, sort_order) VALUES (7, 'Phase 3: Governance & Review', 2);
INSERT INTO product_timeline_milestones (variant_id, milestone_text, sort_order) VALUES (7, 'Phase 4: Operational Handover', 3);
INSERT INTO product_variants (id, product_id, sku, slug, variant_name, service_type_id, duration_display, duration_weeks_min, duration_weeks_max, delivery_complexity, implementation_model, badge, positioning, is_default_variant, status) VALUES (8, 2, 'EXP-DES-8', 'online-social-presence-high-impact-design-8', 'Design', 'design', '4 Weeks', 4, 4, 'high', 'TMaaS Managed Delivery', 'Design', '(High-Impact) Positioning Strategy', false, 'published');
INSERT INTO marketplace_listings (id, merchant_id, variant_id, listing_status, purchasability, popularity_score) VALUES (8, 1, 8, 'active', 'buy_now', 99);
INSERT INTO variant_prices (listing_id, price_type, amount, price_display, billing_period, is_current) VALUES (8, 'from', 1000, 'From $1,000', 'one_time', true);
INSERT INTO product_content (variant_id, description, positioning) VALUES (8, 'Design of social engagement strategies, audience journeys, campaign structures, and digital community engagement models.', '(High-Impact) Positioning Strategy');
INSERT INTO product_features (variant_id, feature_text, sort_order) VALUES (8, 'Architecture alignment for Online Social Presence (High-Impact)', 0);
INSERT INTO product_features (variant_id, feature_text, sort_order) VALUES (8, 'Dedicated TMaaS specialist team', 1);
INSERT INTO product_features (variant_id, feature_text, sort_order) VALUES (8, 'SLA-backed governance and reporting', 2);
INSERT INTO product_features (variant_id, feature_text, sort_order) VALUES (8, 'Phased delivery and milestone tracking', 3);
INSERT INTO product_tags (variant_id, tag_name) VALUES (8, 'experience');
INSERT INTO product_tags (variant_id, tag_name) VALUES (8, 'design');
INSERT INTO product_tags (variant_id, tag_name) VALUES (8, 'transformation');
INSERT INTO product_tags (variant_id, tag_name) VALUES (8, 'high-impact');
INSERT INTO product_timeline_milestones (variant_id, milestone_text, sort_order) VALUES (8, 'Phase 1: Discovery & Alignment', 0);
INSERT INTO product_timeline_milestones (variant_id, milestone_text, sort_order) VALUES (8, 'Phase 2: Execution', 1);
INSERT INTO product_timeline_milestones (variant_id, milestone_text, sort_order) VALUES (8, 'Phase 3: Governance & Review', 2);
INSERT INTO product_timeline_milestones (variant_id, milestone_text, sort_order) VALUES (8, 'Phase 4: Operational Handover', 3);
INSERT INTO product_variants (id, product_id, sku, slug, variant_name, service_type_id, duration_display, duration_weeks_min, duration_weeks_max, delivery_complexity, implementation_model, badge, positioning, is_default_variant, status) VALUES (9, 2, 'EXP-AI_-9', 'online-social-presence-high-impact-ai-design-9', 'AI Design', 'ai_design', '4 Weeks', 4, 4, 'high', 'TMaaS Managed Delivery', 'Ai Design', '(High-Impact) Positioning Strategy', false, 'published');
INSERT INTO marketplace_listings (id, merchant_id, variant_id, listing_status, purchasability, popularity_score) VALUES (9, 1, 9, 'active', 'buy_now', 98);
INSERT INTO variant_prices (listing_id, price_type, amount, price_display, billing_period, is_current) VALUES (9, 'from', 1000, 'From $1,000', 'one_time', true);
INSERT INTO product_content (variant_id, description, positioning) VALUES (9, 'Design of AI-enabled social engagement capabilities including AI content generation, intelligent moderation, automation, and sentiment analysis.', '(High-Impact) Positioning Strategy');
INSERT INTO product_features (variant_id, feature_text, sort_order) VALUES (9, 'Architecture alignment for Online Social Presence (High-Impact)', 0);
INSERT INTO product_features (variant_id, feature_text, sort_order) VALUES (9, 'Dedicated TMaaS specialist team', 1);
INSERT INTO product_features (variant_id, feature_text, sort_order) VALUES (9, 'SLA-backed governance and reporting', 2);
INSERT INTO product_features (variant_id, feature_text, sort_order) VALUES (9, 'Phased delivery and milestone tracking', 3);
INSERT INTO product_tags (variant_id, tag_name) VALUES (9, 'experience');
INSERT INTO product_tags (variant_id, tag_name) VALUES (9, 'ai_design');
INSERT INTO product_tags (variant_id, tag_name) VALUES (9, 'transformation');
INSERT INTO product_tags (variant_id, tag_name) VALUES (9, 'high-impact');
INSERT INTO product_timeline_milestones (variant_id, milestone_text, sort_order) VALUES (9, 'Phase 1: Discovery & Alignment', 0);
INSERT INTO product_timeline_milestones (variant_id, milestone_text, sort_order) VALUES (9, 'Phase 2: Execution', 1);
INSERT INTO product_timeline_milestones (variant_id, milestone_text, sort_order) VALUES (9, 'Phase 3: Governance & Review', 2);
INSERT INTO product_timeline_milestones (variant_id, milestone_text, sort_order) VALUES (9, 'Phase 4: Operational Handover', 3);
INSERT INTO product_variants (id, product_id, sku, slug, variant_name, service_type_id, duration_display, duration_weeks_min, duration_weeks_max, delivery_complexity, implementation_model, badge, positioning, is_default_variant, status) VALUES (10, 2, 'EXP-DEP-10', 'online-social-presence-high-impact-implementation-10', 'Implementation', 'deploy', '12 Weeks', 12, 12, 'high', 'TMaaS Managed Delivery', 'Deploy', '(High-Impact) Positioning Strategy', false, 'published');
INSERT INTO marketplace_listings (id, merchant_id, variant_id, listing_status, purchasability, popularity_score) VALUES (10, 1, 10, 'active', 'request_quote', 97);
INSERT INTO variant_prices (listing_id, price_type, amount, price_display, billing_period, is_current) VALUES (10, 'custom_floor', NULL, 'Custom', 'one_time', true);
INSERT INTO product_content (variant_id, description, positioning) VALUES (10, 'Deployment and configuration of social engagement, publishing, campaign, and audience interaction platforms.', '(High-Impact) Positioning Strategy');
INSERT INTO product_features (variant_id, feature_text, sort_order) VALUES (10, 'Architecture alignment for Online Social Presence (High-Impact)', 0);
INSERT INTO product_features (variant_id, feature_text, sort_order) VALUES (10, 'Dedicated TMaaS specialist team', 1);
INSERT INTO product_features (variant_id, feature_text, sort_order) VALUES (10, 'SLA-backed governance and reporting', 2);
INSERT INTO product_features (variant_id, feature_text, sort_order) VALUES (10, 'Phased delivery and milestone tracking', 3);
INSERT INTO product_tags (variant_id, tag_name) VALUES (10, 'experience');
INSERT INTO product_tags (variant_id, tag_name) VALUES (10, 'deploy');
INSERT INTO product_tags (variant_id, tag_name) VALUES (10, 'transformation');
INSERT INTO product_tags (variant_id, tag_name) VALUES (10, 'high-impact');
INSERT INTO product_timeline_milestones (variant_id, milestone_text, sort_order) VALUES (10, 'Phase 1: Discovery & Alignment', 0);
INSERT INTO product_timeline_milestones (variant_id, milestone_text, sort_order) VALUES (10, 'Phase 2: Execution', 1);
INSERT INTO product_timeline_milestones (variant_id, milestone_text, sort_order) VALUES (10, 'Phase 3: Governance & Review', 2);
INSERT INTO product_timeline_milestones (variant_id, milestone_text, sort_order) VALUES (10, 'Phase 4: Operational Handover', 3);
INSERT INTO product_variants (id, product_id, sku, slug, variant_name, service_type_id, duration_display, duration_weeks_min, duration_weeks_max, delivery_complexity, implementation_model, badge, positioning, is_default_variant, status) VALUES (11, 2, 'EXP-AI_-11', 'online-social-presence-high-impact-ai-implementation-11', 'AI Implementation', 'ai_deploy', '12 Weeks', 12, 12, 'high', 'TMaaS Managed Delivery', 'Ai Deploy', '(High-Impact) Positioning Strategy', false, 'published');
INSERT INTO marketplace_listings (id, merchant_id, variant_id, listing_status, purchasability, popularity_score) VALUES (11, 1, 11, 'active', 'request_quote', 96);
INSERT INTO variant_prices (listing_id, price_type, amount, price_display, billing_period, is_current) VALUES (11, 'custom_floor', NULL, 'Custom', 'one_time', true);
INSERT INTO product_content (variant_id, description, positioning) VALUES (11, 'Deployment of AI-powered social engagement automation, content intelligence, audience insights, and conversational engagement capabilities.', '(High-Impact) Positioning Strategy');
INSERT INTO product_features (variant_id, feature_text, sort_order) VALUES (11, 'Architecture alignment for Online Social Presence (High-Impact)', 0);
INSERT INTO product_features (variant_id, feature_text, sort_order) VALUES (11, 'Dedicated TMaaS specialist team', 1);
INSERT INTO product_features (variant_id, feature_text, sort_order) VALUES (11, 'SLA-backed governance and reporting', 2);
INSERT INTO product_features (variant_id, feature_text, sort_order) VALUES (11, 'Phased delivery and milestone tracking', 3);
INSERT INTO product_tags (variant_id, tag_name) VALUES (11, 'experience');
INSERT INTO product_tags (variant_id, tag_name) VALUES (11, 'ai_deploy');
INSERT INTO product_tags (variant_id, tag_name) VALUES (11, 'transformation');
INSERT INTO product_tags (variant_id, tag_name) VALUES (11, 'high-impact');
INSERT INTO product_timeline_milestones (variant_id, milestone_text, sort_order) VALUES (11, 'Phase 1: Discovery & Alignment', 0);
INSERT INTO product_timeline_milestones (variant_id, milestone_text, sort_order) VALUES (11, 'Phase 2: Execution', 1);
INSERT INTO product_timeline_milestones (variant_id, milestone_text, sort_order) VALUES (11, 'Phase 3: Governance & Review', 2);
INSERT INTO product_timeline_milestones (variant_id, milestone_text, sort_order) VALUES (11, 'Phase 4: Operational Handover', 3);
INSERT INTO product_variants (id, product_id, sku, slug, variant_name, service_type_id, duration_display, duration_weeks_min, duration_weeks_max, delivery_complexity, implementation_model, badge, positioning, is_default_variant, status) VALUES (12, 2, 'EXP-MAN-12', 'online-social-presence-high-impact-managed-service-12', 'Managed Service', 'manage', 'Ongoing', NULL, NULL, 'medium', 'TMaaS Managed Delivery', 'Manage', '(High-Impact) Positioning Strategy', false, 'published');
INSERT INTO marketplace_listings (id, merchant_id, variant_id, listing_status, purchasability, popularity_score) VALUES (12, 1, 12, 'active', 'buy_now', 95);
INSERT INTO variant_prices (listing_id, price_type, amount, price_display, billing_period, is_current) VALUES (12, 'list', NULL, 'Custom Monthly Plans', 'monthly', true);
INSERT INTO product_content (variant_id, description, positioning) VALUES (12, 'Managed operations and optimisation of social engagement platforms, campaigns, publishing workflows, and audience engagement environments.', '(High-Impact) Positioning Strategy');
INSERT INTO product_features (variant_id, feature_text, sort_order) VALUES (12, 'Architecture alignment for Online Social Presence (High-Impact)', 0);
INSERT INTO product_features (variant_id, feature_text, sort_order) VALUES (12, 'Dedicated TMaaS specialist team', 1);
INSERT INTO product_features (variant_id, feature_text, sort_order) VALUES (12, 'SLA-backed governance and reporting', 2);
INSERT INTO product_features (variant_id, feature_text, sort_order) VALUES (12, 'Phased delivery and milestone tracking', 3);
INSERT INTO product_tags (variant_id, tag_name) VALUES (12, 'experience');
INSERT INTO product_tags (variant_id, tag_name) VALUES (12, 'manage');
INSERT INTO product_tags (variant_id, tag_name) VALUES (12, 'transformation');
INSERT INTO product_tags (variant_id, tag_name) VALUES (12, 'high-impact');
INSERT INTO product_tags (variant_id, tag_name) VALUES (12, 'operations');
INSERT INTO product_timeline_milestones (variant_id, milestone_text, sort_order) VALUES (12, 'Phase 1: Discovery & Alignment', 0);
INSERT INTO product_timeline_milestones (variant_id, milestone_text, sort_order) VALUES (12, 'Phase 2: Execution', 1);
INSERT INTO product_timeline_milestones (variant_id, milestone_text, sort_order) VALUES (12, 'Phase 3: Governance & Review', 2);
INSERT INTO product_timeline_milestones (variant_id, milestone_text, sort_order) VALUES (12, 'Phase 4: Operational Handover', 3);
INSERT INTO products (id, slug, title, short_description, collection_id, is_high_impact, audience, industry_relevance, department, business_impact, status) VALUES (3, 'mobile-apps-high-impact', 'Mobile Apps (High-Impact)', 'Discovery engagement focused on evaluating mobile engagement opportunities, user journeys, digital accessibility, and mobile transformation priorities.', 'experience', true, 'Enterprise & Mid-Market', 'Cross-Industry', 'IT & Transformation', 'Significant operational improvements and risk reduction.', 'published');
INSERT INTO product_category_map (product_id, category_id) VALUES (3, 'modernise-technology') ON CONFLICT DO NOTHING;
INSERT INTO product_category_map (product_id, category_id) VALUES (3, 'improve-operations') ON CONFLICT DO NOTHING;
INSERT INTO product_variants (id, product_id, sku, slug, variant_name, service_type_id, duration_display, duration_weeks_min, duration_weeks_max, delivery_complexity, implementation_model, badge, positioning, is_default_variant, status) VALUES (13, 3, 'EXP-ADV-13', 'mobile-apps-high-impact-assess-13', 'Assess', 'advisory', '1 Week', 1, 1, 'medium', 'TMaaS Managed Delivery', 'Advisory', '(High-Impact) Positioning Strategy', true, 'published');
INSERT INTO marketplace_listings (id, merchant_id, variant_id, listing_status, purchasability, popularity_score) VALUES (13, 1, 13, 'active', 'free', 100);
INSERT INTO variant_prices (listing_id, price_type, amount, price_display, billing_period, is_current) VALUES (13, 'list', 0, 'Free', 'one_time', true);
INSERT INTO product_content (variant_id, description, positioning) VALUES (13, 'Discovery engagement focused on evaluating mobile engagement opportunities, user journeys, digital accessibility, and mobile transformation priorities.', '(High-Impact) Positioning Strategy');
INSERT INTO product_features (variant_id, feature_text, sort_order) VALUES (13, 'Architecture alignment for Mobile Apps (High-Impact)', 0);
INSERT INTO product_features (variant_id, feature_text, sort_order) VALUES (13, 'Dedicated TMaaS specialist team', 1);
INSERT INTO product_features (variant_id, feature_text, sort_order) VALUES (13, 'SLA-backed governance and reporting', 2);
INSERT INTO product_features (variant_id, feature_text, sort_order) VALUES (13, 'Phased delivery and milestone tracking', 3);
INSERT INTO product_tags (variant_id, tag_name) VALUES (13, 'experience');
INSERT INTO product_tags (variant_id, tag_name) VALUES (13, 'advisory');
INSERT INTO product_tags (variant_id, tag_name) VALUES (13, 'transformation');
INSERT INTO product_tags (variant_id, tag_name) VALUES (13, 'high-impact');
INSERT INTO product_timeline_milestones (variant_id, milestone_text, sort_order) VALUES (13, 'Phase 1: Discovery & Alignment', 0);
INSERT INTO product_timeline_milestones (variant_id, milestone_text, sort_order) VALUES (13, 'Phase 2: Execution', 1);
INSERT INTO product_timeline_milestones (variant_id, milestone_text, sort_order) VALUES (13, 'Phase 3: Governance & Review', 2);
INSERT INTO product_timeline_milestones (variant_id, milestone_text, sort_order) VALUES (13, 'Phase 4: Operational Handover', 3);
INSERT INTO product_variants (id, product_id, sku, slug, variant_name, service_type_id, duration_display, duration_weeks_min, duration_weeks_max, delivery_complexity, implementation_model, badge, positioning, is_default_variant, status) VALUES (14, 3, 'EXP-DES-14', 'mobile-apps-high-impact-design-14', 'Design', 'design', '4 Weeks', 4, 4, 'high', 'TMaaS Managed Delivery', 'Design', '(High-Impact) Positioning Strategy', false, 'published');
INSERT INTO marketplace_listings (id, merchant_id, variant_id, listing_status, purchasability, popularity_score) VALUES (14, 1, 14, 'active', 'buy_now', 99);
INSERT INTO variant_prices (listing_id, price_type, amount, price_display, billing_period, is_current) VALUES (14, 'from', 1000, 'From $1,000', 'one_time', true);
INSERT INTO product_content (variant_id, description, positioning) VALUES (14, 'Design of mobile applications, mobile-first customer journeys, engagement experiences, and operational workflows.', '(High-Impact) Positioning Strategy');
INSERT INTO product_features (variant_id, feature_text, sort_order) VALUES (14, 'Architecture alignment for Mobile Apps (High-Impact)', 0);
INSERT INTO product_features (variant_id, feature_text, sort_order) VALUES (14, 'Dedicated TMaaS specialist team', 1);
INSERT INTO product_features (variant_id, feature_text, sort_order) VALUES (14, 'SLA-backed governance and reporting', 2);
INSERT INTO product_features (variant_id, feature_text, sort_order) VALUES (14, 'Phased delivery and milestone tracking', 3);
INSERT INTO product_tags (variant_id, tag_name) VALUES (14, 'experience');
INSERT INTO product_tags (variant_id, tag_name) VALUES (14, 'design');
INSERT INTO product_tags (variant_id, tag_name) VALUES (14, 'transformation');
INSERT INTO product_tags (variant_id, tag_name) VALUES (14, 'high-impact');
INSERT INTO product_timeline_milestones (variant_id, milestone_text, sort_order) VALUES (14, 'Phase 1: Discovery & Alignment', 0);
INSERT INTO product_timeline_milestones (variant_id, milestone_text, sort_order) VALUES (14, 'Phase 2: Execution', 1);
INSERT INTO product_timeline_milestones (variant_id, milestone_text, sort_order) VALUES (14, 'Phase 3: Governance & Review', 2);
INSERT INTO product_timeline_milestones (variant_id, milestone_text, sort_order) VALUES (14, 'Phase 4: Operational Handover', 3);
INSERT INTO product_variants (id, product_id, sku, slug, variant_name, service_type_id, duration_display, duration_weeks_min, duration_weeks_max, delivery_complexity, implementation_model, badge, positioning, is_default_variant, status) VALUES (15, 3, 'EXP-AI_-15', 'mobile-apps-high-impact-ai-design-15', 'AI Design', 'ai_design', '4 Weeks', 4, 4, 'high', 'TMaaS Managed Delivery', 'Ai Design', '(High-Impact) Positioning Strategy', false, 'published');
INSERT INTO marketplace_listings (id, merchant_id, variant_id, listing_status, purchasability, popularity_score) VALUES (15, 1, 15, 'active', 'buy_now', 98);
INSERT INTO variant_prices (listing_id, price_type, amount, price_display, billing_period, is_current) VALUES (15, 'from', 1000, 'From $1,000', 'one_time', true);
INSERT INTO product_content (variant_id, description, positioning) VALUES (15, 'Design of AI-powered mobile capabilities including assistants, intelligent notifications, automation, recommendations, and contextual engagement.', '(High-Impact) Positioning Strategy');
INSERT INTO product_features (variant_id, feature_text, sort_order) VALUES (15, 'Architecture alignment for Mobile Apps (High-Impact)', 0);
INSERT INTO product_features (variant_id, feature_text, sort_order) VALUES (15, 'Dedicated TMaaS specialist team', 1);
INSERT INTO product_features (variant_id, feature_text, sort_order) VALUES (15, 'SLA-backed governance and reporting', 2);
INSERT INTO product_features (variant_id, feature_text, sort_order) VALUES (15, 'Phased delivery and milestone tracking', 3);
INSERT INTO product_tags (variant_id, tag_name) VALUES (15, 'experience');
INSERT INTO product_tags (variant_id, tag_name) VALUES (15, 'ai_design');
INSERT INTO product_tags (variant_id, tag_name) VALUES (15, 'transformation');
INSERT INTO product_tags (variant_id, tag_name) VALUES (15, 'high-impact');
INSERT INTO product_timeline_milestones (variant_id, milestone_text, sort_order) VALUES (15, 'Phase 1: Discovery & Alignment', 0);
INSERT INTO product_timeline_milestones (variant_id, milestone_text, sort_order) VALUES (15, 'Phase 2: Execution', 1);
INSERT INTO product_timeline_milestones (variant_id, milestone_text, sort_order) VALUES (15, 'Phase 3: Governance & Review', 2);
INSERT INTO product_timeline_milestones (variant_id, milestone_text, sort_order) VALUES (15, 'Phase 4: Operational Handover', 3);
INSERT INTO product_variants (id, product_id, sku, slug, variant_name, service_type_id, duration_display, duration_weeks_min, duration_weeks_max, delivery_complexity, implementation_model, badge, positioning, is_default_variant, status) VALUES (16, 3, 'EXP-DEP-16', 'mobile-apps-high-impact-implementation-16', 'Implementation', 'deploy', '12 Weeks', 12, 12, 'high', 'TMaaS Managed Delivery', 'Deploy', '(High-Impact) Positioning Strategy', false, 'published');
INSERT INTO marketplace_listings (id, merchant_id, variant_id, listing_status, purchasability, popularity_score) VALUES (16, 1, 16, 'active', 'request_quote', 97);
INSERT INTO variant_prices (listing_id, price_type, amount, price_display, billing_period, is_current) VALUES (16, 'custom_floor', NULL, 'Custom', 'one_time', true);
INSERT INTO product_content (variant_id, description, positioning) VALUES (16, 'Development and deployment of enterprise mobile applications, mobile engagement platforms, and mobile-first customer experiences.', '(High-Impact) Positioning Strategy');
INSERT INTO product_features (variant_id, feature_text, sort_order) VALUES (16, 'Architecture alignment for Mobile Apps (High-Impact)', 0);
INSERT INTO product_features (variant_id, feature_text, sort_order) VALUES (16, 'Dedicated TMaaS specialist team', 1);
INSERT INTO product_features (variant_id, feature_text, sort_order) VALUES (16, 'SLA-backed governance and reporting', 2);
INSERT INTO product_features (variant_id, feature_text, sort_order) VALUES (16, 'Phased delivery and milestone tracking', 3);
INSERT INTO product_tags (variant_id, tag_name) VALUES (16, 'experience');
INSERT INTO product_tags (variant_id, tag_name) VALUES (16, 'deploy');
INSERT INTO product_tags (variant_id, tag_name) VALUES (16, 'transformation');
INSERT INTO product_tags (variant_id, tag_name) VALUES (16, 'high-impact');
INSERT INTO product_timeline_milestones (variant_id, milestone_text, sort_order) VALUES (16, 'Phase 1: Discovery & Alignment', 0);
INSERT INTO product_timeline_milestones (variant_id, milestone_text, sort_order) VALUES (16, 'Phase 2: Execution', 1);
INSERT INTO product_timeline_milestones (variant_id, milestone_text, sort_order) VALUES (16, 'Phase 3: Governance & Review', 2);
INSERT INTO product_timeline_milestones (variant_id, milestone_text, sort_order) VALUES (16, 'Phase 4: Operational Handover', 3);
INSERT INTO product_variants (id, product_id, sku, slug, variant_name, service_type_id, duration_display, duration_weeks_min, duration_weeks_max, delivery_complexity, implementation_model, badge, positioning, is_default_variant, status) VALUES (17, 3, 'EXP-AI_-17', 'mobile-apps-high-impact-ai-implementation-17', 'AI Implementation', 'ai_deploy', '12 Weeks', 12, 12, 'high', 'TMaaS Managed Delivery', 'Ai Deploy', '(High-Impact) Positioning Strategy', false, 'published');
INSERT INTO marketplace_listings (id, merchant_id, variant_id, listing_status, purchasability, popularity_score) VALUES (17, 1, 17, 'active', 'request_quote', 96);
INSERT INTO variant_prices (listing_id, price_type, amount, price_display, billing_period, is_current) VALUES (17, 'custom_floor', NULL, 'Custom', 'one_time', true);
INSERT INTO product_content (variant_id, description, positioning) VALUES (17, 'Deployment of AI-driven mobile assistants, predictive experiences, intelligent engagement, and automated workflows.', '(High-Impact) Positioning Strategy');
INSERT INTO product_features (variant_id, feature_text, sort_order) VALUES (17, 'Architecture alignment for Mobile Apps (High-Impact)', 0);
INSERT INTO product_features (variant_id, feature_text, sort_order) VALUES (17, 'Dedicated TMaaS specialist team', 1);
INSERT INTO product_features (variant_id, feature_text, sort_order) VALUES (17, 'SLA-backed governance and reporting', 2);
INSERT INTO product_features (variant_id, feature_text, sort_order) VALUES (17, 'Phased delivery and milestone tracking', 3);
INSERT INTO product_tags (variant_id, tag_name) VALUES (17, 'experience');
INSERT INTO product_tags (variant_id, tag_name) VALUES (17, 'ai_deploy');
INSERT INTO product_tags (variant_id, tag_name) VALUES (17, 'transformation');
INSERT INTO product_tags (variant_id, tag_name) VALUES (17, 'high-impact');
INSERT INTO product_timeline_milestones (variant_id, milestone_text, sort_order) VALUES (17, 'Phase 1: Discovery & Alignment', 0);
INSERT INTO product_timeline_milestones (variant_id, milestone_text, sort_order) VALUES (17, 'Phase 2: Execution', 1);
INSERT INTO product_timeline_milestones (variant_id, milestone_text, sort_order) VALUES (17, 'Phase 3: Governance & Review', 2);
INSERT INTO product_timeline_milestones (variant_id, milestone_text, sort_order) VALUES (17, 'Phase 4: Operational Handover', 3);
INSERT INTO product_variants (id, product_id, sku, slug, variant_name, service_type_id, duration_display, duration_weeks_min, duration_weeks_max, delivery_complexity, implementation_model, badge, positioning, is_default_variant, status) VALUES (18, 3, 'EXP-MAN-18', 'mobile-apps-high-impact-managed-service-18', 'Managed Service', 'manage', 'Ongoing', NULL, NULL, 'medium', 'TMaaS Managed Delivery', 'Manage', '(High-Impact) Positioning Strategy', false, 'published');
INSERT INTO marketplace_listings (id, merchant_id, variant_id, listing_status, purchasability, popularity_score) VALUES (18, 1, 18, 'active', 'buy_now', 95);
INSERT INTO variant_prices (listing_id, price_type, amount, price_display, billing_period, is_current) VALUES (18, 'list', NULL, 'Custom Monthly Plans', 'monthly', true);
INSERT INTO product_content (variant_id, description, positioning) VALUES (18, 'Ongoing support, optimisation, monitoring, and operational management of enterprise mobile platforms and services.', '(High-Impact) Positioning Strategy');
INSERT INTO product_features (variant_id, feature_text, sort_order) VALUES (18, 'Architecture alignment for Mobile Apps (High-Impact)', 0);
INSERT INTO product_features (variant_id, feature_text, sort_order) VALUES (18, 'Dedicated TMaaS specialist team', 1);
INSERT INTO product_features (variant_id, feature_text, sort_order) VALUES (18, 'SLA-backed governance and reporting', 2);
INSERT INTO product_features (variant_id, feature_text, sort_order) VALUES (18, 'Phased delivery and milestone tracking', 3);
INSERT INTO product_tags (variant_id, tag_name) VALUES (18, 'experience');
INSERT INTO product_tags (variant_id, tag_name) VALUES (18, 'manage');
INSERT INTO product_tags (variant_id, tag_name) VALUES (18, 'transformation');
INSERT INTO product_tags (variant_id, tag_name) VALUES (18, 'high-impact');
INSERT INTO product_tags (variant_id, tag_name) VALUES (18, 'operations');
INSERT INTO product_timeline_milestones (variant_id, milestone_text, sort_order) VALUES (18, 'Phase 1: Discovery & Alignment', 0);
INSERT INTO product_timeline_milestones (variant_id, milestone_text, sort_order) VALUES (18, 'Phase 2: Execution', 1);
INSERT INTO product_timeline_milestones (variant_id, milestone_text, sort_order) VALUES (18, 'Phase 3: Governance & Review', 2);
INSERT INTO product_timeline_milestones (variant_id, milestone_text, sort_order) VALUES (18, 'Phase 4: Operational Handover', 3);
INSERT INTO products (id, slug, title, short_description, collection_id, is_high_impact, audience, industry_relevance, department, business_impact, status) VALUES (4, 'physical-channels-high-impact', 'Physical Channels (High-Impact)', 'Assessment of physical and digital customer engagement environments to identify transformation and AI enablement opportunities.', 'experience', true, 'Enterprise & Mid-Market', 'Cross-Industry', 'IT & Transformation', 'Significant operational improvements and risk reduction.', 'published');
INSERT INTO product_category_map (product_id, category_id) VALUES (4, 'modernise-technology') ON CONFLICT DO NOTHING;
INSERT INTO product_category_map (product_id, category_id) VALUES (4, 'improve-operations') ON CONFLICT DO NOTHING;
INSERT INTO product_variants (id, product_id, sku, slug, variant_name, service_type_id, duration_display, duration_weeks_min, duration_weeks_max, delivery_complexity, implementation_model, badge, positioning, is_default_variant, status) VALUES (19, 4, 'EXP-ADV-19', 'physical-channels-high-impact-assess-19', 'Assess', 'advisory', '1 Week', 1, 1, 'medium', 'TMaaS Managed Delivery', 'Advisory', '(High-Impact) Positioning Strategy', true, 'published');
INSERT INTO marketplace_listings (id, merchant_id, variant_id, listing_status, purchasability, popularity_score) VALUES (19, 1, 19, 'active', 'free', 100);
INSERT INTO variant_prices (listing_id, price_type, amount, price_display, billing_period, is_current) VALUES (19, 'list', 0, 'Free', 'one_time', true);
INSERT INTO product_content (variant_id, description, positioning) VALUES (19, 'Assessment of physical and digital customer engagement environments to identify transformation and AI enablement opportunities.', '(High-Impact) Positioning Strategy');
INSERT INTO product_features (variant_id, feature_text, sort_order) VALUES (19, 'Architecture alignment for Physical Channels (High-Impact)', 0);
INSERT INTO product_features (variant_id, feature_text, sort_order) VALUES (19, 'Dedicated TMaaS specialist team', 1);
INSERT INTO product_features (variant_id, feature_text, sort_order) VALUES (19, 'SLA-backed governance and reporting', 2);
INSERT INTO product_features (variant_id, feature_text, sort_order) VALUES (19, 'Phased delivery and milestone tracking', 3);
INSERT INTO product_tags (variant_id, tag_name) VALUES (19, 'experience');
INSERT INTO product_tags (variant_id, tag_name) VALUES (19, 'advisory');
INSERT INTO product_tags (variant_id, tag_name) VALUES (19, 'transformation');
INSERT INTO product_tags (variant_id, tag_name) VALUES (19, 'high-impact');
INSERT INTO product_timeline_milestones (variant_id, milestone_text, sort_order) VALUES (19, 'Phase 1: Discovery & Alignment', 0);
INSERT INTO product_timeline_milestones (variant_id, milestone_text, sort_order) VALUES (19, 'Phase 2: Execution', 1);
INSERT INTO product_timeline_milestones (variant_id, milestone_text, sort_order) VALUES (19, 'Phase 3: Governance & Review', 2);
INSERT INTO product_timeline_milestones (variant_id, milestone_text, sort_order) VALUES (19, 'Phase 4: Operational Handover', 3);
INSERT INTO product_variants (id, product_id, sku, slug, variant_name, service_type_id, duration_display, duration_weeks_min, duration_weeks_max, delivery_complexity, implementation_model, badge, positioning, is_default_variant, status) VALUES (20, 4, 'EXP-DES-20', 'physical-channels-high-impact-design-20', 'Design', 'design', '4 Weeks', 4, 4, 'high', 'TMaaS Managed Delivery', 'Design', '(High-Impact) Positioning Strategy', false, 'published');
INSERT INTO marketplace_listings (id, merchant_id, variant_id, listing_status, purchasability, popularity_score) VALUES (20, 1, 20, 'active', 'buy_now', 99);
INSERT INTO variant_prices (listing_id, price_type, amount, price_display, billing_period, is_current) VALUES (20, 'from', 1000, 'From $1,000', 'one_time', true);
INSERT INTO product_content (variant_id, description, positioning) VALUES (20, 'Design of integrated physical and digital customer experiences across kiosks, branches, front desks, and connected touchpoints.', '(High-Impact) Positioning Strategy');
INSERT INTO product_features (variant_id, feature_text, sort_order) VALUES (20, 'Architecture alignment for Physical Channels (High-Impact)', 0);
INSERT INTO product_features (variant_id, feature_text, sort_order) VALUES (20, 'Dedicated TMaaS specialist team', 1);
INSERT INTO product_features (variant_id, feature_text, sort_order) VALUES (20, 'SLA-backed governance and reporting', 2);
INSERT INTO product_features (variant_id, feature_text, sort_order) VALUES (20, 'Phased delivery and milestone tracking', 3);
INSERT INTO product_tags (variant_id, tag_name) VALUES (20, 'experience');
INSERT INTO product_tags (variant_id, tag_name) VALUES (20, 'design');
INSERT INTO product_tags (variant_id, tag_name) VALUES (20, 'transformation');
INSERT INTO product_tags (variant_id, tag_name) VALUES (20, 'high-impact');
INSERT INTO product_timeline_milestones (variant_id, milestone_text, sort_order) VALUES (20, 'Phase 1: Discovery & Alignment', 0);
INSERT INTO product_timeline_milestones (variant_id, milestone_text, sort_order) VALUES (20, 'Phase 2: Execution', 1);
INSERT INTO product_timeline_milestones (variant_id, milestone_text, sort_order) VALUES (20, 'Phase 3: Governance & Review', 2);
INSERT INTO product_timeline_milestones (variant_id, milestone_text, sort_order) VALUES (20, 'Phase 4: Operational Handover', 3);
INSERT INTO product_variants (id, product_id, sku, slug, variant_name, service_type_id, duration_display, duration_weeks_min, duration_weeks_max, delivery_complexity, implementation_model, badge, positioning, is_default_variant, status) VALUES (21, 4, 'EXP-AI_-21', 'physical-channels-high-impact-ai-design-21', 'AI Design', 'ai_design', '4 Weeks', 4, 4, 'high', 'TMaaS Managed Delivery', 'Ai Design', '(High-Impact) Positioning Strategy', false, 'published');
INSERT INTO marketplace_listings (id, merchant_id, variant_id, listing_status, purchasability, popularity_score) VALUES (21, 1, 21, 'active', 'buy_now', 98);
INSERT INTO variant_prices (listing_id, price_type, amount, price_display, billing_period, is_current) VALUES (21, 'from', 1000, 'From $1,000', 'one_time', true);
INSERT INTO product_content (variant_id, description, positioning) VALUES (21, 'Design of AI-powered phygital experiences including intelligent kiosks, smart routing, conversational agents, and automation capabilities.', '(High-Impact) Positioning Strategy');
INSERT INTO product_features (variant_id, feature_text, sort_order) VALUES (21, 'Architecture alignment for Physical Channels (High-Impact)', 0);
INSERT INTO product_features (variant_id, feature_text, sort_order) VALUES (21, 'Dedicated TMaaS specialist team', 1);
INSERT INTO product_features (variant_id, feature_text, sort_order) VALUES (21, 'SLA-backed governance and reporting', 2);
INSERT INTO product_features (variant_id, feature_text, sort_order) VALUES (21, 'Phased delivery and milestone tracking', 3);
INSERT INTO product_tags (variant_id, tag_name) VALUES (21, 'experience');
INSERT INTO product_tags (variant_id, tag_name) VALUES (21, 'ai_design');
INSERT INTO product_tags (variant_id, tag_name) VALUES (21, 'transformation');
INSERT INTO product_tags (variant_id, tag_name) VALUES (21, 'high-impact');
INSERT INTO product_timeline_milestones (variant_id, milestone_text, sort_order) VALUES (21, 'Phase 1: Discovery & Alignment', 0);
INSERT INTO product_timeline_milestones (variant_id, milestone_text, sort_order) VALUES (21, 'Phase 2: Execution', 1);
INSERT INTO product_timeline_milestones (variant_id, milestone_text, sort_order) VALUES (21, 'Phase 3: Governance & Review', 2);
INSERT INTO product_timeline_milestones (variant_id, milestone_text, sort_order) VALUES (21, 'Phase 4: Operational Handover', 3);
INSERT INTO product_variants (id, product_id, sku, slug, variant_name, service_type_id, duration_display, duration_weeks_min, duration_weeks_max, delivery_complexity, implementation_model, badge, positioning, is_default_variant, status) VALUES (22, 4, 'EXP-DEP-22', 'physical-channels-high-impact-implementation-22', 'Implementation', 'deploy', '12 Weeks', 12, 12, 'high', 'TMaaS Managed Delivery', 'Deploy', '(High-Impact) Positioning Strategy', false, 'published');
INSERT INTO marketplace_listings (id, merchant_id, variant_id, listing_status, purchasability, popularity_score) VALUES (22, 1, 22, 'active', 'request_quote', 97);
INSERT INTO variant_prices (listing_id, price_type, amount, price_display, billing_period, is_current) VALUES (22, 'custom_floor', NULL, 'Custom', 'one_time', true);
INSERT INTO product_content (variant_id, description, positioning) VALUES (22, 'Deployment of connected physical and digital engagement platforms, customer interaction systems, and omnichannel touchpoints.', '(High-Impact) Positioning Strategy');
INSERT INTO product_features (variant_id, feature_text, sort_order) VALUES (22, 'Architecture alignment for Physical Channels (High-Impact)', 0);
INSERT INTO product_features (variant_id, feature_text, sort_order) VALUES (22, 'Dedicated TMaaS specialist team', 1);
INSERT INTO product_features (variant_id, feature_text, sort_order) VALUES (22, 'SLA-backed governance and reporting', 2);
INSERT INTO product_features (variant_id, feature_text, sort_order) VALUES (22, 'Phased delivery and milestone tracking', 3);
INSERT INTO product_tags (variant_id, tag_name) VALUES (22, 'experience');
INSERT INTO product_tags (variant_id, tag_name) VALUES (22, 'deploy');
INSERT INTO product_tags (variant_id, tag_name) VALUES (22, 'transformation');
INSERT INTO product_tags (variant_id, tag_name) VALUES (22, 'high-impact');
INSERT INTO product_timeline_milestones (variant_id, milestone_text, sort_order) VALUES (22, 'Phase 1: Discovery & Alignment', 0);
INSERT INTO product_timeline_milestones (variant_id, milestone_text, sort_order) VALUES (22, 'Phase 2: Execution', 1);
INSERT INTO product_timeline_milestones (variant_id, milestone_text, sort_order) VALUES (22, 'Phase 3: Governance & Review', 2);
INSERT INTO product_timeline_milestones (variant_id, milestone_text, sort_order) VALUES (22, 'Phase 4: Operational Handover', 3);
INSERT INTO product_variants (id, product_id, sku, slug, variant_name, service_type_id, duration_display, duration_weeks_min, duration_weeks_max, delivery_complexity, implementation_model, badge, positioning, is_default_variant, status) VALUES (23, 4, 'EXP-AI_-23', 'physical-channels-high-impact-ai-implementation-23', 'AI Implementation', 'ai_deploy', '12 Weeks', 12, 12, 'high', 'TMaaS Managed Delivery', 'Ai Deploy', '(High-Impact) Positioning Strategy', false, 'published');
INSERT INTO marketplace_listings (id, merchant_id, variant_id, listing_status, purchasability, popularity_score) VALUES (23, 1, 23, 'active', 'request_quote', 96);
INSERT INTO variant_prices (listing_id, price_type, amount, price_display, billing_period, is_current) VALUES (23, 'custom_floor', NULL, 'Custom', 'one_time', true);
INSERT INTO product_content (variant_id, description, positioning) VALUES (23, 'Deployment of AI-enabled customer engagement automation, intelligent kiosks, AI routing, and smart interaction experiences.', '(High-Impact) Positioning Strategy');
INSERT INTO product_features (variant_id, feature_text, sort_order) VALUES (23, 'Architecture alignment for Physical Channels (High-Impact)', 0);
INSERT INTO product_features (variant_id, feature_text, sort_order) VALUES (23, 'Dedicated TMaaS specialist team', 1);
INSERT INTO product_features (variant_id, feature_text, sort_order) VALUES (23, 'SLA-backed governance and reporting', 2);
INSERT INTO product_features (variant_id, feature_text, sort_order) VALUES (23, 'Phased delivery and milestone tracking', 3);
INSERT INTO product_tags (variant_id, tag_name) VALUES (23, 'experience');
INSERT INTO product_tags (variant_id, tag_name) VALUES (23, 'ai_deploy');
INSERT INTO product_tags (variant_id, tag_name) VALUES (23, 'transformation');
INSERT INTO product_tags (variant_id, tag_name) VALUES (23, 'high-impact');
INSERT INTO product_timeline_milestones (variant_id, milestone_text, sort_order) VALUES (23, 'Phase 1: Discovery & Alignment', 0);
INSERT INTO product_timeline_milestones (variant_id, milestone_text, sort_order) VALUES (23, 'Phase 2: Execution', 1);
INSERT INTO product_timeline_milestones (variant_id, milestone_text, sort_order) VALUES (23, 'Phase 3: Governance & Review', 2);
INSERT INTO product_timeline_milestones (variant_id, milestone_text, sort_order) VALUES (23, 'Phase 4: Operational Handover', 3);
INSERT INTO product_variants (id, product_id, sku, slug, variant_name, service_type_id, duration_display, duration_weeks_min, duration_weeks_max, delivery_complexity, implementation_model, badge, positioning, is_default_variant, status) VALUES (24, 4, 'EXP-MAN-24', 'physical-channels-high-impact-managed-service-24', 'Managed Service', 'manage', 'Ongoing', NULL, NULL, 'medium', 'TMaaS Managed Delivery', 'Manage', '(High-Impact) Positioning Strategy', false, 'published');
INSERT INTO marketplace_listings (id, merchant_id, variant_id, listing_status, purchasability, popularity_score) VALUES (24, 1, 24, 'active', 'buy_now', 95);
INSERT INTO variant_prices (listing_id, price_type, amount, price_display, billing_period, is_current) VALUES (24, 'list', NULL, 'Custom Monthly Plans', 'monthly', true);
INSERT INTO product_content (variant_id, description, positioning) VALUES (24, 'Managed operations and optimisation of integrated physical and digital customer engagement environments.', '(High-Impact) Positioning Strategy');
INSERT INTO product_features (variant_id, feature_text, sort_order) VALUES (24, 'Architecture alignment for Physical Channels (High-Impact)', 0);
INSERT INTO product_features (variant_id, feature_text, sort_order) VALUES (24, 'Dedicated TMaaS specialist team', 1);
INSERT INTO product_features (variant_id, feature_text, sort_order) VALUES (24, 'SLA-backed governance and reporting', 2);
INSERT INTO product_features (variant_id, feature_text, sort_order) VALUES (24, 'Phased delivery and milestone tracking', 3);
INSERT INTO product_tags (variant_id, tag_name) VALUES (24, 'experience');
INSERT INTO product_tags (variant_id, tag_name) VALUES (24, 'manage');
INSERT INTO product_tags (variant_id, tag_name) VALUES (24, 'transformation');
INSERT INTO product_tags (variant_id, tag_name) VALUES (24, 'high-impact');
INSERT INTO product_tags (variant_id, tag_name) VALUES (24, 'operations');
INSERT INTO product_timeline_milestones (variant_id, milestone_text, sort_order) VALUES (24, 'Phase 1: Discovery & Alignment', 0);
INSERT INTO product_timeline_milestones (variant_id, milestone_text, sort_order) VALUES (24, 'Phase 2: Execution', 1);
INSERT INTO product_timeline_milestones (variant_id, milestone_text, sort_order) VALUES (24, 'Phase 3: Governance & Review', 2);
INSERT INTO product_timeline_milestones (variant_id, milestone_text, sort_order) VALUES (24, 'Phase 4: Operational Handover', 3);
INSERT INTO products (id, slug, title, short_description, collection_id, is_high_impact, audience, industry_relevance, department, business_impact, status) VALUES (5, 'experience-solutions-high-impact', 'Experience Solutions (High-Impact)', 'Assessment of content operations, customer journeys, personalization maturity, and digital engagement opportunities.', 'experience', true, 'Enterprise & Mid-Market', 'Cross-Industry', 'IT & Transformation', 'Significant operational improvements and risk reduction.', 'published');
INSERT INTO product_category_map (product_id, category_id) VALUES (5, 'modernise-technology') ON CONFLICT DO NOTHING;
INSERT INTO product_category_map (product_id, category_id) VALUES (5, 'improve-operations') ON CONFLICT DO NOTHING;
INSERT INTO product_variants (id, product_id, sku, slug, variant_name, service_type_id, duration_display, duration_weeks_min, duration_weeks_max, delivery_complexity, implementation_model, badge, positioning, is_default_variant, status) VALUES (25, 5, 'EXP-ADV-25', 'experience-solutions-high-impact-assess-25', 'Assess', 'advisory', '1 Week', 1, 1, 'medium', 'TMaaS Managed Delivery', 'Advisory', '(High-Impact) Positioning Strategy', true, 'published');
INSERT INTO marketplace_listings (id, merchant_id, variant_id, listing_status, purchasability, popularity_score) VALUES (25, 1, 25, 'active', 'free', 100);
INSERT INTO variant_prices (listing_id, price_type, amount, price_display, billing_period, is_current) VALUES (25, 'list', 0, 'Free', 'one_time', true);
INSERT INTO product_content (variant_id, description, positioning) VALUES (25, 'Assessment of content operations, customer journeys, personalization maturity, and digital engagement opportunities.', '(High-Impact) Positioning Strategy');
INSERT INTO product_features (variant_id, feature_text, sort_order) VALUES (25, 'Architecture alignment for Experience Solutions (High-Impact)', 0);
INSERT INTO product_features (variant_id, feature_text, sort_order) VALUES (25, 'Dedicated TMaaS specialist team', 1);
INSERT INTO product_features (variant_id, feature_text, sort_order) VALUES (25, 'SLA-backed governance and reporting', 2);
INSERT INTO product_features (variant_id, feature_text, sort_order) VALUES (25, 'Phased delivery and milestone tracking', 3);
INSERT INTO product_tags (variant_id, tag_name) VALUES (25, 'experience');
INSERT INTO product_tags (variant_id, tag_name) VALUES (25, 'advisory');
INSERT INTO product_tags (variant_id, tag_name) VALUES (25, 'transformation');
INSERT INTO product_tags (variant_id, tag_name) VALUES (25, 'high-impact');
INSERT INTO product_timeline_milestones (variant_id, milestone_text, sort_order) VALUES (25, 'Phase 1: Discovery & Alignment', 0);
INSERT INTO product_timeline_milestones (variant_id, milestone_text, sort_order) VALUES (25, 'Phase 2: Execution', 1);
INSERT INTO product_timeline_milestones (variant_id, milestone_text, sort_order) VALUES (25, 'Phase 3: Governance & Review', 2);
INSERT INTO product_timeline_milestones (variant_id, milestone_text, sort_order) VALUES (25, 'Phase 4: Operational Handover', 3);
INSERT INTO product_variants (id, product_id, sku, slug, variant_name, service_type_id, duration_display, duration_weeks_min, duration_weeks_max, delivery_complexity, implementation_model, badge, positioning, is_default_variant, status) VALUES (26, 5, 'EXP-DES-26', 'experience-solutions-high-impact-design-26', 'Design', 'design', '4 Weeks', 4, 4, 'high', 'TMaaS Managed Delivery', 'Design', '(High-Impact) Positioning Strategy', false, 'published');
INSERT INTO marketplace_listings (id, merchant_id, variant_id, listing_status, purchasability, popularity_score) VALUES (26, 1, 26, 'active', 'buy_now', 99);
INSERT INTO variant_prices (listing_id, price_type, amount, price_display, billing_period, is_current) VALUES (26, 'from', 1000, 'From $1,000', 'one_time', true);
INSERT INTO product_content (variant_id, description, positioning) VALUES (26, 'Design of digital content ecosystems, personalized customer journeys, publishing workflows, and experience strategies.', '(High-Impact) Positioning Strategy');
INSERT INTO product_features (variant_id, feature_text, sort_order) VALUES (26, 'Architecture alignment for Experience Solutions (High-Impact)', 0);
INSERT INTO product_features (variant_id, feature_text, sort_order) VALUES (26, 'Dedicated TMaaS specialist team', 1);
INSERT INTO product_features (variant_id, feature_text, sort_order) VALUES (26, 'SLA-backed governance and reporting', 2);
INSERT INTO product_features (variant_id, feature_text, sort_order) VALUES (26, 'Phased delivery and milestone tracking', 3);
INSERT INTO product_tags (variant_id, tag_name) VALUES (26, 'experience');
INSERT INTO product_tags (variant_id, tag_name) VALUES (26, 'design');
INSERT INTO product_tags (variant_id, tag_name) VALUES (26, 'transformation');
INSERT INTO product_tags (variant_id, tag_name) VALUES (26, 'high-impact');
INSERT INTO product_timeline_milestones (variant_id, milestone_text, sort_order) VALUES (26, 'Phase 1: Discovery & Alignment', 0);
INSERT INTO product_timeline_milestones (variant_id, milestone_text, sort_order) VALUES (26, 'Phase 2: Execution', 1);
INSERT INTO product_timeline_milestones (variant_id, milestone_text, sort_order) VALUES (26, 'Phase 3: Governance & Review', 2);
INSERT INTO product_timeline_milestones (variant_id, milestone_text, sort_order) VALUES (26, 'Phase 4: Operational Handover', 3);
INSERT INTO product_variants (id, product_id, sku, slug, variant_name, service_type_id, duration_display, duration_weeks_min, duration_weeks_max, delivery_complexity, implementation_model, badge, positioning, is_default_variant, status) VALUES (27, 5, 'EXP-AI_-27', 'experience-solutions-high-impact-ai-design-27', 'AI Design', 'ai_design', '4 Weeks', 4, 4, 'high', 'TMaaS Managed Delivery', 'Ai Design', '(High-Impact) Positioning Strategy', false, 'published');
INSERT INTO marketplace_listings (id, merchant_id, variant_id, listing_status, purchasability, popularity_score) VALUES (27, 1, 27, 'active', 'buy_now', 98);
INSERT INTO variant_prices (listing_id, price_type, amount, price_display, billing_period, is_current) VALUES (27, 'from', 1000, 'From $1,000', 'one_time', true);
INSERT INTO product_content (variant_id, description, positioning) VALUES (27, 'Design of AI-powered content operations including intelligent personalization, AI content generation, automation, and recommendations.', '(High-Impact) Positioning Strategy');
INSERT INTO product_features (variant_id, feature_text, sort_order) VALUES (27, 'Architecture alignment for Experience Solutions (High-Impact)', 0);
INSERT INTO product_features (variant_id, feature_text, sort_order) VALUES (27, 'Dedicated TMaaS specialist team', 1);
INSERT INTO product_features (variant_id, feature_text, sort_order) VALUES (27, 'SLA-backed governance and reporting', 2);
INSERT INTO product_features (variant_id, feature_text, sort_order) VALUES (27, 'Phased delivery and milestone tracking', 3);
INSERT INTO product_tags (variant_id, tag_name) VALUES (27, 'experience');
INSERT INTO product_tags (variant_id, tag_name) VALUES (27, 'ai_design');
INSERT INTO product_tags (variant_id, tag_name) VALUES (27, 'transformation');
INSERT INTO product_tags (variant_id, tag_name) VALUES (27, 'high-impact');
INSERT INTO product_timeline_milestones (variant_id, milestone_text, sort_order) VALUES (27, 'Phase 1: Discovery & Alignment', 0);
INSERT INTO product_timeline_milestones (variant_id, milestone_text, sort_order) VALUES (27, 'Phase 2: Execution', 1);
INSERT INTO product_timeline_milestones (variant_id, milestone_text, sort_order) VALUES (27, 'Phase 3: Governance & Review', 2);
INSERT INTO product_timeline_milestones (variant_id, milestone_text, sort_order) VALUES (27, 'Phase 4: Operational Handover', 3);
INSERT INTO product_variants (id, product_id, sku, slug, variant_name, service_type_id, duration_display, duration_weeks_min, duration_weeks_max, delivery_complexity, implementation_model, badge, positioning, is_default_variant, status) VALUES (28, 5, 'EXP-DEP-28', 'experience-solutions-high-impact-implementation-28', 'Implementation', 'deploy', '12 Weeks', 12, 12, 'high', 'TMaaS Managed Delivery', 'Deploy', '(High-Impact) Positioning Strategy', false, 'published');
INSERT INTO marketplace_listings (id, merchant_id, variant_id, listing_status, purchasability, popularity_score) VALUES (28, 1, 28, 'active', 'request_quote', 97);
INSERT INTO variant_prices (listing_id, price_type, amount, price_display, billing_period, is_current) VALUES (28, 'custom_floor', NULL, 'Custom', 'one_time', true);
INSERT INTO product_content (variant_id, description, positioning) VALUES (28, 'Deployment and implementation of content management systems, journey orchestration platforms, and personalization environments.', '(High-Impact) Positioning Strategy');
INSERT INTO product_features (variant_id, feature_text, sort_order) VALUES (28, 'Architecture alignment for Experience Solutions (High-Impact)', 0);
INSERT INTO product_features (variant_id, feature_text, sort_order) VALUES (28, 'Dedicated TMaaS specialist team', 1);
INSERT INTO product_features (variant_id, feature_text, sort_order) VALUES (28, 'SLA-backed governance and reporting', 2);
INSERT INTO product_features (variant_id, feature_text, sort_order) VALUES (28, 'Phased delivery and milestone tracking', 3);
INSERT INTO product_tags (variant_id, tag_name) VALUES (28, 'experience');
INSERT INTO product_tags (variant_id, tag_name) VALUES (28, 'deploy');
INSERT INTO product_tags (variant_id, tag_name) VALUES (28, 'transformation');
INSERT INTO product_tags (variant_id, tag_name) VALUES (28, 'high-impact');
INSERT INTO product_timeline_milestones (variant_id, milestone_text, sort_order) VALUES (28, 'Phase 1: Discovery & Alignment', 0);
INSERT INTO product_timeline_milestones (variant_id, milestone_text, sort_order) VALUES (28, 'Phase 2: Execution', 1);
INSERT INTO product_timeline_milestones (variant_id, milestone_text, sort_order) VALUES (28, 'Phase 3: Governance & Review', 2);
INSERT INTO product_timeline_milestones (variant_id, milestone_text, sort_order) VALUES (28, 'Phase 4: Operational Handover', 3);
INSERT INTO product_variants (id, product_id, sku, slug, variant_name, service_type_id, duration_display, duration_weeks_min, duration_weeks_max, delivery_complexity, implementation_model, badge, positioning, is_default_variant, status) VALUES (29, 5, 'EXP-AI_-29', 'experience-solutions-high-impact-ai-implementation-29', 'AI Implementation', 'ai_deploy', '12 Weeks', 12, 12, 'high', 'TMaaS Managed Delivery', 'Ai Deploy', '(High-Impact) Positioning Strategy', false, 'published');
INSERT INTO marketplace_listings (id, merchant_id, variant_id, listing_status, purchasability, popularity_score) VALUES (29, 1, 29, 'active', 'request_quote', 96);
INSERT INTO variant_prices (listing_id, price_type, amount, price_display, billing_period, is_current) VALUES (29, 'custom_floor', NULL, 'Custom', 'one_time', true);
INSERT INTO product_content (variant_id, description, positioning) VALUES (29, 'Deployment of AI-powered personalization, content intelligence, automation, and journey optimization capabilities.', '(High-Impact) Positioning Strategy');
INSERT INTO product_features (variant_id, feature_text, sort_order) VALUES (29, 'Architecture alignment for Experience Solutions (High-Impact)', 0);
INSERT INTO product_features (variant_id, feature_text, sort_order) VALUES (29, 'Dedicated TMaaS specialist team', 1);
INSERT INTO product_features (variant_id, feature_text, sort_order) VALUES (29, 'SLA-backed governance and reporting', 2);
INSERT INTO product_features (variant_id, feature_text, sort_order) VALUES (29, 'Phased delivery and milestone tracking', 3);
INSERT INTO product_tags (variant_id, tag_name) VALUES (29, 'experience');
INSERT INTO product_tags (variant_id, tag_name) VALUES (29, 'ai_deploy');
INSERT INTO product_tags (variant_id, tag_name) VALUES (29, 'transformation');
INSERT INTO product_tags (variant_id, tag_name) VALUES (29, 'high-impact');
INSERT INTO product_timeline_milestones (variant_id, milestone_text, sort_order) VALUES (29, 'Phase 1: Discovery & Alignment', 0);
INSERT INTO product_timeline_milestones (variant_id, milestone_text, sort_order) VALUES (29, 'Phase 2: Execution', 1);
INSERT INTO product_timeline_milestones (variant_id, milestone_text, sort_order) VALUES (29, 'Phase 3: Governance & Review', 2);
INSERT INTO product_timeline_milestones (variant_id, milestone_text, sort_order) VALUES (29, 'Phase 4: Operational Handover', 3);
INSERT INTO product_variants (id, product_id, sku, slug, variant_name, service_type_id, duration_display, duration_weeks_min, duration_weeks_max, delivery_complexity, implementation_model, badge, positioning, is_default_variant, status) VALUES (30, 5, 'EXP-MAN-30', 'experience-solutions-high-impact-managed-service-30', 'Managed Service', 'manage', 'Ongoing', NULL, NULL, 'medium', 'TMaaS Managed Delivery', 'Manage', '(High-Impact) Positioning Strategy', false, 'published');
INSERT INTO marketplace_listings (id, merchant_id, variant_id, listing_status, purchasability, popularity_score) VALUES (30, 1, 30, 'active', 'buy_now', 95);
INSERT INTO variant_prices (listing_id, price_type, amount, price_display, billing_period, is_current) VALUES (30, 'list', NULL, 'Custom Monthly Plans', 'monthly', true);
INSERT INTO product_content (variant_id, description, positioning) VALUES (30, 'Ongoing support and optimisation of enterprise content operations, digital journeys, and personalization environments.', '(High-Impact) Positioning Strategy');
INSERT INTO product_features (variant_id, feature_text, sort_order) VALUES (30, 'Architecture alignment for Experience Solutions (High-Impact)', 0);
INSERT INTO product_features (variant_id, feature_text, sort_order) VALUES (30, 'Dedicated TMaaS specialist team', 1);
INSERT INTO product_features (variant_id, feature_text, sort_order) VALUES (30, 'SLA-backed governance and reporting', 2);
INSERT INTO product_features (variant_id, feature_text, sort_order) VALUES (30, 'Phased delivery and milestone tracking', 3);
INSERT INTO product_tags (variant_id, tag_name) VALUES (30, 'experience');
INSERT INTO product_tags (variant_id, tag_name) VALUES (30, 'manage');
INSERT INTO product_tags (variant_id, tag_name) VALUES (30, 'transformation');
INSERT INTO product_tags (variant_id, tag_name) VALUES (30, 'high-impact');
INSERT INTO product_tags (variant_id, tag_name) VALUES (30, 'operations');
INSERT INTO product_timeline_milestones (variant_id, milestone_text, sort_order) VALUES (30, 'Phase 1: Discovery & Alignment', 0);
INSERT INTO product_timeline_milestones (variant_id, milestone_text, sort_order) VALUES (30, 'Phase 2: Execution', 1);
INSERT INTO product_timeline_milestones (variant_id, milestone_text, sort_order) VALUES (30, 'Phase 3: Governance & Review', 2);
INSERT INTO product_timeline_milestones (variant_id, milestone_text, sort_order) VALUES (30, 'Phase 4: Operational Handover', 3);
INSERT INTO products (id, slug, title, short_description, collection_id, is_high_impact, audience, industry_relevance, department, business_impact, status) VALUES (6, 'crm-solutions-high-impact', 'CRM Solutions (High-Impact)', 'Strategic assessment of customer engagement, relationship management, lead management, and CRM transformation opportunities.', 'experience', true, 'Enterprise & Mid-Market', 'Cross-Industry', 'IT & Transformation', 'Significant operational improvements and risk reduction.', 'published');
INSERT INTO product_category_map (product_id, category_id) VALUES (6, 'modernise-technology') ON CONFLICT DO NOTHING;
INSERT INTO product_category_map (product_id, category_id) VALUES (6, 'improve-operations') ON CONFLICT DO NOTHING;
INSERT INTO product_variants (id, product_id, sku, slug, variant_name, service_type_id, duration_display, duration_weeks_min, duration_weeks_max, delivery_complexity, implementation_model, badge, positioning, is_default_variant, status) VALUES (31, 6, 'EXP-ADV-31', 'crm-solutions-high-impact-assess-31', 'Assess', 'advisory', '1 Week', 1, 1, 'medium', 'TMaaS Managed Delivery', 'Advisory', '(High-Impact) Positioning Strategy', true, 'published');
INSERT INTO marketplace_listings (id, merchant_id, variant_id, listing_status, purchasability, popularity_score) VALUES (31, 1, 31, 'active', 'free', 100);
INSERT INTO variant_prices (listing_id, price_type, amount, price_display, billing_period, is_current) VALUES (31, 'list', 0, 'Free', 'one_time', true);
INSERT INTO product_content (variant_id, description, positioning) VALUES (31, 'Strategic assessment of customer engagement, relationship management, lead management, and CRM transformation opportunities.', '(High-Impact) Positioning Strategy');
INSERT INTO product_features (variant_id, feature_text, sort_order) VALUES (31, 'Architecture alignment for CRM Solutions (High-Impact)', 0);
INSERT INTO product_features (variant_id, feature_text, sort_order) VALUES (31, 'Dedicated TMaaS specialist team', 1);
INSERT INTO product_features (variant_id, feature_text, sort_order) VALUES (31, 'SLA-backed governance and reporting', 2);
INSERT INTO product_features (variant_id, feature_text, sort_order) VALUES (31, 'Phased delivery and milestone tracking', 3);
INSERT INTO product_tags (variant_id, tag_name) VALUES (31, 'experience');
INSERT INTO product_tags (variant_id, tag_name) VALUES (31, 'advisory');
INSERT INTO product_tags (variant_id, tag_name) VALUES (31, 'transformation');
INSERT INTO product_tags (variant_id, tag_name) VALUES (31, 'high-impact');
INSERT INTO product_timeline_milestones (variant_id, milestone_text, sort_order) VALUES (31, 'Phase 1: Discovery & Alignment', 0);
INSERT INTO product_timeline_milestones (variant_id, milestone_text, sort_order) VALUES (31, 'Phase 2: Execution', 1);
INSERT INTO product_timeline_milestones (variant_id, milestone_text, sort_order) VALUES (31, 'Phase 3: Governance & Review', 2);
INSERT INTO product_timeline_milestones (variant_id, milestone_text, sort_order) VALUES (31, 'Phase 4: Operational Handover', 3);
INSERT INTO product_variants (id, product_id, sku, slug, variant_name, service_type_id, duration_display, duration_weeks_min, duration_weeks_max, delivery_complexity, implementation_model, badge, positioning, is_default_variant, status) VALUES (32, 6, 'EXP-DES-32', 'crm-solutions-high-impact-design-32', 'Design', 'design', '4 Weeks', 4, 4, 'high', 'TMaaS Managed Delivery', 'Design', '(High-Impact) Positioning Strategy', false, 'published');
INSERT INTO marketplace_listings (id, merchant_id, variant_id, listing_status, purchasability, popularity_score) VALUES (32, 1, 32, 'active', 'buy_now', 99);
INSERT INTO variant_prices (listing_id, price_type, amount, price_display, billing_period, is_current) VALUES (32, 'from', 1000, 'From $1,000', 'one_time', true);
INSERT INTO product_content (variant_id, description, positioning) VALUES (32, 'Design of CRM operating models, customer engagement workflows, sales processes, and relationship management strategies.', '(High-Impact) Positioning Strategy');
INSERT INTO product_features (variant_id, feature_text, sort_order) VALUES (32, 'Architecture alignment for CRM Solutions (High-Impact)', 0);
INSERT INTO product_features (variant_id, feature_text, sort_order) VALUES (32, 'Dedicated TMaaS specialist team', 1);
INSERT INTO product_features (variant_id, feature_text, sort_order) VALUES (32, 'SLA-backed governance and reporting', 2);
INSERT INTO product_features (variant_id, feature_text, sort_order) VALUES (32, 'Phased delivery and milestone tracking', 3);
INSERT INTO product_tags (variant_id, tag_name) VALUES (32, 'experience');
INSERT INTO product_tags (variant_id, tag_name) VALUES (32, 'design');
INSERT INTO product_tags (variant_id, tag_name) VALUES (32, 'transformation');
INSERT INTO product_tags (variant_id, tag_name) VALUES (32, 'high-impact');
INSERT INTO product_timeline_milestones (variant_id, milestone_text, sort_order) VALUES (32, 'Phase 1: Discovery & Alignment', 0);
INSERT INTO product_timeline_milestones (variant_id, milestone_text, sort_order) VALUES (32, 'Phase 2: Execution', 1);
INSERT INTO product_timeline_milestones (variant_id, milestone_text, sort_order) VALUES (32, 'Phase 3: Governance & Review', 2);
INSERT INTO product_timeline_milestones (variant_id, milestone_text, sort_order) VALUES (32, 'Phase 4: Operational Handover', 3);
INSERT INTO product_variants (id, product_id, sku, slug, variant_name, service_type_id, duration_display, duration_weeks_min, duration_weeks_max, delivery_complexity, implementation_model, badge, positioning, is_default_variant, status) VALUES (33, 6, 'EXP-AI_-33', 'crm-solutions-high-impact-ai-design-33', 'AI Design', 'ai_design', '4 Weeks', 4, 4, 'high', 'TMaaS Managed Delivery', 'Ai Design', '(High-Impact) Positioning Strategy', false, 'published');
INSERT INTO marketplace_listings (id, merchant_id, variant_id, listing_status, purchasability, popularity_score) VALUES (33, 1, 33, 'active', 'buy_now', 98);
INSERT INTO variant_prices (listing_id, price_type, amount, price_display, billing_period, is_current) VALUES (33, 'from', 1000, 'From $1,000', 'one_time', true);
INSERT INTO product_content (variant_id, description, positioning) VALUES (33, 'Design of AI-enabled CRM capabilities including copilots, lead scoring, automation, customer insights, and intelligent engagement.', '(High-Impact) Positioning Strategy');
INSERT INTO product_features (variant_id, feature_text, sort_order) VALUES (33, 'Architecture alignment for CRM Solutions (High-Impact)', 0);
INSERT INTO product_features (variant_id, feature_text, sort_order) VALUES (33, 'Dedicated TMaaS specialist team', 1);
INSERT INTO product_features (variant_id, feature_text, sort_order) VALUES (33, 'SLA-backed governance and reporting', 2);
INSERT INTO product_features (variant_id, feature_text, sort_order) VALUES (33, 'Phased delivery and milestone tracking', 3);
INSERT INTO product_tags (variant_id, tag_name) VALUES (33, 'experience');
INSERT INTO product_tags (variant_id, tag_name) VALUES (33, 'ai_design');
INSERT INTO product_tags (variant_id, tag_name) VALUES (33, 'transformation');
INSERT INTO product_tags (variant_id, tag_name) VALUES (33, 'high-impact');
INSERT INTO product_timeline_milestones (variant_id, milestone_text, sort_order) VALUES (33, 'Phase 1: Discovery & Alignment', 0);
INSERT INTO product_timeline_milestones (variant_id, milestone_text, sort_order) VALUES (33, 'Phase 2: Execution', 1);
INSERT INTO product_timeline_milestones (variant_id, milestone_text, sort_order) VALUES (33, 'Phase 3: Governance & Review', 2);
INSERT INTO product_timeline_milestones (variant_id, milestone_text, sort_order) VALUES (33, 'Phase 4: Operational Handover', 3);
INSERT INTO product_variants (id, product_id, sku, slug, variant_name, service_type_id, duration_display, duration_weeks_min, duration_weeks_max, delivery_complexity, implementation_model, badge, positioning, is_default_variant, status) VALUES (34, 6, 'EXP-DEP-34', 'crm-solutions-high-impact-implementation-34', 'Implementation', 'deploy', '12 Weeks', 12, 12, 'high', 'TMaaS Managed Delivery', 'Deploy', '(High-Impact) Positioning Strategy', false, 'published');
INSERT INTO marketplace_listings (id, merchant_id, variant_id, listing_status, purchasability, popularity_score) VALUES (34, 1, 34, 'active', 'request_quote', 97);
INSERT INTO variant_prices (listing_id, price_type, amount, price_display, billing_period, is_current) VALUES (34, 'custom_floor', NULL, 'Custom', 'one_time', true);
INSERT INTO product_content (variant_id, description, positioning) VALUES (34, 'Deployment and implementation of CRM platforms, customer engagement systems, and sales workflow environments.', '(High-Impact) Positioning Strategy');
INSERT INTO product_features (variant_id, feature_text, sort_order) VALUES (34, 'Architecture alignment for CRM Solutions (High-Impact)', 0);
INSERT INTO product_features (variant_id, feature_text, sort_order) VALUES (34, 'Dedicated TMaaS specialist team', 1);
INSERT INTO product_features (variant_id, feature_text, sort_order) VALUES (34, 'SLA-backed governance and reporting', 2);
INSERT INTO product_features (variant_id, feature_text, sort_order) VALUES (34, 'Phased delivery and milestone tracking', 3);
INSERT INTO product_tags (variant_id, tag_name) VALUES (34, 'experience');
INSERT INTO product_tags (variant_id, tag_name) VALUES (34, 'deploy');
INSERT INTO product_tags (variant_id, tag_name) VALUES (34, 'transformation');
INSERT INTO product_tags (variant_id, tag_name) VALUES (34, 'high-impact');
INSERT INTO product_timeline_milestones (variant_id, milestone_text, sort_order) VALUES (34, 'Phase 1: Discovery & Alignment', 0);
INSERT INTO product_timeline_milestones (variant_id, milestone_text, sort_order) VALUES (34, 'Phase 2: Execution', 1);
INSERT INTO product_timeline_milestones (variant_id, milestone_text, sort_order) VALUES (34, 'Phase 3: Governance & Review', 2);
INSERT INTO product_timeline_milestones (variant_id, milestone_text, sort_order) VALUES (34, 'Phase 4: Operational Handover', 3);
INSERT INTO product_variants (id, product_id, sku, slug, variant_name, service_type_id, duration_display, duration_weeks_min, duration_weeks_max, delivery_complexity, implementation_model, badge, positioning, is_default_variant, status) VALUES (35, 6, 'EXP-AI_-35', 'crm-solutions-high-impact-ai-implementation-35', 'AI Implementation', 'ai_deploy', '12 Weeks', 12, 12, 'high', 'TMaaS Managed Delivery', 'Ai Deploy', '(High-Impact) Positioning Strategy', false, 'published');
INSERT INTO marketplace_listings (id, merchant_id, variant_id, listing_status, purchasability, popularity_score) VALUES (35, 1, 35, 'active', 'request_quote', 96);
INSERT INTO variant_prices (listing_id, price_type, amount, price_display, billing_period, is_current) VALUES (35, 'custom_floor', NULL, 'Custom', 'one_time', true);
INSERT INTO product_content (variant_id, description, positioning) VALUES (35, 'Deployment of AI-powered CRM automation, intelligent customer engagement, predictive insights, and AI assistant capabilities.', '(High-Impact) Positioning Strategy');
INSERT INTO product_features (variant_id, feature_text, sort_order) VALUES (35, 'Architecture alignment for CRM Solutions (High-Impact)', 0);
INSERT INTO product_features (variant_id, feature_text, sort_order) VALUES (35, 'Dedicated TMaaS specialist team', 1);
INSERT INTO product_features (variant_id, feature_text, sort_order) VALUES (35, 'SLA-backed governance and reporting', 2);
INSERT INTO product_features (variant_id, feature_text, sort_order) VALUES (35, 'Phased delivery and milestone tracking', 3);
INSERT INTO product_tags (variant_id, tag_name) VALUES (35, 'experience');
INSERT INTO product_tags (variant_id, tag_name) VALUES (35, 'ai_deploy');
INSERT INTO product_tags (variant_id, tag_name) VALUES (35, 'transformation');
INSERT INTO product_tags (variant_id, tag_name) VALUES (35, 'high-impact');
INSERT INTO product_timeline_milestones (variant_id, milestone_text, sort_order) VALUES (35, 'Phase 1: Discovery & Alignment', 0);
INSERT INTO product_timeline_milestones (variant_id, milestone_text, sort_order) VALUES (35, 'Phase 2: Execution', 1);
INSERT INTO product_timeline_milestones (variant_id, milestone_text, sort_order) VALUES (35, 'Phase 3: Governance & Review', 2);
INSERT INTO product_timeline_milestones (variant_id, milestone_text, sort_order) VALUES (35, 'Phase 4: Operational Handover', 3);
INSERT INTO product_variants (id, product_id, sku, slug, variant_name, service_type_id, duration_display, duration_weeks_min, duration_weeks_max, delivery_complexity, implementation_model, badge, positioning, is_default_variant, status) VALUES (36, 6, 'EXP-MAN-36', 'crm-solutions-high-impact-managed-service-36', 'Managed Service', 'manage', 'Ongoing', NULL, NULL, 'medium', 'TMaaS Managed Delivery', 'Manage', '(High-Impact) Positioning Strategy', false, 'published');
INSERT INTO marketplace_listings (id, merchant_id, variant_id, listing_status, purchasability, popularity_score) VALUES (36, 1, 36, 'active', 'buy_now', 95);
INSERT INTO variant_prices (listing_id, price_type, amount, price_display, billing_period, is_current) VALUES (36, 'list', NULL, 'Custom Monthly Plans', 'monthly', true);
INSERT INTO product_content (variant_id, description, positioning) VALUES (36, 'Managed operations, support, optimization, reporting, and administration of CRM platforms and customer engagement environments.', '(High-Impact) Positioning Strategy');
INSERT INTO product_features (variant_id, feature_text, sort_order) VALUES (36, 'Architecture alignment for CRM Solutions (High-Impact)', 0);
INSERT INTO product_features (variant_id, feature_text, sort_order) VALUES (36, 'Dedicated TMaaS specialist team', 1);
INSERT INTO product_features (variant_id, feature_text, sort_order) VALUES (36, 'SLA-backed governance and reporting', 2);
INSERT INTO product_features (variant_id, feature_text, sort_order) VALUES (36, 'Phased delivery and milestone tracking', 3);
INSERT INTO product_tags (variant_id, tag_name) VALUES (36, 'experience');
INSERT INTO product_tags (variant_id, tag_name) VALUES (36, 'manage');
INSERT INTO product_tags (variant_id, tag_name) VALUES (36, 'transformation');
INSERT INTO product_tags (variant_id, tag_name) VALUES (36, 'high-impact');
INSERT INTO product_tags (variant_id, tag_name) VALUES (36, 'operations');
INSERT INTO product_timeline_milestones (variant_id, milestone_text, sort_order) VALUES (36, 'Phase 1: Discovery & Alignment', 0);
INSERT INTO product_timeline_milestones (variant_id, milestone_text, sort_order) VALUES (36, 'Phase 2: Execution', 1);
INSERT INTO product_timeline_milestones (variant_id, milestone_text, sort_order) VALUES (36, 'Phase 3: Governance & Review', 2);
INSERT INTO product_timeline_milestones (variant_id, milestone_text, sort_order) VALUES (36, 'Phase 4: Operational Handover', 3);
INSERT INTO products (id, slug, title, short_description, collection_id, is_high_impact, audience, industry_relevance, department, business_impact, status) VALUES (7, 'marketing-solutions-high-impact', 'Marketing Solutions (High-Impact)', 'Assessment of digital marketing maturity, campaign performance, engagement workflows, and AI-driven marketing opportunities.', 'experience', true, 'Enterprise & Mid-Market', 'Cross-Industry', 'IT & Transformation', 'Significant operational improvements and risk reduction.', 'published');
INSERT INTO product_category_map (product_id, category_id) VALUES (7, 'modernise-technology') ON CONFLICT DO NOTHING;
INSERT INTO product_category_map (product_id, category_id) VALUES (7, 'improve-operations') ON CONFLICT DO NOTHING;
INSERT INTO product_variants (id, product_id, sku, slug, variant_name, service_type_id, duration_display, duration_weeks_min, duration_weeks_max, delivery_complexity, implementation_model, badge, positioning, is_default_variant, status) VALUES (37, 7, 'EXP-ADV-37', 'marketing-solutions-high-impact-assess-37', 'Assess', 'advisory', '1 Week', 1, 1, 'medium', 'TMaaS Managed Delivery', 'Advisory', '(High-Impact) Positioning Strategy', true, 'published');
INSERT INTO marketplace_listings (id, merchant_id, variant_id, listing_status, purchasability, popularity_score) VALUES (37, 1, 37, 'active', 'free', 100);
INSERT INTO variant_prices (listing_id, price_type, amount, price_display, billing_period, is_current) VALUES (37, 'list', 0, 'Free', 'one_time', true);
INSERT INTO product_content (variant_id, description, positioning) VALUES (37, 'Assessment of digital marketing maturity, campaign performance, engagement workflows, and AI-driven marketing opportunities.', '(High-Impact) Positioning Strategy');
INSERT INTO product_features (variant_id, feature_text, sort_order) VALUES (37, 'Architecture alignment for Marketing Solutions (High-Impact)', 0);
INSERT INTO product_features (variant_id, feature_text, sort_order) VALUES (37, 'Dedicated TMaaS specialist team', 1);
INSERT INTO product_features (variant_id, feature_text, sort_order) VALUES (37, 'SLA-backed governance and reporting', 2);
INSERT INTO product_features (variant_id, feature_text, sort_order) VALUES (37, 'Phased delivery and milestone tracking', 3);
INSERT INTO product_tags (variant_id, tag_name) VALUES (37, 'experience');
INSERT INTO product_tags (variant_id, tag_name) VALUES (37, 'advisory');
INSERT INTO product_tags (variant_id, tag_name) VALUES (37, 'transformation');
INSERT INTO product_tags (variant_id, tag_name) VALUES (37, 'high-impact');
INSERT INTO product_timeline_milestones (variant_id, milestone_text, sort_order) VALUES (37, 'Phase 1: Discovery & Alignment', 0);
INSERT INTO product_timeline_milestones (variant_id, milestone_text, sort_order) VALUES (37, 'Phase 2: Execution', 1);
INSERT INTO product_timeline_milestones (variant_id, milestone_text, sort_order) VALUES (37, 'Phase 3: Governance & Review', 2);
INSERT INTO product_timeline_milestones (variant_id, milestone_text, sort_order) VALUES (37, 'Phase 4: Operational Handover', 3);
INSERT INTO product_variants (id, product_id, sku, slug, variant_name, service_type_id, duration_display, duration_weeks_min, duration_weeks_max, delivery_complexity, implementation_model, badge, positioning, is_default_variant, status) VALUES (38, 7, 'EXP-DES-38', 'marketing-solutions-high-impact-design-38', 'Design', 'design', '4 Weeks', 4, 4, 'high', 'TMaaS Managed Delivery', 'Design', '(High-Impact) Positioning Strategy', false, 'published');
INSERT INTO marketplace_listings (id, merchant_id, variant_id, listing_status, purchasability, popularity_score) VALUES (38, 1, 38, 'active', 'buy_now', 99);
INSERT INTO variant_prices (listing_id, price_type, amount, price_display, billing_period, is_current) VALUES (38, 'from', 1000, 'From $1,000', 'one_time', true);
INSERT INTO product_content (variant_id, description, positioning) VALUES (38, 'Design of digital marketing strategies, customer engagement campaigns, automation journeys, and communication workflows.', '(High-Impact) Positioning Strategy');
INSERT INTO product_features (variant_id, feature_text, sort_order) VALUES (38, 'Architecture alignment for Marketing Solutions (High-Impact)', 0);
INSERT INTO product_features (variant_id, feature_text, sort_order) VALUES (38, 'Dedicated TMaaS specialist team', 1);
INSERT INTO product_features (variant_id, feature_text, sort_order) VALUES (38, 'SLA-backed governance and reporting', 2);
INSERT INTO product_features (variant_id, feature_text, sort_order) VALUES (38, 'Phased delivery and milestone tracking', 3);
INSERT INTO product_tags (variant_id, tag_name) VALUES (38, 'experience');
INSERT INTO product_tags (variant_id, tag_name) VALUES (38, 'design');
INSERT INTO product_tags (variant_id, tag_name) VALUES (38, 'transformation');
INSERT INTO product_tags (variant_id, tag_name) VALUES (38, 'high-impact');
INSERT INTO product_timeline_milestones (variant_id, milestone_text, sort_order) VALUES (38, 'Phase 1: Discovery & Alignment', 0);
INSERT INTO product_timeline_milestones (variant_id, milestone_text, sort_order) VALUES (38, 'Phase 2: Execution', 1);
INSERT INTO product_timeline_milestones (variant_id, milestone_text, sort_order) VALUES (38, 'Phase 3: Governance & Review', 2);
INSERT INTO product_timeline_milestones (variant_id, milestone_text, sort_order) VALUES (38, 'Phase 4: Operational Handover', 3);
INSERT INTO product_variants (id, product_id, sku, slug, variant_name, service_type_id, duration_display, duration_weeks_min, duration_weeks_max, delivery_complexity, implementation_model, badge, positioning, is_default_variant, status) VALUES (39, 7, 'EXP-AI_-39', 'marketing-solutions-high-impact-ai-design-39', 'AI Design', 'ai_design', '4 Weeks', 4, 4, 'high', 'TMaaS Managed Delivery', 'Ai Design', '(High-Impact) Positioning Strategy', false, 'published');
INSERT INTO marketplace_listings (id, merchant_id, variant_id, listing_status, purchasability, popularity_score) VALUES (39, 1, 39, 'active', 'buy_now', 98);
INSERT INTO variant_prices (listing_id, price_type, amount, price_display, billing_period, is_current) VALUES (39, 'from', 1000, 'From $1,000', 'one_time', true);
INSERT INTO product_content (variant_id, description, positioning) VALUES (39, 'Design of AI-driven marketing capabilities including campaign intelligence, audience targeting, automation, and content generation.', '(High-Impact) Positioning Strategy');
INSERT INTO product_features (variant_id, feature_text, sort_order) VALUES (39, 'Architecture alignment for Marketing Solutions (High-Impact)', 0);
INSERT INTO product_features (variant_id, feature_text, sort_order) VALUES (39, 'Dedicated TMaaS specialist team', 1);
INSERT INTO product_features (variant_id, feature_text, sort_order) VALUES (39, 'SLA-backed governance and reporting', 2);
INSERT INTO product_features (variant_id, feature_text, sort_order) VALUES (39, 'Phased delivery and milestone tracking', 3);
INSERT INTO product_tags (variant_id, tag_name) VALUES (39, 'experience');
INSERT INTO product_tags (variant_id, tag_name) VALUES (39, 'ai_design');
INSERT INTO product_tags (variant_id, tag_name) VALUES (39, 'transformation');
INSERT INTO product_tags (variant_id, tag_name) VALUES (39, 'high-impact');
INSERT INTO product_timeline_milestones (variant_id, milestone_text, sort_order) VALUES (39, 'Phase 1: Discovery & Alignment', 0);
INSERT INTO product_timeline_milestones (variant_id, milestone_text, sort_order) VALUES (39, 'Phase 2: Execution', 1);
INSERT INTO product_timeline_milestones (variant_id, milestone_text, sort_order) VALUES (39, 'Phase 3: Governance & Review', 2);
INSERT INTO product_timeline_milestones (variant_id, milestone_text, sort_order) VALUES (39, 'Phase 4: Operational Handover', 3);
INSERT INTO product_variants (id, product_id, sku, slug, variant_name, service_type_id, duration_display, duration_weeks_min, duration_weeks_max, delivery_complexity, implementation_model, badge, positioning, is_default_variant, status) VALUES (40, 7, 'EXP-DEP-40', 'marketing-solutions-high-impact-implementation-40', 'Implementation', 'deploy', '12 Weeks', 12, 12, 'high', 'TMaaS Managed Delivery', 'Deploy', '(High-Impact) Positioning Strategy', false, 'published');
INSERT INTO marketplace_listings (id, merchant_id, variant_id, listing_status, purchasability, popularity_score) VALUES (40, 1, 40, 'active', 'request_quote', 97);
INSERT INTO variant_prices (listing_id, price_type, amount, price_display, billing_period, is_current) VALUES (40, 'custom_floor', NULL, 'Custom', 'one_time', true);
INSERT INTO product_content (variant_id, description, positioning) VALUES (40, 'Deployment and implementation of marketing automation, campaign orchestration, and customer engagement platforms.', '(High-Impact) Positioning Strategy');
INSERT INTO product_features (variant_id, feature_text, sort_order) VALUES (40, 'Architecture alignment for Marketing Solutions (High-Impact)', 0);
INSERT INTO product_features (variant_id, feature_text, sort_order) VALUES (40, 'Dedicated TMaaS specialist team', 1);
INSERT INTO product_features (variant_id, feature_text, sort_order) VALUES (40, 'SLA-backed governance and reporting', 2);
INSERT INTO product_features (variant_id, feature_text, sort_order) VALUES (40, 'Phased delivery and milestone tracking', 3);
INSERT INTO product_tags (variant_id, tag_name) VALUES (40, 'experience');
INSERT INTO product_tags (variant_id, tag_name) VALUES (40, 'deploy');
INSERT INTO product_tags (variant_id, tag_name) VALUES (40, 'transformation');
INSERT INTO product_tags (variant_id, tag_name) VALUES (40, 'high-impact');
INSERT INTO product_timeline_milestones (variant_id, milestone_text, sort_order) VALUES (40, 'Phase 1: Discovery & Alignment', 0);
INSERT INTO product_timeline_milestones (variant_id, milestone_text, sort_order) VALUES (40, 'Phase 2: Execution', 1);
INSERT INTO product_timeline_milestones (variant_id, milestone_text, sort_order) VALUES (40, 'Phase 3: Governance & Review', 2);
INSERT INTO product_timeline_milestones (variant_id, milestone_text, sort_order) VALUES (40, 'Phase 4: Operational Handover', 3);
INSERT INTO product_variants (id, product_id, sku, slug, variant_name, service_type_id, duration_display, duration_weeks_min, duration_weeks_max, delivery_complexity, implementation_model, badge, positioning, is_default_variant, status) VALUES (41, 7, 'EXP-AI_-41', 'marketing-solutions-high-impact-ai-implementation-41', 'AI Implementation', 'ai_deploy', '12 Weeks', 12, 12, 'high', 'TMaaS Managed Delivery', 'Ai Deploy', '(High-Impact) Positioning Strategy', false, 'published');
INSERT INTO marketplace_listings (id, merchant_id, variant_id, listing_status, purchasability, popularity_score) VALUES (41, 1, 41, 'active', 'request_quote', 96);
INSERT INTO variant_prices (listing_id, price_type, amount, price_display, billing_period, is_current) VALUES (41, 'custom_floor', NULL, 'Custom', 'one_time', true);
INSERT INTO product_content (variant_id, description, positioning) VALUES (41, 'Deployment of AI-powered marketing automation, predictive targeting, campaign optimization, and intelligent engagement capabilities.', '(High-Impact) Positioning Strategy');
INSERT INTO product_features (variant_id, feature_text, sort_order) VALUES (41, 'Architecture alignment for Marketing Solutions (High-Impact)', 0);
INSERT INTO product_features (variant_id, feature_text, sort_order) VALUES (41, 'Dedicated TMaaS specialist team', 1);
INSERT INTO product_features (variant_id, feature_text, sort_order) VALUES (41, 'SLA-backed governance and reporting', 2);
INSERT INTO product_features (variant_id, feature_text, sort_order) VALUES (41, 'Phased delivery and milestone tracking', 3);
INSERT INTO product_tags (variant_id, tag_name) VALUES (41, 'experience');
INSERT INTO product_tags (variant_id, tag_name) VALUES (41, 'ai_deploy');
INSERT INTO product_tags (variant_id, tag_name) VALUES (41, 'transformation');
INSERT INTO product_tags (variant_id, tag_name) VALUES (41, 'high-impact');
INSERT INTO product_timeline_milestones (variant_id, milestone_text, sort_order) VALUES (41, 'Phase 1: Discovery & Alignment', 0);
INSERT INTO product_timeline_milestones (variant_id, milestone_text, sort_order) VALUES (41, 'Phase 2: Execution', 1);
INSERT INTO product_timeline_milestones (variant_id, milestone_text, sort_order) VALUES (41, 'Phase 3: Governance & Review', 2);
INSERT INTO product_timeline_milestones (variant_id, milestone_text, sort_order) VALUES (41, 'Phase 4: Operational Handover', 3);
INSERT INTO product_variants (id, product_id, sku, slug, variant_name, service_type_id, duration_display, duration_weeks_min, duration_weeks_max, delivery_complexity, implementation_model, badge, positioning, is_default_variant, status) VALUES (42, 7, 'EXP-MAN-42', 'marketing-solutions-high-impact-managed-service-42', 'Managed Service', 'manage', 'Ongoing', NULL, NULL, 'medium', 'TMaaS Managed Delivery', 'Manage', '(High-Impact) Positioning Strategy', false, 'published');
INSERT INTO marketplace_listings (id, merchant_id, variant_id, listing_status, purchasability, popularity_score) VALUES (42, 1, 42, 'active', 'buy_now', 95);
INSERT INTO variant_prices (listing_id, price_type, amount, price_display, billing_period, is_current) VALUES (42, 'list', NULL, 'Custom Monthly Plans', 'monthly', true);
INSERT INTO product_content (variant_id, description, positioning) VALUES (42, 'Managed operations and optimisation of digital marketing platforms, campaigns, automation workflows, and engagement environments.', '(High-Impact) Positioning Strategy');
INSERT INTO product_features (variant_id, feature_text, sort_order) VALUES (42, 'Architecture alignment for Marketing Solutions (High-Impact)', 0);
INSERT INTO product_features (variant_id, feature_text, sort_order) VALUES (42, 'Dedicated TMaaS specialist team', 1);
INSERT INTO product_features (variant_id, feature_text, sort_order) VALUES (42, 'SLA-backed governance and reporting', 2);
INSERT INTO product_features (variant_id, feature_text, sort_order) VALUES (42, 'Phased delivery and milestone tracking', 3);
INSERT INTO product_tags (variant_id, tag_name) VALUES (42, 'experience');
INSERT INTO product_tags (variant_id, tag_name) VALUES (42, 'manage');
INSERT INTO product_tags (variant_id, tag_name) VALUES (42, 'transformation');
INSERT INTO product_tags (variant_id, tag_name) VALUES (42, 'high-impact');
INSERT INTO product_tags (variant_id, tag_name) VALUES (42, 'operations');
INSERT INTO product_timeline_milestones (variant_id, milestone_text, sort_order) VALUES (42, 'Phase 1: Discovery & Alignment', 0);
INSERT INTO product_timeline_milestones (variant_id, milestone_text, sort_order) VALUES (42, 'Phase 2: Execution', 1);
INSERT INTO product_timeline_milestones (variant_id, milestone_text, sort_order) VALUES (42, 'Phase 3: Governance & Review', 2);
INSERT INTO product_timeline_milestones (variant_id, milestone_text, sort_order) VALUES (42, 'Phase 4: Operational Handover', 3);
INSERT INTO products (id, slug, title, short_description, collection_id, is_high_impact, audience, industry_relevance, department, business_impact, status) VALUES (8, 'smart-sales-quotation-high-impact', 'Smart Sales & Quotation (High-Impact)', 'Assessment of sales operations, quotation workflows, pricing models, and sales enablement transformation opportunities.', 'experience', true, 'Enterprise & Mid-Market', 'Cross-Industry', 'IT & Transformation', 'Significant operational improvements and risk reduction.', 'published');
INSERT INTO product_category_map (product_id, category_id) VALUES (8, 'modernise-technology') ON CONFLICT DO NOTHING;
INSERT INTO product_category_map (product_id, category_id) VALUES (8, 'improve-operations') ON CONFLICT DO NOTHING;
INSERT INTO product_variants (id, product_id, sku, slug, variant_name, service_type_id, duration_display, duration_weeks_min, duration_weeks_max, delivery_complexity, implementation_model, badge, positioning, is_default_variant, status) VALUES (43, 8, 'EXP-ADV-43', 'smart-sales-quotation-high-impact-assess-43', 'Assess', 'advisory', '1 Week', 1, 1, 'medium', 'TMaaS Managed Delivery', 'Advisory', '(High-Impact) Positioning Strategy', true, 'published');
INSERT INTO marketplace_listings (id, merchant_id, variant_id, listing_status, purchasability, popularity_score) VALUES (43, 1, 43, 'active', 'free', 100);
INSERT INTO variant_prices (listing_id, price_type, amount, price_display, billing_period, is_current) VALUES (43, 'list', 0, 'Free', 'one_time', true);
INSERT INTO product_content (variant_id, description, positioning) VALUES (43, 'Assessment of sales operations, quotation workflows, pricing models, and sales enablement transformation opportunities.', '(High-Impact) Positioning Strategy');
INSERT INTO product_features (variant_id, feature_text, sort_order) VALUES (43, 'Architecture alignment for Smart Sales & Quotation (High-Impact)', 0);
INSERT INTO product_features (variant_id, feature_text, sort_order) VALUES (43, 'Dedicated TMaaS specialist team', 1);
INSERT INTO product_features (variant_id, feature_text, sort_order) VALUES (43, 'SLA-backed governance and reporting', 2);
INSERT INTO product_features (variant_id, feature_text, sort_order) VALUES (43, 'Phased delivery and milestone tracking', 3);
INSERT INTO product_tags (variant_id, tag_name) VALUES (43, 'experience');
INSERT INTO product_tags (variant_id, tag_name) VALUES (43, 'advisory');
INSERT INTO product_tags (variant_id, tag_name) VALUES (43, 'transformation');
INSERT INTO product_tags (variant_id, tag_name) VALUES (43, 'high-impact');
INSERT INTO product_timeline_milestones (variant_id, milestone_text, sort_order) VALUES (43, 'Phase 1: Discovery & Alignment', 0);
INSERT INTO product_timeline_milestones (variant_id, milestone_text, sort_order) VALUES (43, 'Phase 2: Execution', 1);
INSERT INTO product_timeline_milestones (variant_id, milestone_text, sort_order) VALUES (43, 'Phase 3: Governance & Review', 2);
INSERT INTO product_timeline_milestones (variant_id, milestone_text, sort_order) VALUES (43, 'Phase 4: Operational Handover', 3);
INSERT INTO product_variants (id, product_id, sku, slug, variant_name, service_type_id, duration_display, duration_weeks_min, duration_weeks_max, delivery_complexity, implementation_model, badge, positioning, is_default_variant, status) VALUES (44, 8, 'EXP-DES-44', 'smart-sales-quotation-high-impact-design-44', 'Design', 'design', '4 Weeks', 4, 4, 'high', 'TMaaS Managed Delivery', 'Design', '(High-Impact) Positioning Strategy', false, 'published');
INSERT INTO marketplace_listings (id, merchant_id, variant_id, listing_status, purchasability, popularity_score) VALUES (44, 1, 44, 'active', 'buy_now', 99);
INSERT INTO variant_prices (listing_id, price_type, amount, price_display, billing_period, is_current) VALUES (44, 'from', 1000, 'From $1,000', 'one_time', true);
INSERT INTO product_content (variant_id, description, positioning) VALUES (44, 'Design of CPQ workflows, sales processes, pricing structures, proposal management, and quotation experiences.', '(High-Impact) Positioning Strategy');
INSERT INTO product_features (variant_id, feature_text, sort_order) VALUES (44, 'Architecture alignment for Smart Sales & Quotation (High-Impact)', 0);
INSERT INTO product_features (variant_id, feature_text, sort_order) VALUES (44, 'Dedicated TMaaS specialist team', 1);
INSERT INTO product_features (variant_id, feature_text, sort_order) VALUES (44, 'SLA-backed governance and reporting', 2);
INSERT INTO product_features (variant_id, feature_text, sort_order) VALUES (44, 'Phased delivery and milestone tracking', 3);
INSERT INTO product_tags (variant_id, tag_name) VALUES (44, 'experience');
INSERT INTO product_tags (variant_id, tag_name) VALUES (44, 'design');
INSERT INTO product_tags (variant_id, tag_name) VALUES (44, 'transformation');
INSERT INTO product_tags (variant_id, tag_name) VALUES (44, 'high-impact');
INSERT INTO product_timeline_milestones (variant_id, milestone_text, sort_order) VALUES (44, 'Phase 1: Discovery & Alignment', 0);
INSERT INTO product_timeline_milestones (variant_id, milestone_text, sort_order) VALUES (44, 'Phase 2: Execution', 1);
INSERT INTO product_timeline_milestones (variant_id, milestone_text, sort_order) VALUES (44, 'Phase 3: Governance & Review', 2);
INSERT INTO product_timeline_milestones (variant_id, milestone_text, sort_order) VALUES (44, 'Phase 4: Operational Handover', 3);
INSERT INTO product_variants (id, product_id, sku, slug, variant_name, service_type_id, duration_display, duration_weeks_min, duration_weeks_max, delivery_complexity, implementation_model, badge, positioning, is_default_variant, status) VALUES (45, 8, 'EXP-AI_-45', 'smart-sales-quotation-high-impact-ai-design-45', 'AI Design', 'ai_design', '4 Weeks', 4, 4, 'high', 'TMaaS Managed Delivery', 'Ai Design', '(High-Impact) Positioning Strategy', false, 'published');
INSERT INTO marketplace_listings (id, merchant_id, variant_id, listing_status, purchasability, popularity_score) VALUES (45, 1, 45, 'active', 'buy_now', 98);
INSERT INTO variant_prices (listing_id, price_type, amount, price_display, billing_period, is_current) VALUES (45, 'from', 1000, 'From $1,000', 'one_time', true);
INSERT INTO product_content (variant_id, description, positioning) VALUES (45, 'Design of AI-powered sales enablement capabilities including intelligent recommendations, pricing automation, and proposal generation.', '(High-Impact) Positioning Strategy');
INSERT INTO product_features (variant_id, feature_text, sort_order) VALUES (45, 'Architecture alignment for Smart Sales & Quotation (High-Impact)', 0);
INSERT INTO product_features (variant_id, feature_text, sort_order) VALUES (45, 'Dedicated TMaaS specialist team', 1);
INSERT INTO product_features (variant_id, feature_text, sort_order) VALUES (45, 'SLA-backed governance and reporting', 2);
INSERT INTO product_features (variant_id, feature_text, sort_order) VALUES (45, 'Phased delivery and milestone tracking', 3);
INSERT INTO product_tags (variant_id, tag_name) VALUES (45, 'experience');
INSERT INTO product_tags (variant_id, tag_name) VALUES (45, 'ai_design');
INSERT INTO product_tags (variant_id, tag_name) VALUES (45, 'transformation');
INSERT INTO product_tags (variant_id, tag_name) VALUES (45, 'high-impact');
INSERT INTO product_timeline_milestones (variant_id, milestone_text, sort_order) VALUES (45, 'Phase 1: Discovery & Alignment', 0);
INSERT INTO product_timeline_milestones (variant_id, milestone_text, sort_order) VALUES (45, 'Phase 2: Execution', 1);
INSERT INTO product_timeline_milestones (variant_id, milestone_text, sort_order) VALUES (45, 'Phase 3: Governance & Review', 2);
INSERT INTO product_timeline_milestones (variant_id, milestone_text, sort_order) VALUES (45, 'Phase 4: Operational Handover', 3);
INSERT INTO product_variants (id, product_id, sku, slug, variant_name, service_type_id, duration_display, duration_weeks_min, duration_weeks_max, delivery_complexity, implementation_model, badge, positioning, is_default_variant, status) VALUES (46, 8, 'EXP-DEP-46', 'smart-sales-quotation-high-impact-implementation-46', 'Implementation', 'deploy', '12 Weeks', 12, 12, 'high', 'TMaaS Managed Delivery', 'Deploy', '(High-Impact) Positioning Strategy', false, 'published');
INSERT INTO marketplace_listings (id, merchant_id, variant_id, listing_status, purchasability, popularity_score) VALUES (46, 1, 46, 'active', 'request_quote', 97);
INSERT INTO variant_prices (listing_id, price_type, amount, price_display, billing_period, is_current) VALUES (46, 'custom_floor', NULL, 'Custom', 'one_time', true);
INSERT INTO product_content (variant_id, description, positioning) VALUES (46, 'Deployment and implementation of CPQ platforms, pricing engines, quotation systems, and sales enablement workflows.', '(High-Impact) Positioning Strategy');
INSERT INTO product_features (variant_id, feature_text, sort_order) VALUES (46, 'Architecture alignment for Smart Sales & Quotation (High-Impact)', 0);
INSERT INTO product_features (variant_id, feature_text, sort_order) VALUES (46, 'Dedicated TMaaS specialist team', 1);
INSERT INTO product_features (variant_id, feature_text, sort_order) VALUES (46, 'SLA-backed governance and reporting', 2);
INSERT INTO product_features (variant_id, feature_text, sort_order) VALUES (46, 'Phased delivery and milestone tracking', 3);
INSERT INTO product_tags (variant_id, tag_name) VALUES (46, 'experience');
INSERT INTO product_tags (variant_id, tag_name) VALUES (46, 'deploy');
INSERT INTO product_tags (variant_id, tag_name) VALUES (46, 'transformation');
INSERT INTO product_tags (variant_id, tag_name) VALUES (46, 'high-impact');
INSERT INTO product_timeline_milestones (variant_id, milestone_text, sort_order) VALUES (46, 'Phase 1: Discovery & Alignment', 0);
INSERT INTO product_timeline_milestones (variant_id, milestone_text, sort_order) VALUES (46, 'Phase 2: Execution', 1);
INSERT INTO product_timeline_milestones (variant_id, milestone_text, sort_order) VALUES (46, 'Phase 3: Governance & Review', 2);
INSERT INTO product_timeline_milestones (variant_id, milestone_text, sort_order) VALUES (46, 'Phase 4: Operational Handover', 3);
INSERT INTO product_variants (id, product_id, sku, slug, variant_name, service_type_id, duration_display, duration_weeks_min, duration_weeks_max, delivery_complexity, implementation_model, badge, positioning, is_default_variant, status) VALUES (47, 8, 'EXP-AI_-47', 'smart-sales-quotation-high-impact-ai-implementation-47', 'AI Implementation', 'ai_deploy', '12 Weeks', 12, 12, 'high', 'TMaaS Managed Delivery', 'Ai Deploy', '(High-Impact) Positioning Strategy', false, 'published');
INSERT INTO marketplace_listings (id, merchant_id, variant_id, listing_status, purchasability, popularity_score) VALUES (47, 1, 47, 'active', 'request_quote', 96);
INSERT INTO variant_prices (listing_id, price_type, amount, price_display, billing_period, is_current) VALUES (47, 'custom_floor', NULL, 'Custom', 'one_time', true);
INSERT INTO product_content (variant_id, description, positioning) VALUES (47, 'Deployment of AI-powered pricing intelligence, proposal automation, sales recommendations, and smart quotation capabilities.', '(High-Impact) Positioning Strategy');
INSERT INTO product_features (variant_id, feature_text, sort_order) VALUES (47, 'Architecture alignment for Smart Sales & Quotation (High-Impact)', 0);
INSERT INTO product_features (variant_id, feature_text, sort_order) VALUES (47, 'Dedicated TMaaS specialist team', 1);
INSERT INTO product_features (variant_id, feature_text, sort_order) VALUES (47, 'SLA-backed governance and reporting', 2);
INSERT INTO product_features (variant_id, feature_text, sort_order) VALUES (47, 'Phased delivery and milestone tracking', 3);
INSERT INTO product_tags (variant_id, tag_name) VALUES (47, 'experience');
INSERT INTO product_tags (variant_id, tag_name) VALUES (47, 'ai_deploy');
INSERT INTO product_tags (variant_id, tag_name) VALUES (47, 'transformation');
INSERT INTO product_tags (variant_id, tag_name) VALUES (47, 'high-impact');
INSERT INTO product_timeline_milestones (variant_id, milestone_text, sort_order) VALUES (47, 'Phase 1: Discovery & Alignment', 0);
INSERT INTO product_timeline_milestones (variant_id, milestone_text, sort_order) VALUES (47, 'Phase 2: Execution', 1);
INSERT INTO product_timeline_milestones (variant_id, milestone_text, sort_order) VALUES (47, 'Phase 3: Governance & Review', 2);
INSERT INTO product_timeline_milestones (variant_id, milestone_text, sort_order) VALUES (47, 'Phase 4: Operational Handover', 3);
INSERT INTO product_variants (id, product_id, sku, slug, variant_name, service_type_id, duration_display, duration_weeks_min, duration_weeks_max, delivery_complexity, implementation_model, badge, positioning, is_default_variant, status) VALUES (48, 8, 'EXP-MAN-48', 'smart-sales-quotation-high-impact-managed-service-48', 'Managed Service', 'manage', 'Ongoing', NULL, NULL, 'medium', 'TMaaS Managed Delivery', 'Manage', '(High-Impact) Positioning Strategy', false, 'published');
INSERT INTO marketplace_listings (id, merchant_id, variant_id, listing_status, purchasability, popularity_score) VALUES (48, 1, 48, 'active', 'buy_now', 95);
INSERT INTO variant_prices (listing_id, price_type, amount, price_display, billing_period, is_current) VALUES (48, 'list', NULL, 'Custom Monthly Plans', 'monthly', true);
INSERT INTO product_content (variant_id, description, positioning) VALUES (48, 'Managed operations and optimisation of CPQ platforms, sales workflows, pricing systems, and quotation environments.', '(High-Impact) Positioning Strategy');
INSERT INTO product_features (variant_id, feature_text, sort_order) VALUES (48, 'Architecture alignment for Smart Sales & Quotation (High-Impact)', 0);
INSERT INTO product_features (variant_id, feature_text, sort_order) VALUES (48, 'Dedicated TMaaS specialist team', 1);
INSERT INTO product_features (variant_id, feature_text, sort_order) VALUES (48, 'SLA-backed governance and reporting', 2);
INSERT INTO product_features (variant_id, feature_text, sort_order) VALUES (48, 'Phased delivery and milestone tracking', 3);
INSERT INTO product_tags (variant_id, tag_name) VALUES (48, 'experience');
INSERT INTO product_tags (variant_id, tag_name) VALUES (48, 'manage');
INSERT INTO product_tags (variant_id, tag_name) VALUES (48, 'transformation');
INSERT INTO product_tags (variant_id, tag_name) VALUES (48, 'high-impact');
INSERT INTO product_tags (variant_id, tag_name) VALUES (48, 'operations');
INSERT INTO product_timeline_milestones (variant_id, milestone_text, sort_order) VALUES (48, 'Phase 1: Discovery & Alignment', 0);
INSERT INTO product_timeline_milestones (variant_id, milestone_text, sort_order) VALUES (48, 'Phase 2: Execution', 1);
INSERT INTO product_timeline_milestones (variant_id, milestone_text, sort_order) VALUES (48, 'Phase 3: Governance & Review', 2);
INSERT INTO product_timeline_milestones (variant_id, milestone_text, sort_order) VALUES (48, 'Phase 4: Operational Handover', 3);
INSERT INTO products (id, slug, title, short_description, collection_id, is_high_impact, audience, industry_relevance, department, business_impact, status) VALUES (9, 'customer-support-success-high-impact', 'Customer Support & Success (High-Impact)', 'Assessment of customer support operations, service maturity, aftercare workflows, and customer success opportunities.', 'experience', true, 'Enterprise & Mid-Market', 'Cross-Industry', 'IT & Transformation', 'Significant operational improvements and risk reduction.', 'published');
INSERT INTO product_category_map (product_id, category_id) VALUES (9, 'modernise-technology') ON CONFLICT DO NOTHING;
INSERT INTO product_category_map (product_id, category_id) VALUES (9, 'improve-operations') ON CONFLICT DO NOTHING;
INSERT INTO product_variants (id, product_id, sku, slug, variant_name, service_type_id, duration_display, duration_weeks_min, duration_weeks_max, delivery_complexity, implementation_model, badge, positioning, is_default_variant, status) VALUES (49, 9, 'EXP-ADV-49', 'customer-support-success-high-impact-assess-49', 'Assess', 'advisory', '1 Week', 1, 1, 'medium', 'TMaaS Managed Delivery', 'Advisory', '(High-Impact) Positioning Strategy', true, 'published');
INSERT INTO marketplace_listings (id, merchant_id, variant_id, listing_status, purchasability, popularity_score) VALUES (49, 1, 49, 'active', 'free', 100);
INSERT INTO variant_prices (listing_id, price_type, amount, price_display, billing_period, is_current) VALUES (49, 'list', 0, 'Free', 'one_time', true);
INSERT INTO product_content (variant_id, description, positioning) VALUES (49, 'Assessment of customer support operations, service maturity, aftercare workflows, and customer success opportunities.', '(High-Impact) Positioning Strategy');
INSERT INTO product_features (variant_id, feature_text, sort_order) VALUES (49, 'Architecture alignment for Customer Support & Success (High-Impact)', 0);
INSERT INTO product_features (variant_id, feature_text, sort_order) VALUES (49, 'Dedicated TMaaS specialist team', 1);
INSERT INTO product_features (variant_id, feature_text, sort_order) VALUES (49, 'SLA-backed governance and reporting', 2);
INSERT INTO product_features (variant_id, feature_text, sort_order) VALUES (49, 'Phased delivery and milestone tracking', 3);
INSERT INTO product_tags (variant_id, tag_name) VALUES (49, 'experience');
INSERT INTO product_tags (variant_id, tag_name) VALUES (49, 'advisory');
INSERT INTO product_tags (variant_id, tag_name) VALUES (49, 'transformation');
INSERT INTO product_tags (variant_id, tag_name) VALUES (49, 'high-impact');
INSERT INTO product_timeline_milestones (variant_id, milestone_text, sort_order) VALUES (49, 'Phase 1: Discovery & Alignment', 0);
INSERT INTO product_timeline_milestones (variant_id, milestone_text, sort_order) VALUES (49, 'Phase 2: Execution', 1);
INSERT INTO product_timeline_milestones (variant_id, milestone_text, sort_order) VALUES (49, 'Phase 3: Governance & Review', 2);
INSERT INTO product_timeline_milestones (variant_id, milestone_text, sort_order) VALUES (49, 'Phase 4: Operational Handover', 3);
INSERT INTO product_variants (id, product_id, sku, slug, variant_name, service_type_id, duration_display, duration_weeks_min, duration_weeks_max, delivery_complexity, implementation_model, badge, positioning, is_default_variant, status) VALUES (50, 9, 'EXP-DES-50', 'customer-support-success-high-impact-design-50', 'Design', 'design', '4 Weeks', 4, 4, 'high', 'TMaaS Managed Delivery', 'Design', '(High-Impact) Positioning Strategy', false, 'published');
INSERT INTO marketplace_listings (id, merchant_id, variant_id, listing_status, purchasability, popularity_score) VALUES (50, 1, 50, 'active', 'buy_now', 99);
INSERT INTO variant_prices (listing_id, price_type, amount, price_display, billing_period, is_current) VALUES (50, 'from', 1000, 'From $1,000', 'one_time', true);
INSERT INTO product_content (variant_id, description, positioning) VALUES (50, 'Design of customer support operating models, service workflows, customer success journeys, and support experiences.', '(High-Impact) Positioning Strategy');
INSERT INTO product_features (variant_id, feature_text, sort_order) VALUES (50, 'Architecture alignment for Customer Support & Success (High-Impact)', 0);
INSERT INTO product_features (variant_id, feature_text, sort_order) VALUES (50, 'Dedicated TMaaS specialist team', 1);
INSERT INTO product_features (variant_id, feature_text, sort_order) VALUES (50, 'SLA-backed governance and reporting', 2);
INSERT INTO product_features (variant_id, feature_text, sort_order) VALUES (50, 'Phased delivery and milestone tracking', 3);
INSERT INTO product_tags (variant_id, tag_name) VALUES (50, 'experience');
INSERT INTO product_tags (variant_id, tag_name) VALUES (50, 'design');
INSERT INTO product_tags (variant_id, tag_name) VALUES (50, 'transformation');
INSERT INTO product_tags (variant_id, tag_name) VALUES (50, 'high-impact');
INSERT INTO product_timeline_milestones (variant_id, milestone_text, sort_order) VALUES (50, 'Phase 1: Discovery & Alignment', 0);
INSERT INTO product_timeline_milestones (variant_id, milestone_text, sort_order) VALUES (50, 'Phase 2: Execution', 1);
INSERT INTO product_timeline_milestones (variant_id, milestone_text, sort_order) VALUES (50, 'Phase 3: Governance & Review', 2);
INSERT INTO product_timeline_milestones (variant_id, milestone_text, sort_order) VALUES (50, 'Phase 4: Operational Handover', 3);
INSERT INTO product_variants (id, product_id, sku, slug, variant_name, service_type_id, duration_display, duration_weeks_min, duration_weeks_max, delivery_complexity, implementation_model, badge, positioning, is_default_variant, status) VALUES (51, 9, 'EXP-AI_-51', 'customer-support-success-high-impact-ai-design-51', 'AI Design', 'ai_design', '4 Weeks', 4, 4, 'high', 'TMaaS Managed Delivery', 'Ai Design', '(High-Impact) Positioning Strategy', false, 'published');
INSERT INTO marketplace_listings (id, merchant_id, variant_id, listing_status, purchasability, popularity_score) VALUES (51, 1, 51, 'active', 'buy_now', 98);
INSERT INTO variant_prices (listing_id, price_type, amount, price_display, billing_period, is_current) VALUES (51, 'from', 1000, 'From $1,000', 'one_time', true);
INSERT INTO product_content (variant_id, description, positioning) VALUES (51, 'Design of AI-powered support capabilities including assistants, automation, intelligent routing, and customer engagement workflows.', '(High-Impact) Positioning Strategy');
INSERT INTO product_features (variant_id, feature_text, sort_order) VALUES (51, 'Architecture alignment for Customer Support & Success (High-Impact)', 0);
INSERT INTO product_features (variant_id, feature_text, sort_order) VALUES (51, 'Dedicated TMaaS specialist team', 1);
INSERT INTO product_features (variant_id, feature_text, sort_order) VALUES (51, 'SLA-backed governance and reporting', 2);
INSERT INTO product_features (variant_id, feature_text, sort_order) VALUES (51, 'Phased delivery and milestone tracking', 3);
INSERT INTO product_tags (variant_id, tag_name) VALUES (51, 'experience');
INSERT INTO product_tags (variant_id, tag_name) VALUES (51, 'ai_design');
INSERT INTO product_tags (variant_id, tag_name) VALUES (51, 'transformation');
INSERT INTO product_tags (variant_id, tag_name) VALUES (51, 'high-impact');
INSERT INTO product_timeline_milestones (variant_id, milestone_text, sort_order) VALUES (51, 'Phase 1: Discovery & Alignment', 0);
INSERT INTO product_timeline_milestones (variant_id, milestone_text, sort_order) VALUES (51, 'Phase 2: Execution', 1);
INSERT INTO product_timeline_milestones (variant_id, milestone_text, sort_order) VALUES (51, 'Phase 3: Governance & Review', 2);
INSERT INTO product_timeline_milestones (variant_id, milestone_text, sort_order) VALUES (51, 'Phase 4: Operational Handover', 3);
INSERT INTO product_variants (id, product_id, sku, slug, variant_name, service_type_id, duration_display, duration_weeks_min, duration_weeks_max, delivery_complexity, implementation_model, badge, positioning, is_default_variant, status) VALUES (52, 9, 'EXP-DEP-52', 'customer-support-success-high-impact-implementation-52', 'Implementation', 'deploy', '12 Weeks', 12, 12, 'high', 'TMaaS Managed Delivery', 'Deploy', '(High-Impact) Positioning Strategy', false, 'published');
INSERT INTO marketplace_listings (id, merchant_id, variant_id, listing_status, purchasability, popularity_score) VALUES (52, 1, 52, 'active', 'request_quote', 97);
INSERT INTO variant_prices (listing_id, price_type, amount, price_display, billing_period, is_current) VALUES (52, 'custom_floor', NULL, 'Custom', 'one_time', true);
INSERT INTO product_content (variant_id, description, positioning) VALUES (52, 'Deployment and implementation of customer support platforms, service desk environments, and aftercare systems.', '(High-Impact) Positioning Strategy');
INSERT INTO product_features (variant_id, feature_text, sort_order) VALUES (52, 'Architecture alignment for Customer Support & Success (High-Impact)', 0);
INSERT INTO product_features (variant_id, feature_text, sort_order) VALUES (52, 'Dedicated TMaaS specialist team', 1);
INSERT INTO product_features (variant_id, feature_text, sort_order) VALUES (52, 'SLA-backed governance and reporting', 2);
INSERT INTO product_features (variant_id, feature_text, sort_order) VALUES (52, 'Phased delivery and milestone tracking', 3);
INSERT INTO product_tags (variant_id, tag_name) VALUES (52, 'experience');
INSERT INTO product_tags (variant_id, tag_name) VALUES (52, 'deploy');
INSERT INTO product_tags (variant_id, tag_name) VALUES (52, 'transformation');
INSERT INTO product_tags (variant_id, tag_name) VALUES (52, 'high-impact');
INSERT INTO product_timeline_milestones (variant_id, milestone_text, sort_order) VALUES (52, 'Phase 1: Discovery & Alignment', 0);
INSERT INTO product_timeline_milestones (variant_id, milestone_text, sort_order) VALUES (52, 'Phase 2: Execution', 1);
INSERT INTO product_timeline_milestones (variant_id, milestone_text, sort_order) VALUES (52, 'Phase 3: Governance & Review', 2);
INSERT INTO product_timeline_milestones (variant_id, milestone_text, sort_order) VALUES (52, 'Phase 4: Operational Handover', 3);
INSERT INTO product_variants (id, product_id, sku, slug, variant_name, service_type_id, duration_display, duration_weeks_min, duration_weeks_max, delivery_complexity, implementation_model, badge, positioning, is_default_variant, status) VALUES (53, 9, 'EXP-AI_-53', 'customer-support-success-high-impact-ai-implementation-53', 'AI Implementation', 'ai_deploy', '12 Weeks', 12, 12, 'high', 'TMaaS Managed Delivery', 'Ai Deploy', '(High-Impact) Positioning Strategy', false, 'published');
INSERT INTO marketplace_listings (id, merchant_id, variant_id, listing_status, purchasability, popularity_score) VALUES (53, 1, 53, 'active', 'request_quote', 96);
INSERT INTO variant_prices (listing_id, price_type, amount, price_display, billing_period, is_current) VALUES (53, 'custom_floor', NULL, 'Custom', 'one_time', true);
INSERT INTO product_content (variant_id, description, positioning) VALUES (53, 'Deployment of AI-powered support automation, conversational assistants, intelligent routing, and service optimization capabilities.', '(High-Impact) Positioning Strategy');
INSERT INTO product_features (variant_id, feature_text, sort_order) VALUES (53, 'Architecture alignment for Customer Support & Success (High-Impact)', 0);
INSERT INTO product_features (variant_id, feature_text, sort_order) VALUES (53, 'Dedicated TMaaS specialist team', 1);
INSERT INTO product_features (variant_id, feature_text, sort_order) VALUES (53, 'SLA-backed governance and reporting', 2);
INSERT INTO product_features (variant_id, feature_text, sort_order) VALUES (53, 'Phased delivery and milestone tracking', 3);
INSERT INTO product_tags (variant_id, tag_name) VALUES (53, 'experience');
INSERT INTO product_tags (variant_id, tag_name) VALUES (53, 'ai_deploy');
INSERT INTO product_tags (variant_id, tag_name) VALUES (53, 'transformation');
INSERT INTO product_tags (variant_id, tag_name) VALUES (53, 'high-impact');
INSERT INTO product_timeline_milestones (variant_id, milestone_text, sort_order) VALUES (53, 'Phase 1: Discovery & Alignment', 0);
INSERT INTO product_timeline_milestones (variant_id, milestone_text, sort_order) VALUES (53, 'Phase 2: Execution', 1);
INSERT INTO product_timeline_milestones (variant_id, milestone_text, sort_order) VALUES (53, 'Phase 3: Governance & Review', 2);
INSERT INTO product_timeline_milestones (variant_id, milestone_text, sort_order) VALUES (53, 'Phase 4: Operational Handover', 3);
INSERT INTO product_variants (id, product_id, sku, slug, variant_name, service_type_id, duration_display, duration_weeks_min, duration_weeks_max, delivery_complexity, implementation_model, badge, positioning, is_default_variant, status) VALUES (54, 9, 'EXP-MAN-54', 'customer-support-success-high-impact-managed-service-54', 'Managed Service', 'manage', 'Ongoing', NULL, NULL, 'medium', 'TMaaS Managed Delivery', 'Manage', '(High-Impact) Positioning Strategy', false, 'published');
INSERT INTO marketplace_listings (id, merchant_id, variant_id, listing_status, purchasability, popularity_score) VALUES (54, 1, 54, 'active', 'buy_now', 95);
INSERT INTO variant_prices (listing_id, price_type, amount, price_display, billing_period, is_current) VALUES (54, 'list', NULL, 'Custom Monthly Plans', 'monthly', true);
INSERT INTO product_content (variant_id, description, positioning) VALUES (54, 'Managed operations, optimisation, and continuous support for customer support and customer success environments.', '(High-Impact) Positioning Strategy');
INSERT INTO product_features (variant_id, feature_text, sort_order) VALUES (54, 'Architecture alignment for Customer Support & Success (High-Impact)', 0);
INSERT INTO product_features (variant_id, feature_text, sort_order) VALUES (54, 'Dedicated TMaaS specialist team', 1);
INSERT INTO product_features (variant_id, feature_text, sort_order) VALUES (54, 'SLA-backed governance and reporting', 2);
INSERT INTO product_features (variant_id, feature_text, sort_order) VALUES (54, 'Phased delivery and milestone tracking', 3);
INSERT INTO product_tags (variant_id, tag_name) VALUES (54, 'experience');
INSERT INTO product_tags (variant_id, tag_name) VALUES (54, 'manage');
INSERT INTO product_tags (variant_id, tag_name) VALUES (54, 'transformation');
INSERT INTO product_tags (variant_id, tag_name) VALUES (54, 'high-impact');
INSERT INTO product_tags (variant_id, tag_name) VALUES (54, 'operations');
INSERT INTO product_timeline_milestones (variant_id, milestone_text, sort_order) VALUES (54, 'Phase 1: Discovery & Alignment', 0);
INSERT INTO product_timeline_milestones (variant_id, milestone_text, sort_order) VALUES (54, 'Phase 2: Execution', 1);
INSERT INTO product_timeline_milestones (variant_id, milestone_text, sort_order) VALUES (54, 'Phase 3: Governance & Review', 2);
INSERT INTO product_timeline_milestones (variant_id, milestone_text, sort_order) VALUES (54, 'Phase 4: Operational Handover', 3);
INSERT INTO products (id, slug, title, short_description, collection_id, is_high_impact, audience, industry_relevance, department, business_impact, status) VALUES (10, 'digital-workplace-high-impact', 'Digital Workplace (High-Impact)', 'Assessment of workplace productivity, collaboration maturity, operational workflows, employee experience, and workforce enablement opportunities.', 'operations', true, 'Enterprise & Mid-Market', 'Cross-Industry', 'IT & Transformation', 'Significant operational improvements and risk reduction.', 'published');
INSERT INTO product_category_map (product_id, category_id) VALUES (10, 'modernise-technology') ON CONFLICT DO NOTHING;
INSERT INTO product_category_map (product_id, category_id) VALUES (10, 'improve-operations') ON CONFLICT DO NOTHING;
INSERT INTO product_variants (id, product_id, sku, slug, variant_name, service_type_id, duration_display, duration_weeks_min, duration_weeks_max, delivery_complexity, implementation_model, badge, positioning, is_default_variant, status) VALUES (55, 10, 'OPE-ADV-55', 'digital-workplace-high-impact-assess-55', 'Assess', 'advisory', '1 Week', 1, 1, 'medium', 'TMaaS Managed Delivery', 'Advisory', '(High-Impact) Positioning Strategy', true, 'published');
INSERT INTO marketplace_listings (id, merchant_id, variant_id, listing_status, purchasability, popularity_score) VALUES (55, 1, 55, 'active', 'free', 100);
INSERT INTO variant_prices (listing_id, price_type, amount, price_display, billing_period, is_current) VALUES (55, 'list', 0, 'Free', 'one_time', true);
INSERT INTO product_content (variant_id, description, positioning) VALUES (55, 'Assessment of workplace productivity, collaboration maturity, operational workflows, employee experience, and workforce enablement opportunities.', '(High-Impact) Positioning Strategy');
INSERT INTO product_features (variant_id, feature_text, sort_order) VALUES (55, 'Architecture alignment for Digital Workplace (High-Impact)', 0);
INSERT INTO product_features (variant_id, feature_text, sort_order) VALUES (55, 'Dedicated TMaaS specialist team', 1);
INSERT INTO product_features (variant_id, feature_text, sort_order) VALUES (55, 'SLA-backed governance and reporting', 2);
INSERT INTO product_features (variant_id, feature_text, sort_order) VALUES (55, 'Phased delivery and milestone tracking', 3);
INSERT INTO product_tags (variant_id, tag_name) VALUES (55, 'operations');
INSERT INTO product_tags (variant_id, tag_name) VALUES (55, 'advisory');
INSERT INTO product_tags (variant_id, tag_name) VALUES (55, 'transformation');
INSERT INTO product_tags (variant_id, tag_name) VALUES (55, 'high-impact');
INSERT INTO product_timeline_milestones (variant_id, milestone_text, sort_order) VALUES (55, 'Phase 1: Discovery & Alignment', 0);
INSERT INTO product_timeline_milestones (variant_id, milestone_text, sort_order) VALUES (55, 'Phase 2: Execution', 1);
INSERT INTO product_timeline_milestones (variant_id, milestone_text, sort_order) VALUES (55, 'Phase 3: Governance & Review', 2);
INSERT INTO product_timeline_milestones (variant_id, milestone_text, sort_order) VALUES (55, 'Phase 4: Operational Handover', 3);
INSERT INTO product_variants (id, product_id, sku, slug, variant_name, service_type_id, duration_display, duration_weeks_min, duration_weeks_max, delivery_complexity, implementation_model, badge, positioning, is_default_variant, status) VALUES (56, 10, 'OPE-DES-56', 'digital-workplace-high-impact-design-56', 'Design', 'design', '4 Weeks', 4, 4, 'high', 'TMaaS Managed Delivery', 'Design', '(High-Impact) Positioning Strategy', false, 'published');
INSERT INTO marketplace_listings (id, merchant_id, variant_id, listing_status, purchasability, popularity_score) VALUES (56, 1, 56, 'active', 'buy_now', 99);
INSERT INTO variant_prices (listing_id, price_type, amount, price_display, billing_period, is_current) VALUES (56, 'from', 1000, 'From $1,000', 'one_time', true);
INSERT INTO product_content (variant_id, description, positioning) VALUES (56, 'Design of digital workplace environments, collaboration experiences, productivity workflows, knowledge management models, and workforce engagement strategies.', '(High-Impact) Positioning Strategy');
INSERT INTO product_features (variant_id, feature_text, sort_order) VALUES (56, 'Architecture alignment for Digital Workplace (High-Impact)', 0);
INSERT INTO product_features (variant_id, feature_text, sort_order) VALUES (56, 'Dedicated TMaaS specialist team', 1);
INSERT INTO product_features (variant_id, feature_text, sort_order) VALUES (56, 'SLA-backed governance and reporting', 2);
INSERT INTO product_features (variant_id, feature_text, sort_order) VALUES (56, 'Phased delivery and milestone tracking', 3);
INSERT INTO product_tags (variant_id, tag_name) VALUES (56, 'operations');
INSERT INTO product_tags (variant_id, tag_name) VALUES (56, 'design');
INSERT INTO product_tags (variant_id, tag_name) VALUES (56, 'transformation');
INSERT INTO product_tags (variant_id, tag_name) VALUES (56, 'high-impact');
INSERT INTO product_timeline_milestones (variant_id, milestone_text, sort_order) VALUES (56, 'Phase 1: Discovery & Alignment', 0);
INSERT INTO product_timeline_milestones (variant_id, milestone_text, sort_order) VALUES (56, 'Phase 2: Execution', 1);
INSERT INTO product_timeline_milestones (variant_id, milestone_text, sort_order) VALUES (56, 'Phase 3: Governance & Review', 2);
INSERT INTO product_timeline_milestones (variant_id, milestone_text, sort_order) VALUES (56, 'Phase 4: Operational Handover', 3);
INSERT INTO product_variants (id, product_id, sku, slug, variant_name, service_type_id, duration_display, duration_weeks_min, duration_weeks_max, delivery_complexity, implementation_model, badge, positioning, is_default_variant, status) VALUES (57, 10, 'OPE-AI_-57', 'digital-workplace-high-impact-ai-design-57', 'AI Design', 'ai_design', '4 Weeks', 4, 4, 'high', 'TMaaS Managed Delivery', 'Ai Design', '(High-Impact) Positioning Strategy', false, 'published');
INSERT INTO marketplace_listings (id, merchant_id, variant_id, listing_status, purchasability, popularity_score) VALUES (57, 1, 57, 'active', 'buy_now', 98);
INSERT INTO variant_prices (listing_id, price_type, amount, price_display, billing_period, is_current) VALUES (57, 'from', 1000, 'From $1,000', 'one_time', true);
INSERT INTO product_content (variant_id, description, positioning) VALUES (57, 'Design of AI-enabled workplace capabilities including copilots, productivity assistants, intelligent collaboration, automation, and knowledge intelligence workflows.', '(High-Impact) Positioning Strategy');
INSERT INTO product_features (variant_id, feature_text, sort_order) VALUES (57, 'Architecture alignment for Digital Workplace (High-Impact)', 0);
INSERT INTO product_features (variant_id, feature_text, sort_order) VALUES (57, 'Dedicated TMaaS specialist team', 1);
INSERT INTO product_features (variant_id, feature_text, sort_order) VALUES (57, 'SLA-backed governance and reporting', 2);
INSERT INTO product_features (variant_id, feature_text, sort_order) VALUES (57, 'Phased delivery and milestone tracking', 3);
INSERT INTO product_tags (variant_id, tag_name) VALUES (57, 'operations');
INSERT INTO product_tags (variant_id, tag_name) VALUES (57, 'ai_design');
INSERT INTO product_tags (variant_id, tag_name) VALUES (57, 'transformation');
INSERT INTO product_tags (variant_id, tag_name) VALUES (57, 'high-impact');
INSERT INTO product_timeline_milestones (variant_id, milestone_text, sort_order) VALUES (57, 'Phase 1: Discovery & Alignment', 0);
INSERT INTO product_timeline_milestones (variant_id, milestone_text, sort_order) VALUES (57, 'Phase 2: Execution', 1);
INSERT INTO product_timeline_milestones (variant_id, milestone_text, sort_order) VALUES (57, 'Phase 3: Governance & Review', 2);
INSERT INTO product_timeline_milestones (variant_id, milestone_text, sort_order) VALUES (57, 'Phase 4: Operational Handover', 3);
INSERT INTO product_variants (id, product_id, sku, slug, variant_name, service_type_id, duration_display, duration_weeks_min, duration_weeks_max, delivery_complexity, implementation_model, badge, positioning, is_default_variant, status) VALUES (58, 10, 'OPE-DEP-58', 'digital-workplace-high-impact-implementation-58', 'Implementation', 'deploy', '12 Weeks', 12, 12, 'high', 'TMaaS Managed Delivery', 'Deploy', '(High-Impact) Positioning Strategy', false, 'published');
INSERT INTO marketplace_listings (id, merchant_id, variant_id, listing_status, purchasability, popularity_score) VALUES (58, 1, 58, 'active', 'request_quote', 97);
INSERT INTO variant_prices (listing_id, price_type, amount, price_display, billing_period, is_current) VALUES (58, 'custom_floor', NULL, 'Custom', 'one_time', true);
INSERT INTO product_content (variant_id, description, positioning) VALUES (58, 'Deployment and implementation of digital workplace platforms, collaboration environments, productivity tools, and employee engagement systems.', '(High-Impact) Positioning Strategy');
INSERT INTO product_features (variant_id, feature_text, sort_order) VALUES (58, 'Architecture alignment for Digital Workplace (High-Impact)', 0);
INSERT INTO product_features (variant_id, feature_text, sort_order) VALUES (58, 'Dedicated TMaaS specialist team', 1);
INSERT INTO product_features (variant_id, feature_text, sort_order) VALUES (58, 'SLA-backed governance and reporting', 2);
INSERT INTO product_features (variant_id, feature_text, sort_order) VALUES (58, 'Phased delivery and milestone tracking', 3);
INSERT INTO product_tags (variant_id, tag_name) VALUES (58, 'operations');
INSERT INTO product_tags (variant_id, tag_name) VALUES (58, 'deploy');
INSERT INTO product_tags (variant_id, tag_name) VALUES (58, 'transformation');
INSERT INTO product_tags (variant_id, tag_name) VALUES (58, 'high-impact');
INSERT INTO product_timeline_milestones (variant_id, milestone_text, sort_order) VALUES (58, 'Phase 1: Discovery & Alignment', 0);
INSERT INTO product_timeline_milestones (variant_id, milestone_text, sort_order) VALUES (58, 'Phase 2: Execution', 1);
INSERT INTO product_timeline_milestones (variant_id, milestone_text, sort_order) VALUES (58, 'Phase 3: Governance & Review', 2);
INSERT INTO product_timeline_milestones (variant_id, milestone_text, sort_order) VALUES (58, 'Phase 4: Operational Handover', 3);
INSERT INTO product_variants (id, product_id, sku, slug, variant_name, service_type_id, duration_display, duration_weeks_min, duration_weeks_max, delivery_complexity, implementation_model, badge, positioning, is_default_variant, status) VALUES (59, 10, 'OPE-AI_-59', 'digital-workplace-high-impact-ai-implementation-59', 'AI Implementation', 'ai_deploy', '12 Weeks', 12, 12, 'high', 'TMaaS Managed Delivery', 'Ai Deploy', '(High-Impact) Positioning Strategy', false, 'published');
INSERT INTO marketplace_listings (id, merchant_id, variant_id, listing_status, purchasability, popularity_score) VALUES (59, 1, 59, 'active', 'request_quote', 96);
INSERT INTO variant_prices (listing_id, price_type, amount, price_display, billing_period, is_current) VALUES (59, 'custom_floor', NULL, 'Custom', 'one_time', true);
INSERT INTO product_content (variant_id, description, positioning) VALUES (59, 'Deployment of AI-powered workplace assistants, intelligent collaboration capabilities, productivity automation, and operational support environments.', '(High-Impact) Positioning Strategy');
INSERT INTO product_features (variant_id, feature_text, sort_order) VALUES (59, 'Architecture alignment for Digital Workplace (High-Impact)', 0);
INSERT INTO product_features (variant_id, feature_text, sort_order) VALUES (59, 'Dedicated TMaaS specialist team', 1);
INSERT INTO product_features (variant_id, feature_text, sort_order) VALUES (59, 'SLA-backed governance and reporting', 2);
INSERT INTO product_features (variant_id, feature_text, sort_order) VALUES (59, 'Phased delivery and milestone tracking', 3);
INSERT INTO product_tags (variant_id, tag_name) VALUES (59, 'operations');
INSERT INTO product_tags (variant_id, tag_name) VALUES (59, 'ai_deploy');
INSERT INTO product_tags (variant_id, tag_name) VALUES (59, 'transformation');
INSERT INTO product_tags (variant_id, tag_name) VALUES (59, 'high-impact');
INSERT INTO product_timeline_milestones (variant_id, milestone_text, sort_order) VALUES (59, 'Phase 1: Discovery & Alignment', 0);
INSERT INTO product_timeline_milestones (variant_id, milestone_text, sort_order) VALUES (59, 'Phase 2: Execution', 1);
INSERT INTO product_timeline_milestones (variant_id, milestone_text, sort_order) VALUES (59, 'Phase 3: Governance & Review', 2);
INSERT INTO product_timeline_milestones (variant_id, milestone_text, sort_order) VALUES (59, 'Phase 4: Operational Handover', 3);
INSERT INTO product_variants (id, product_id, sku, slug, variant_name, service_type_id, duration_display, duration_weeks_min, duration_weeks_max, delivery_complexity, implementation_model, badge, positioning, is_default_variant, status) VALUES (60, 10, 'OPE-MAN-60', 'digital-workplace-high-impact-managed-service-60', 'Managed Service', 'manage', 'Ongoing', NULL, NULL, 'medium', 'TMaaS Managed Delivery', 'Manage', '(High-Impact) Positioning Strategy', false, 'published');
INSERT INTO marketplace_listings (id, merchant_id, variant_id, listing_status, purchasability, popularity_score) VALUES (60, 1, 60, 'active', 'buy_now', 95);
INSERT INTO variant_prices (listing_id, price_type, amount, price_display, billing_period, is_current) VALUES (60, 'list', NULL, 'Custom Monthly Plans', 'monthly', true);
INSERT INTO product_content (variant_id, description, positioning) VALUES (60, 'Managed operations, support, optimisation, monitoring, and continuous improvement of digital workplace and collaboration environments.', '(High-Impact) Positioning Strategy');
INSERT INTO product_features (variant_id, feature_text, sort_order) VALUES (60, 'Architecture alignment for Digital Workplace (High-Impact)', 0);
INSERT INTO product_features (variant_id, feature_text, sort_order) VALUES (60, 'Dedicated TMaaS specialist team', 1);
INSERT INTO product_features (variant_id, feature_text, sort_order) VALUES (60, 'SLA-backed governance and reporting', 2);
INSERT INTO product_features (variant_id, feature_text, sort_order) VALUES (60, 'Phased delivery and milestone tracking', 3);
INSERT INTO product_tags (variant_id, tag_name) VALUES (60, 'manage');
INSERT INTO product_tags (variant_id, tag_name) VALUES (60, 'transformation');
INSERT INTO product_tags (variant_id, tag_name) VALUES (60, 'high-impact');
INSERT INTO product_tags (variant_id, tag_name) VALUES (60, 'operations');
INSERT INTO product_timeline_milestones (variant_id, milestone_text, sort_order) VALUES (60, 'Phase 1: Discovery & Alignment', 0);
INSERT INTO product_timeline_milestones (variant_id, milestone_text, sort_order) VALUES (60, 'Phase 2: Execution', 1);
INSERT INTO product_timeline_milestones (variant_id, milestone_text, sort_order) VALUES (60, 'Phase 3: Governance & Review', 2);
INSERT INTO product_timeline_milestones (variant_id, milestone_text, sort_order) VALUES (60, 'Phase 4: Operational Handover', 3);
INSERT INTO products (id, slug, title, short_description, collection_id, is_high_impact, audience, industry_relevance, department, business_impact, status) VALUES (11, 'business-process-automation-high-impact', 'Business Process Automation (High-Impact)', 'Assessment of operational workflows, process inefficiencies, orchestration maturity, and enterprise automation opportunities.', 'operations', true, 'Enterprise & Mid-Market', 'Cross-Industry', 'IT & Transformation', 'Significant operational improvements and risk reduction.', 'published');
INSERT INTO product_category_map (product_id, category_id) VALUES (11, 'modernise-technology') ON CONFLICT DO NOTHING;
INSERT INTO product_category_map (product_id, category_id) VALUES (11, 'improve-operations') ON CONFLICT DO NOTHING;
INSERT INTO product_variants (id, product_id, sku, slug, variant_name, service_type_id, duration_display, duration_weeks_min, duration_weeks_max, delivery_complexity, implementation_model, badge, positioning, is_default_variant, status) VALUES (61, 11, 'OPE-ADV-61', 'business-process-automation-high-impact-assess-61', 'Assess', 'advisory', '1 Week', 1, 1, 'medium', 'TMaaS Managed Delivery', 'Advisory', '(High-Impact) Positioning Strategy', true, 'published');
INSERT INTO marketplace_listings (id, merchant_id, variant_id, listing_status, purchasability, popularity_score) VALUES (61, 1, 61, 'active', 'free', 100);
INSERT INTO variant_prices (listing_id, price_type, amount, price_display, billing_period, is_current) VALUES (61, 'list', 0, 'Free', 'one_time', true);
INSERT INTO product_content (variant_id, description, positioning) VALUES (61, 'Assessment of operational workflows, process inefficiencies, orchestration maturity, and enterprise automation opportunities.', '(High-Impact) Positioning Strategy');
INSERT INTO product_features (variant_id, feature_text, sort_order) VALUES (61, 'Architecture alignment for Business Process Automation (High-Impact)', 0);
INSERT INTO product_features (variant_id, feature_text, sort_order) VALUES (61, 'Dedicated TMaaS specialist team', 1);
INSERT INTO product_features (variant_id, feature_text, sort_order) VALUES (61, 'SLA-backed governance and reporting', 2);
INSERT INTO product_features (variant_id, feature_text, sort_order) VALUES (61, 'Phased delivery and milestone tracking', 3);
INSERT INTO product_tags (variant_id, tag_name) VALUES (61, 'operations');
INSERT INTO product_tags (variant_id, tag_name) VALUES (61, 'advisory');
INSERT INTO product_tags (variant_id, tag_name) VALUES (61, 'transformation');
INSERT INTO product_tags (variant_id, tag_name) VALUES (61, 'high-impact');
INSERT INTO product_timeline_milestones (variant_id, milestone_text, sort_order) VALUES (61, 'Phase 1: Discovery & Alignment', 0);
INSERT INTO product_timeline_milestones (variant_id, milestone_text, sort_order) VALUES (61, 'Phase 2: Execution', 1);
INSERT INTO product_timeline_milestones (variant_id, milestone_text, sort_order) VALUES (61, 'Phase 3: Governance & Review', 2);
INSERT INTO product_timeline_milestones (variant_id, milestone_text, sort_order) VALUES (61, 'Phase 4: Operational Handover', 3);
INSERT INTO product_variants (id, product_id, sku, slug, variant_name, service_type_id, duration_display, duration_weeks_min, duration_weeks_max, delivery_complexity, implementation_model, badge, positioning, is_default_variant, status) VALUES (62, 11, 'OPE-DES-62', 'business-process-automation-high-impact-design-62', 'Design', 'design', '4 Weeks', 4, 4, 'high', 'TMaaS Managed Delivery', 'Design', '(High-Impact) Positioning Strategy', false, 'published');
INSERT INTO marketplace_listings (id, merchant_id, variant_id, listing_status, purchasability, popularity_score) VALUES (62, 1, 62, 'active', 'buy_now', 99);
INSERT INTO variant_prices (listing_id, price_type, amount, price_display, billing_period, is_current) VALUES (62, 'from', 1000, 'From $1,000', 'one_time', true);
INSERT INTO product_content (variant_id, description, positioning) VALUES (62, 'Design of business process workflows, orchestration models, automation journeys, operational governance, and process optimization strategies.', '(High-Impact) Positioning Strategy');
INSERT INTO product_features (variant_id, feature_text, sort_order) VALUES (62, 'Architecture alignment for Business Process Automation (High-Impact)', 0);
INSERT INTO product_features (variant_id, feature_text, sort_order) VALUES (62, 'Dedicated TMaaS specialist team', 1);
INSERT INTO product_features (variant_id, feature_text, sort_order) VALUES (62, 'SLA-backed governance and reporting', 2);
INSERT INTO product_features (variant_id, feature_text, sort_order) VALUES (62, 'Phased delivery and milestone tracking', 3);
INSERT INTO product_tags (variant_id, tag_name) VALUES (62, 'operations');
INSERT INTO product_tags (variant_id, tag_name) VALUES (62, 'design');
INSERT INTO product_tags (variant_id, tag_name) VALUES (62, 'transformation');
INSERT INTO product_tags (variant_id, tag_name) VALUES (62, 'high-impact');
INSERT INTO product_timeline_milestones (variant_id, milestone_text, sort_order) VALUES (62, 'Phase 1: Discovery & Alignment', 0);
INSERT INTO product_timeline_milestones (variant_id, milestone_text, sort_order) VALUES (62, 'Phase 2: Execution', 1);
INSERT INTO product_timeline_milestones (variant_id, milestone_text, sort_order) VALUES (62, 'Phase 3: Governance & Review', 2);
INSERT INTO product_timeline_milestones (variant_id, milestone_text, sort_order) VALUES (62, 'Phase 4: Operational Handover', 3);
INSERT INTO product_variants (id, product_id, sku, slug, variant_name, service_type_id, duration_display, duration_weeks_min, duration_weeks_max, delivery_complexity, implementation_model, badge, positioning, is_default_variant, status) VALUES (63, 11, 'OPE-AI_-63', 'business-process-automation-high-impact-ai-design-63', 'AI Design', 'ai_design', '4 Weeks', 4, 4, 'high', 'TMaaS Managed Delivery', 'Ai Design', '(High-Impact) Positioning Strategy', false, 'published');
INSERT INTO marketplace_listings (id, merchant_id, variant_id, listing_status, purchasability, popularity_score) VALUES (63, 1, 63, 'active', 'buy_now', 98);
INSERT INTO variant_prices (listing_id, price_type, amount, price_display, billing_period, is_current) VALUES (63, 'from', 1000, 'From $1,000', 'one_time', true);
INSERT INTO product_content (variant_id, description, positioning) VALUES (63, 'Design of AI-powered process automation capabilities including intelligent workflows, decision automation, predictive operations, and autonomous orchestration.', '(High-Impact) Positioning Strategy');
INSERT INTO product_features (variant_id, feature_text, sort_order) VALUES (63, 'Architecture alignment for Business Process Automation (High-Impact)', 0);
INSERT INTO product_features (variant_id, feature_text, sort_order) VALUES (63, 'Dedicated TMaaS specialist team', 1);
INSERT INTO product_features (variant_id, feature_text, sort_order) VALUES (63, 'SLA-backed governance and reporting', 2);
INSERT INTO product_features (variant_id, feature_text, sort_order) VALUES (63, 'Phased delivery and milestone tracking', 3);
INSERT INTO product_tags (variant_id, tag_name) VALUES (63, 'operations');
INSERT INTO product_tags (variant_id, tag_name) VALUES (63, 'ai_design');
INSERT INTO product_tags (variant_id, tag_name) VALUES (63, 'transformation');
INSERT INTO product_tags (variant_id, tag_name) VALUES (63, 'high-impact');
INSERT INTO product_timeline_milestones (variant_id, milestone_text, sort_order) VALUES (63, 'Phase 1: Discovery & Alignment', 0);
INSERT INTO product_timeline_milestones (variant_id, milestone_text, sort_order) VALUES (63, 'Phase 2: Execution', 1);
INSERT INTO product_timeline_milestones (variant_id, milestone_text, sort_order) VALUES (63, 'Phase 3: Governance & Review', 2);
INSERT INTO product_timeline_milestones (variant_id, milestone_text, sort_order) VALUES (63, 'Phase 4: Operational Handover', 3);
INSERT INTO product_variants (id, product_id, sku, slug, variant_name, service_type_id, duration_display, duration_weeks_min, duration_weeks_max, delivery_complexity, implementation_model, badge, positioning, is_default_variant, status) VALUES (64, 11, 'OPE-DEP-64', 'business-process-automation-high-impact-implementation-64', 'Implementation', 'deploy', '12 Weeks', 12, 12, 'high', 'TMaaS Managed Delivery', 'Deploy', '(High-Impact) Positioning Strategy', false, 'published');
INSERT INTO marketplace_listings (id, merchant_id, variant_id, listing_status, purchasability, popularity_score) VALUES (64, 1, 64, 'active', 'request_quote', 97);
INSERT INTO variant_prices (listing_id, price_type, amount, price_display, billing_period, is_current) VALUES (64, 'custom_floor', NULL, 'Custom', 'one_time', true);
INSERT INTO product_content (variant_id, description, positioning) VALUES (64, 'Deployment and implementation of workflow automation platforms, orchestration environments, operational execution systems, and enterprise process capabilities.', '(High-Impact) Positioning Strategy');
INSERT INTO product_features (variant_id, feature_text, sort_order) VALUES (64, 'Architecture alignment for Business Process Automation (High-Impact)', 0);
INSERT INTO product_features (variant_id, feature_text, sort_order) VALUES (64, 'Dedicated TMaaS specialist team', 1);
INSERT INTO product_features (variant_id, feature_text, sort_order) VALUES (64, 'SLA-backed governance and reporting', 2);
INSERT INTO product_features (variant_id, feature_text, sort_order) VALUES (64, 'Phased delivery and milestone tracking', 3);
INSERT INTO product_tags (variant_id, tag_name) VALUES (64, 'operations');
INSERT INTO product_tags (variant_id, tag_name) VALUES (64, 'deploy');
INSERT INTO product_tags (variant_id, tag_name) VALUES (64, 'transformation');
INSERT INTO product_tags (variant_id, tag_name) VALUES (64, 'high-impact');
INSERT INTO product_timeline_milestones (variant_id, milestone_text, sort_order) VALUES (64, 'Phase 1: Discovery & Alignment', 0);
INSERT INTO product_timeline_milestones (variant_id, milestone_text, sort_order) VALUES (64, 'Phase 2: Execution', 1);
INSERT INTO product_timeline_milestones (variant_id, milestone_text, sort_order) VALUES (64, 'Phase 3: Governance & Review', 2);
INSERT INTO product_timeline_milestones (variant_id, milestone_text, sort_order) VALUES (64, 'Phase 4: Operational Handover', 3);
INSERT INTO product_variants (id, product_id, sku, slug, variant_name, service_type_id, duration_display, duration_weeks_min, duration_weeks_max, delivery_complexity, implementation_model, badge, positioning, is_default_variant, status) VALUES (65, 11, 'OPE-AI_-65', 'business-process-automation-high-impact-ai-implementation-65', 'AI Implementation', 'ai_deploy', '12 Weeks', 12, 12, 'high', 'TMaaS Managed Delivery', 'Ai Deploy', '(High-Impact) Positioning Strategy', false, 'published');
INSERT INTO marketplace_listings (id, merchant_id, variant_id, listing_status, purchasability, popularity_score) VALUES (65, 1, 65, 'active', 'request_quote', 96);
INSERT INTO variant_prices (listing_id, price_type, amount, price_display, billing_period, is_current) VALUES (65, 'custom_floor', NULL, 'Custom', 'one_time', true);
INSERT INTO product_content (variant_id, description, positioning) VALUES (65, 'Deployment of AI-powered workflow automation, intelligent routing, decision intelligence, predictive orchestration, and operational automation capabilities.', '(High-Impact) Positioning Strategy');
INSERT INTO product_features (variant_id, feature_text, sort_order) VALUES (65, 'Architecture alignment for Business Process Automation (High-Impact)', 0);
INSERT INTO product_features (variant_id, feature_text, sort_order) VALUES (65, 'Dedicated TMaaS specialist team', 1);
INSERT INTO product_features (variant_id, feature_text, sort_order) VALUES (65, 'SLA-backed governance and reporting', 2);
INSERT INTO product_features (variant_id, feature_text, sort_order) VALUES (65, 'Phased delivery and milestone tracking', 3);
INSERT INTO product_tags (variant_id, tag_name) VALUES (65, 'operations');
INSERT INTO product_tags (variant_id, tag_name) VALUES (65, 'ai_deploy');
INSERT INTO product_tags (variant_id, tag_name) VALUES (65, 'transformation');
INSERT INTO product_tags (variant_id, tag_name) VALUES (65, 'high-impact');
INSERT INTO product_timeline_milestones (variant_id, milestone_text, sort_order) VALUES (65, 'Phase 1: Discovery & Alignment', 0);
INSERT INTO product_timeline_milestones (variant_id, milestone_text, sort_order) VALUES (65, 'Phase 2: Execution', 1);
INSERT INTO product_timeline_milestones (variant_id, milestone_text, sort_order) VALUES (65, 'Phase 3: Governance & Review', 2);
INSERT INTO product_timeline_milestones (variant_id, milestone_text, sort_order) VALUES (65, 'Phase 4: Operational Handover', 3);
INSERT INTO product_variants (id, product_id, sku, slug, variant_name, service_type_id, duration_display, duration_weeks_min, duration_weeks_max, delivery_complexity, implementation_model, badge, positioning, is_default_variant, status) VALUES (66, 11, 'OPE-MAN-66', 'business-process-automation-high-impact-managed-service-66', 'Managed Service', 'manage', 'Ongoing', NULL, NULL, 'medium', 'TMaaS Managed Delivery', 'Manage', '(High-Impact) Positioning Strategy', false, 'published');
INSERT INTO marketplace_listings (id, merchant_id, variant_id, listing_status, purchasability, popularity_score) VALUES (66, 1, 66, 'active', 'buy_now', 95);
INSERT INTO variant_prices (listing_id, price_type, amount, price_display, billing_period, is_current) VALUES (66, 'list', NULL, 'Custom Monthly Plans', 'monthly', true);
INSERT INTO product_content (variant_id, description, positioning) VALUES (66, 'Managed operations, optimisation, monitoring, support, and continuous improvement of enterprise workflow automation environments.', '(High-Impact) Positioning Strategy');
INSERT INTO product_features (variant_id, feature_text, sort_order) VALUES (66, 'Architecture alignment for Business Process Automation (High-Impact)', 0);
INSERT INTO product_features (variant_id, feature_text, sort_order) VALUES (66, 'Dedicated TMaaS specialist team', 1);
INSERT INTO product_features (variant_id, feature_text, sort_order) VALUES (66, 'SLA-backed governance and reporting', 2);
INSERT INTO product_features (variant_id, feature_text, sort_order) VALUES (66, 'Phased delivery and milestone tracking', 3);
INSERT INTO product_tags (variant_id, tag_name) VALUES (66, 'manage');
INSERT INTO product_tags (variant_id, tag_name) VALUES (66, 'transformation');
INSERT INTO product_tags (variant_id, tag_name) VALUES (66, 'high-impact');
INSERT INTO product_tags (variant_id, tag_name) VALUES (66, 'operations');
INSERT INTO product_timeline_milestones (variant_id, milestone_text, sort_order) VALUES (66, 'Phase 1: Discovery & Alignment', 0);
INSERT INTO product_timeline_milestones (variant_id, milestone_text, sort_order) VALUES (66, 'Phase 2: Execution', 1);
INSERT INTO product_timeline_milestones (variant_id, milestone_text, sort_order) VALUES (66, 'Phase 3: Governance & Review', 2);
INSERT INTO product_timeline_milestones (variant_id, milestone_text, sort_order) VALUES (66, 'Phase 4: Operational Handover', 3);
INSERT INTO products (id, slug, title, short_description, collection_id, is_high_impact, audience, industry_relevance, department, business_impact, status) VALUES (12, 'specialized-operations-high-impact', 'Specialized Operations (High-Impact)', 'Assessment of specialized operational environments, domain-specific workflows, operational maturity, and transformation opportunities across targeted business functions.', 'operations', true, 'Enterprise & Mid-Market', 'Cross-Industry', 'IT & Transformation', 'Significant operational improvements and risk reduction.', 'published');
INSERT INTO product_category_map (product_id, category_id) VALUES (12, 'modernise-technology') ON CONFLICT DO NOTHING;
INSERT INTO product_category_map (product_id, category_id) VALUES (12, 'improve-operations') ON CONFLICT DO NOTHING;
INSERT INTO product_variants (id, product_id, sku, slug, variant_name, service_type_id, duration_display, duration_weeks_min, duration_weeks_max, delivery_complexity, implementation_model, badge, positioning, is_default_variant, status) VALUES (73, 12, 'OPE-ADV-73', 'specialized-operations-high-impact-assess-73', 'Assess', 'advisory', '1 Week', 1, 1, 'medium', 'TMaaS Managed Delivery', 'Advisory', '(High-Impact) Positioning Strategy', true, 'published');
INSERT INTO marketplace_listings (id, merchant_id, variant_id, listing_status, purchasability, popularity_score) VALUES (67, 1, 73, 'active', 'free', 100);
INSERT INTO variant_prices (listing_id, price_type, amount, price_display, billing_period, is_current) VALUES (67, 'list', 0, 'Free', 'one_time', true);
INSERT INTO product_content (variant_id, description, positioning) VALUES (73, 'Assessment of specialized operational environments, domain-specific workflows, operational maturity, and transformation opportunities across targeted business functions.', '(High-Impact) Positioning Strategy');
INSERT INTO product_features (variant_id, feature_text, sort_order) VALUES (73, 'Architecture alignment for Specialized Operations (High-Impact)', 0);
INSERT INTO product_features (variant_id, feature_text, sort_order) VALUES (73, 'Dedicated TMaaS specialist team', 1);
INSERT INTO product_features (variant_id, feature_text, sort_order) VALUES (73, 'SLA-backed governance and reporting', 2);
INSERT INTO product_features (variant_id, feature_text, sort_order) VALUES (73, 'Phased delivery and milestone tracking', 3);
INSERT INTO product_tags (variant_id, tag_name) VALUES (73, 'operations');
INSERT INTO product_tags (variant_id, tag_name) VALUES (73, 'advisory');
INSERT INTO product_tags (variant_id, tag_name) VALUES (73, 'transformation');
INSERT INTO product_tags (variant_id, tag_name) VALUES (73, 'high-impact');
INSERT INTO product_timeline_milestones (variant_id, milestone_text, sort_order) VALUES (73, 'Phase 1: Discovery & Alignment', 0);
INSERT INTO product_timeline_milestones (variant_id, milestone_text, sort_order) VALUES (73, 'Phase 2: Execution', 1);
INSERT INTO product_timeline_milestones (variant_id, milestone_text, sort_order) VALUES (73, 'Phase 3: Governance & Review', 2);
INSERT INTO product_timeline_milestones (variant_id, milestone_text, sort_order) VALUES (73, 'Phase 4: Operational Handover', 3);
INSERT INTO product_variants (id, product_id, sku, slug, variant_name, service_type_id, duration_display, duration_weeks_min, duration_weeks_max, delivery_complexity, implementation_model, badge, positioning, is_default_variant, status) VALUES (74, 12, 'OPE-DES-74', 'specialized-operations-high-impact-design-74', 'Design', 'design', '4 Weeks', 4, 4, 'high', 'TMaaS Managed Delivery', 'Design', '(High-Impact) Positioning Strategy', false, 'published');
INSERT INTO marketplace_listings (id, merchant_id, variant_id, listing_status, purchasability, popularity_score) VALUES (68, 1, 74, 'active', 'buy_now', 99);
INSERT INTO variant_prices (listing_id, price_type, amount, price_display, billing_period, is_current) VALUES (68, 'from', 1000, 'From $1,000', 'one_time', true);
INSERT INTO product_content (variant_id, description, positioning) VALUES (74, 'Design of specialized operational models, business workflows, domain-specific operating environments, and operational enablement strategies.', '(High-Impact) Positioning Strategy');
INSERT INTO product_features (variant_id, feature_text, sort_order) VALUES (74, 'Architecture alignment for Specialized Operations (High-Impact)', 0);
INSERT INTO product_features (variant_id, feature_text, sort_order) VALUES (74, 'Dedicated TMaaS specialist team', 1);
INSERT INTO product_features (variant_id, feature_text, sort_order) VALUES (74, 'SLA-backed governance and reporting', 2);
INSERT INTO product_features (variant_id, feature_text, sort_order) VALUES (74, 'Phased delivery and milestone tracking', 3);
INSERT INTO product_tags (variant_id, tag_name) VALUES (74, 'operations');
INSERT INTO product_tags (variant_id, tag_name) VALUES (74, 'design');
INSERT INTO product_tags (variant_id, tag_name) VALUES (74, 'transformation');
INSERT INTO product_tags (variant_id, tag_name) VALUES (74, 'high-impact');
INSERT INTO product_timeline_milestones (variant_id, milestone_text, sort_order) VALUES (74, 'Phase 1: Discovery & Alignment', 0);
INSERT INTO product_timeline_milestones (variant_id, milestone_text, sort_order) VALUES (74, 'Phase 2: Execution', 1);
INSERT INTO product_timeline_milestones (variant_id, milestone_text, sort_order) VALUES (74, 'Phase 3: Governance & Review', 2);
INSERT INTO product_timeline_milestones (variant_id, milestone_text, sort_order) VALUES (74, 'Phase 4: Operational Handover', 3);
INSERT INTO product_variants (id, product_id, sku, slug, variant_name, service_type_id, duration_display, duration_weeks_min, duration_weeks_max, delivery_complexity, implementation_model, badge, positioning, is_default_variant, status) VALUES (75, 12, 'OPE-AI_-75', 'specialized-operations-high-impact-ai-design-75', 'AI Design', 'ai_design', '4 Weeks', 4, 4, 'high', 'TMaaS Managed Delivery', 'Ai Design', '(High-Impact) Positioning Strategy', false, 'published');
INSERT INTO marketplace_listings (id, merchant_id, variant_id, listing_status, purchasability, popularity_score) VALUES (69, 1, 75, 'active', 'buy_now', 98);
INSERT INTO variant_prices (listing_id, price_type, amount, price_display, billing_period, is_current) VALUES (69, 'from', 1000, 'From $1,000', 'one_time', true);
INSERT INTO product_content (variant_id, description, positioning) VALUES (75, 'Design of AI-powered operational capabilities including intelligent workflows, automation, predictive operations, and domain-specific AI enablement.', '(High-Impact) Positioning Strategy');
INSERT INTO product_features (variant_id, feature_text, sort_order) VALUES (75, 'Architecture alignment for Specialized Operations (High-Impact)', 0);
INSERT INTO product_features (variant_id, feature_text, sort_order) VALUES (75, 'Dedicated TMaaS specialist team', 1);
INSERT INTO product_features (variant_id, feature_text, sort_order) VALUES (75, 'SLA-backed governance and reporting', 2);
INSERT INTO product_features (variant_id, feature_text, sort_order) VALUES (75, 'Phased delivery and milestone tracking', 3);
INSERT INTO product_tags (variant_id, tag_name) VALUES (75, 'operations');
INSERT INTO product_tags (variant_id, tag_name) VALUES (75, 'ai_design');
INSERT INTO product_tags (variant_id, tag_name) VALUES (75, 'transformation');
INSERT INTO product_tags (variant_id, tag_name) VALUES (75, 'high-impact');
INSERT INTO product_timeline_milestones (variant_id, milestone_text, sort_order) VALUES (75, 'Phase 1: Discovery & Alignment', 0);
INSERT INTO product_timeline_milestones (variant_id, milestone_text, sort_order) VALUES (75, 'Phase 2: Execution', 1);
INSERT INTO product_timeline_milestones (variant_id, milestone_text, sort_order) VALUES (75, 'Phase 3: Governance & Review', 2);
INSERT INTO product_timeline_milestones (variant_id, milestone_text, sort_order) VALUES (75, 'Phase 4: Operational Handover', 3);
INSERT INTO product_variants (id, product_id, sku, slug, variant_name, service_type_id, duration_display, duration_weeks_min, duration_weeks_max, delivery_complexity, implementation_model, badge, positioning, is_default_variant, status) VALUES (76, 12, 'OPE-DEP-76', 'specialized-operations-high-impact-implementation-76', 'Implementation', 'deploy', '12 Weeks', 12, 12, 'high', 'TMaaS Managed Delivery', 'Deploy', '(High-Impact) Positioning Strategy', false, 'published');
INSERT INTO marketplace_listings (id, merchant_id, variant_id, listing_status, purchasability, popularity_score) VALUES (70, 1, 76, 'active', 'request_quote', 97);
INSERT INTO variant_prices (listing_id, price_type, amount, price_display, billing_period, is_current) VALUES (70, 'custom_floor', NULL, 'Custom', 'one_time', true);
INSERT INTO product_content (variant_id, description, positioning) VALUES (76, 'Deployment and implementation of specialized operational systems, workflow environments, and domain-specific operational platforms.', '(High-Impact) Positioning Strategy');
INSERT INTO product_features (variant_id, feature_text, sort_order) VALUES (76, 'Architecture alignment for Specialized Operations (High-Impact)', 0);
INSERT INTO product_features (variant_id, feature_text, sort_order) VALUES (76, 'Dedicated TMaaS specialist team', 1);
INSERT INTO product_features (variant_id, feature_text, sort_order) VALUES (76, 'SLA-backed governance and reporting', 2);
INSERT INTO product_features (variant_id, feature_text, sort_order) VALUES (76, 'Phased delivery and milestone tracking', 3);
INSERT INTO product_tags (variant_id, tag_name) VALUES (76, 'operations');
INSERT INTO product_tags (variant_id, tag_name) VALUES (76, 'deploy');
INSERT INTO product_tags (variant_id, tag_name) VALUES (76, 'transformation');
INSERT INTO product_tags (variant_id, tag_name) VALUES (76, 'high-impact');
INSERT INTO product_timeline_milestones (variant_id, milestone_text, sort_order) VALUES (76, 'Phase 1: Discovery & Alignment', 0);
INSERT INTO product_timeline_milestones (variant_id, milestone_text, sort_order) VALUES (76, 'Phase 2: Execution', 1);
INSERT INTO product_timeline_milestones (variant_id, milestone_text, sort_order) VALUES (76, 'Phase 3: Governance & Review', 2);
INSERT INTO product_timeline_milestones (variant_id, milestone_text, sort_order) VALUES (76, 'Phase 4: Operational Handover', 3);
INSERT INTO product_variants (id, product_id, sku, slug, variant_name, service_type_id, duration_display, duration_weeks_min, duration_weeks_max, delivery_complexity, implementation_model, badge, positioning, is_default_variant, status) VALUES (77, 12, 'OPE-AI_-77', 'specialized-operations-high-impact-ai-implementation-77', 'AI Implementation', 'ai_deploy', '12 Weeks', 12, 12, 'high', 'TMaaS Managed Delivery', 'Ai Deploy', '(High-Impact) Positioning Strategy', false, 'published');
INSERT INTO marketplace_listings (id, merchant_id, variant_id, listing_status, purchasability, popularity_score) VALUES (71, 1, 77, 'active', 'request_quote', 96);
INSERT INTO variant_prices (listing_id, price_type, amount, price_display, billing_period, is_current) VALUES (71, 'custom_floor', NULL, 'Custom', 'one_time', true);
INSERT INTO product_content (variant_id, description, positioning) VALUES (77, 'Deployment of AI-powered operational automation, intelligent orchestration, predictive optimization, and operational intelligence capabilities.', '(High-Impact) Positioning Strategy');
INSERT INTO product_features (variant_id, feature_text, sort_order) VALUES (77, 'Architecture alignment for Specialized Operations (High-Impact)', 0);
INSERT INTO product_features (variant_id, feature_text, sort_order) VALUES (77, 'Dedicated TMaaS specialist team', 1);
INSERT INTO product_features (variant_id, feature_text, sort_order) VALUES (77, 'SLA-backed governance and reporting', 2);
INSERT INTO product_features (variant_id, feature_text, sort_order) VALUES (77, 'Phased delivery and milestone tracking', 3);
INSERT INTO product_tags (variant_id, tag_name) VALUES (77, 'operations');
INSERT INTO product_tags (variant_id, tag_name) VALUES (77, 'ai_deploy');
INSERT INTO product_tags (variant_id, tag_name) VALUES (77, 'transformation');
INSERT INTO product_tags (variant_id, tag_name) VALUES (77, 'high-impact');
INSERT INTO product_timeline_milestones (variant_id, milestone_text, sort_order) VALUES (77, 'Phase 1: Discovery & Alignment', 0);
INSERT INTO product_timeline_milestones (variant_id, milestone_text, sort_order) VALUES (77, 'Phase 2: Execution', 1);
INSERT INTO product_timeline_milestones (variant_id, milestone_text, sort_order) VALUES (77, 'Phase 3: Governance & Review', 2);
INSERT INTO product_timeline_milestones (variant_id, milestone_text, sort_order) VALUES (77, 'Phase 4: Operational Handover', 3);
INSERT INTO product_variants (id, product_id, sku, slug, variant_name, service_type_id, duration_display, duration_weeks_min, duration_weeks_max, delivery_complexity, implementation_model, badge, positioning, is_default_variant, status) VALUES (78, 12, 'OPE-MAN-78', 'specialized-operations-high-impact-managed-service-78', 'Managed Service', 'manage', 'Ongoing', NULL, NULL, 'medium', 'TMaaS Managed Delivery', 'Manage', '(High-Impact) Positioning Strategy', false, 'published');
INSERT INTO marketplace_listings (id, merchant_id, variant_id, listing_status, purchasability, popularity_score) VALUES (72, 1, 78, 'active', 'buy_now', 95);
INSERT INTO variant_prices (listing_id, price_type, amount, price_display, billing_period, is_current) VALUES (72, 'list', NULL, 'Custom Monthly Plans', 'monthly', true);
INSERT INTO product_content (variant_id, description, positioning) VALUES (78, 'Managed operations, optimisation, monitoring, and continuous support for specialized operational environments and business workflows.', '(High-Impact) Positioning Strategy');
INSERT INTO product_features (variant_id, feature_text, sort_order) VALUES (78, 'Architecture alignment for Specialized Operations (High-Impact)', 0);
INSERT INTO product_features (variant_id, feature_text, sort_order) VALUES (78, 'Dedicated TMaaS specialist team', 1);
INSERT INTO product_features (variant_id, feature_text, sort_order) VALUES (78, 'SLA-backed governance and reporting', 2);
INSERT INTO product_features (variant_id, feature_text, sort_order) VALUES (78, 'Phased delivery and milestone tracking', 3);
INSERT INTO product_tags (variant_id, tag_name) VALUES (78, 'manage');
INSERT INTO product_tags (variant_id, tag_name) VALUES (78, 'transformation');
INSERT INTO product_tags (variant_id, tag_name) VALUES (78, 'high-impact');
INSERT INTO product_tags (variant_id, tag_name) VALUES (78, 'operations');
INSERT INTO product_timeline_milestones (variant_id, milestone_text, sort_order) VALUES (78, 'Phase 1: Discovery & Alignment', 0);
INSERT INTO product_timeline_milestones (variant_id, milestone_text, sort_order) VALUES (78, 'Phase 2: Execution', 1);
INSERT INTO product_timeline_milestones (variant_id, milestone_text, sort_order) VALUES (78, 'Phase 3: Governance & Review', 2);
INSERT INTO product_timeline_milestones (variant_id, milestone_text, sort_order) VALUES (78, 'Phase 4: Operational Handover', 3);
INSERT INTO products (id, slug, title, short_description, collection_id, is_high_impact, audience, industry_relevance, department, business_impact, status) VALUES (13, 'enterprise-operations-high-impact', 'Enterprise Operations (High-Impact)', 'Assessment of enterprise-wide operational maturity, process efficiency, operational coordination, and large-scale transformation opportunities.', 'operations', true, 'Enterprise & Mid-Market', 'Cross-Industry', 'IT & Transformation', 'Significant operational improvements and risk reduction.', 'published');
INSERT INTO product_category_map (product_id, category_id) VALUES (13, 'modernise-technology') ON CONFLICT DO NOTHING;
INSERT INTO product_category_map (product_id, category_id) VALUES (13, 'improve-operations') ON CONFLICT DO NOTHING;
INSERT INTO product_variants (id, product_id, sku, slug, variant_name, service_type_id, duration_display, duration_weeks_min, duration_weeks_max, delivery_complexity, implementation_model, badge, positioning, is_default_variant, status) VALUES (79, 13, 'OPE-ADV-79', 'enterprise-operations-high-impact-assess-79', 'Assess', 'advisory', '1 Week', 1, 1, 'medium', 'TMaaS Managed Delivery', 'Advisory', '(High-Impact) Positioning Strategy', true, 'published');
INSERT INTO marketplace_listings (id, merchant_id, variant_id, listing_status, purchasability, popularity_score) VALUES (73, 1, 79, 'active', 'free', 100);
INSERT INTO variant_prices (listing_id, price_type, amount, price_display, billing_period, is_current) VALUES (73, 'list', 0, 'Free', 'one_time', true);
INSERT INTO product_content (variant_id, description, positioning) VALUES (79, 'Assessment of enterprise-wide operational maturity, process efficiency, operational coordination, and large-scale transformation opportunities.', '(High-Impact) Positioning Strategy');
INSERT INTO product_features (variant_id, feature_text, sort_order) VALUES (79, 'Architecture alignment for Enterprise Operations (High-Impact)', 0);
INSERT INTO product_features (variant_id, feature_text, sort_order) VALUES (79, 'Dedicated TMaaS specialist team', 1);
INSERT INTO product_features (variant_id, feature_text, sort_order) VALUES (79, 'SLA-backed governance and reporting', 2);
INSERT INTO product_features (variant_id, feature_text, sort_order) VALUES (79, 'Phased delivery and milestone tracking', 3);
INSERT INTO product_tags (variant_id, tag_name) VALUES (79, 'operations');
INSERT INTO product_tags (variant_id, tag_name) VALUES (79, 'advisory');
INSERT INTO product_tags (variant_id, tag_name) VALUES (79, 'transformation');
INSERT INTO product_tags (variant_id, tag_name) VALUES (79, 'high-impact');
INSERT INTO product_timeline_milestones (variant_id, milestone_text, sort_order) VALUES (79, 'Phase 1: Discovery & Alignment', 0);
INSERT INTO product_timeline_milestones (variant_id, milestone_text, sort_order) VALUES (79, 'Phase 2: Execution', 1);
INSERT INTO product_timeline_milestones (variant_id, milestone_text, sort_order) VALUES (79, 'Phase 3: Governance & Review', 2);
INSERT INTO product_timeline_milestones (variant_id, milestone_text, sort_order) VALUES (79, 'Phase 4: Operational Handover', 3);
INSERT INTO product_variants (id, product_id, sku, slug, variant_name, service_type_id, duration_display, duration_weeks_min, duration_weeks_max, delivery_complexity, implementation_model, badge, positioning, is_default_variant, status) VALUES (80, 13, 'OPE-DES-80', 'enterprise-operations-high-impact-design-80', 'Design', 'design', '4 Weeks', 4, 4, 'high', 'TMaaS Managed Delivery', 'Design', '(High-Impact) Positioning Strategy', false, 'published');
INSERT INTO marketplace_listings (id, merchant_id, variant_id, listing_status, purchasability, popularity_score) VALUES (74, 1, 80, 'active', 'buy_now', 99);
INSERT INTO variant_prices (listing_id, price_type, amount, price_display, billing_period, is_current) VALUES (74, 'from', 1000, 'From $1,000', 'one_time', true);
INSERT INTO product_content (variant_id, description, positioning) VALUES (80, 'Design of enterprise operational models, large-scale workflows, operational governance structures, and cross-functional business enablement strategies.', '(High-Impact) Positioning Strategy');
INSERT INTO product_features (variant_id, feature_text, sort_order) VALUES (80, 'Architecture alignment for Enterprise Operations (High-Impact)', 0);
INSERT INTO product_features (variant_id, feature_text, sort_order) VALUES (80, 'Dedicated TMaaS specialist team', 1);
INSERT INTO product_features (variant_id, feature_text, sort_order) VALUES (80, 'SLA-backed governance and reporting', 2);
INSERT INTO product_features (variant_id, feature_text, sort_order) VALUES (80, 'Phased delivery and milestone tracking', 3);
INSERT INTO product_tags (variant_id, tag_name) VALUES (80, 'operations');
INSERT INTO product_tags (variant_id, tag_name) VALUES (80, 'design');
INSERT INTO product_tags (variant_id, tag_name) VALUES (80, 'transformation');
INSERT INTO product_tags (variant_id, tag_name) VALUES (80, 'high-impact');
INSERT INTO product_timeline_milestones (variant_id, milestone_text, sort_order) VALUES (80, 'Phase 1: Discovery & Alignment', 0);
INSERT INTO product_timeline_milestones (variant_id, milestone_text, sort_order) VALUES (80, 'Phase 2: Execution', 1);
INSERT INTO product_timeline_milestones (variant_id, milestone_text, sort_order) VALUES (80, 'Phase 3: Governance & Review', 2);
INSERT INTO product_timeline_milestones (variant_id, milestone_text, sort_order) VALUES (80, 'Phase 4: Operational Handover', 3);
INSERT INTO product_variants (id, product_id, sku, slug, variant_name, service_type_id, duration_display, duration_weeks_min, duration_weeks_max, delivery_complexity, implementation_model, badge, positioning, is_default_variant, status) VALUES (81, 13, 'OPE-AI_-81', 'enterprise-operations-high-impact-ai-design-81', 'AI Design', 'ai_design', '4 Weeks', 4, 4, 'high', 'TMaaS Managed Delivery', 'Ai Design', '(High-Impact) Positioning Strategy', false, 'published');
INSERT INTO marketplace_listings (id, merchant_id, variant_id, listing_status, purchasability, popularity_score) VALUES (75, 1, 81, 'active', 'buy_now', 98);
INSERT INTO variant_prices (listing_id, price_type, amount, price_display, billing_period, is_current) VALUES (75, 'from', 1000, 'From $1,000', 'one_time', true);
INSERT INTO product_content (variant_id, description, positioning) VALUES (81, 'Design of AI-enabled enterprise operations including intelligent orchestration, automation, operational analytics, and AI-driven optimization frameworks.', '(High-Impact) Positioning Strategy');
INSERT INTO product_features (variant_id, feature_text, sort_order) VALUES (81, 'Architecture alignment for Enterprise Operations (High-Impact)', 0);
INSERT INTO product_features (variant_id, feature_text, sort_order) VALUES (81, 'Dedicated TMaaS specialist team', 1);
INSERT INTO product_features (variant_id, feature_text, sort_order) VALUES (81, 'SLA-backed governance and reporting', 2);
INSERT INTO product_features (variant_id, feature_text, sort_order) VALUES (81, 'Phased delivery and milestone tracking', 3);
INSERT INTO product_tags (variant_id, tag_name) VALUES (81, 'operations');
INSERT INTO product_tags (variant_id, tag_name) VALUES (81, 'ai_design');
INSERT INTO product_tags (variant_id, tag_name) VALUES (81, 'transformation');
INSERT INTO product_tags (variant_id, tag_name) VALUES (81, 'high-impact');
INSERT INTO product_timeline_milestones (variant_id, milestone_text, sort_order) VALUES (81, 'Phase 1: Discovery & Alignment', 0);
INSERT INTO product_timeline_milestones (variant_id, milestone_text, sort_order) VALUES (81, 'Phase 2: Execution', 1);
INSERT INTO product_timeline_milestones (variant_id, milestone_text, sort_order) VALUES (81, 'Phase 3: Governance & Review', 2);
INSERT INTO product_timeline_milestones (variant_id, milestone_text, sort_order) VALUES (81, 'Phase 4: Operational Handover', 3);
INSERT INTO product_variants (id, product_id, sku, slug, variant_name, service_type_id, duration_display, duration_weeks_min, duration_weeks_max, delivery_complexity, implementation_model, badge, positioning, is_default_variant, status) VALUES (82, 13, 'OPE-DEP-82', 'enterprise-operations-high-impact-implementation-82', 'Implementation', 'deploy', '12 Weeks', 12, 12, 'high', 'TMaaS Managed Delivery', 'Deploy', '(High-Impact) Positioning Strategy', false, 'published');
INSERT INTO marketplace_listings (id, merchant_id, variant_id, listing_status, purchasability, popularity_score) VALUES (76, 1, 82, 'active', 'request_quote', 97);
INSERT INTO variant_prices (listing_id, price_type, amount, price_display, billing_period, is_current) VALUES (76, 'custom_floor', NULL, 'Custom', 'one_time', true);
INSERT INTO product_content (variant_id, description, positioning) VALUES (82, 'Deployment and implementation of enterprise operational systems, process orchestration environments, and cross-functional operational platforms.', '(High-Impact) Positioning Strategy');
INSERT INTO product_features (variant_id, feature_text, sort_order) VALUES (82, 'Architecture alignment for Enterprise Operations (High-Impact)', 0);
INSERT INTO product_features (variant_id, feature_text, sort_order) VALUES (82, 'Dedicated TMaaS specialist team', 1);
INSERT INTO product_features (variant_id, feature_text, sort_order) VALUES (82, 'SLA-backed governance and reporting', 2);
INSERT INTO product_features (variant_id, feature_text, sort_order) VALUES (82, 'Phased delivery and milestone tracking', 3);
INSERT INTO product_tags (variant_id, tag_name) VALUES (82, 'operations');
INSERT INTO product_tags (variant_id, tag_name) VALUES (82, 'deploy');
INSERT INTO product_tags (variant_id, tag_name) VALUES (82, 'transformation');
INSERT INTO product_tags (variant_id, tag_name) VALUES (82, 'high-impact');
INSERT INTO product_timeline_milestones (variant_id, milestone_text, sort_order) VALUES (82, 'Phase 1: Discovery & Alignment', 0);
INSERT INTO product_timeline_milestones (variant_id, milestone_text, sort_order) VALUES (82, 'Phase 2: Execution', 1);
INSERT INTO product_timeline_milestones (variant_id, milestone_text, sort_order) VALUES (82, 'Phase 3: Governance & Review', 2);
INSERT INTO product_timeline_milestones (variant_id, milestone_text, sort_order) VALUES (82, 'Phase 4: Operational Handover', 3);
INSERT INTO product_variants (id, product_id, sku, slug, variant_name, service_type_id, duration_display, duration_weeks_min, duration_weeks_max, delivery_complexity, implementation_model, badge, positioning, is_default_variant, status) VALUES (83, 13, 'OPE-AI_-83', 'enterprise-operations-high-impact-ai-implementation-83', 'AI Implementation', 'ai_deploy', '12 Weeks', 12, 12, 'high', 'TMaaS Managed Delivery', 'Ai Deploy', '(High-Impact) Positioning Strategy', false, 'published');
INSERT INTO marketplace_listings (id, merchant_id, variant_id, listing_status, purchasability, popularity_score) VALUES (77, 1, 83, 'active', 'request_quote', 96);
INSERT INTO variant_prices (listing_id, price_type, amount, price_display, billing_period, is_current) VALUES (77, 'custom_floor', NULL, 'Custom', 'one_time', true);
INSERT INTO product_content (variant_id, description, positioning) VALUES (83, 'Deployment of AI-powered enterprise automation, intelligent orchestration, predictive operations, and operational intelligence capabilities.', '(High-Impact) Positioning Strategy');
INSERT INTO product_features (variant_id, feature_text, sort_order) VALUES (83, 'Architecture alignment for Enterprise Operations (High-Impact)', 0);
INSERT INTO product_features (variant_id, feature_text, sort_order) VALUES (83, 'Dedicated TMaaS specialist team', 1);
INSERT INTO product_features (variant_id, feature_text, sort_order) VALUES (83, 'SLA-backed governance and reporting', 2);
INSERT INTO product_features (variant_id, feature_text, sort_order) VALUES (83, 'Phased delivery and milestone tracking', 3);
INSERT INTO product_tags (variant_id, tag_name) VALUES (83, 'operations');
INSERT INTO product_tags (variant_id, tag_name) VALUES (83, 'ai_deploy');
INSERT INTO product_tags (variant_id, tag_name) VALUES (83, 'transformation');
INSERT INTO product_tags (variant_id, tag_name) VALUES (83, 'high-impact');
INSERT INTO product_timeline_milestones (variant_id, milestone_text, sort_order) VALUES (83, 'Phase 1: Discovery & Alignment', 0);
INSERT INTO product_timeline_milestones (variant_id, milestone_text, sort_order) VALUES (83, 'Phase 2: Execution', 1);
INSERT INTO product_timeline_milestones (variant_id, milestone_text, sort_order) VALUES (83, 'Phase 3: Governance & Review', 2);
INSERT INTO product_timeline_milestones (variant_id, milestone_text, sort_order) VALUES (83, 'Phase 4: Operational Handover', 3);
INSERT INTO product_variants (id, product_id, sku, slug, variant_name, service_type_id, duration_display, duration_weeks_min, duration_weeks_max, delivery_complexity, implementation_model, badge, positioning, is_default_variant, status) VALUES (84, 13, 'OPE-MAN-84', 'enterprise-operations-high-impact-managed-service-84', 'Managed Service', 'manage', 'Ongoing', NULL, NULL, 'medium', 'TMaaS Managed Delivery', 'Manage', '(High-Impact) Positioning Strategy', false, 'published');
INSERT INTO marketplace_listings (id, merchant_id, variant_id, listing_status, purchasability, popularity_score) VALUES (78, 1, 84, 'active', 'buy_now', 95);
INSERT INTO variant_prices (listing_id, price_type, amount, price_display, billing_period, is_current) VALUES (78, 'list', NULL, 'Custom Monthly Plans', 'monthly', true);
INSERT INTO product_content (variant_id, description, positioning) VALUES (84, 'Managed enterprise operations, optimisation, monitoring, governance, and continuous operational improvement services.', '(High-Impact) Positioning Strategy');
INSERT INTO product_features (variant_id, feature_text, sort_order) VALUES (84, 'Architecture alignment for Enterprise Operations (High-Impact)', 0);
INSERT INTO product_features (variant_id, feature_text, sort_order) VALUES (84, 'Dedicated TMaaS specialist team', 1);
INSERT INTO product_features (variant_id, feature_text, sort_order) VALUES (84, 'SLA-backed governance and reporting', 2);
INSERT INTO product_features (variant_id, feature_text, sort_order) VALUES (84, 'Phased delivery and milestone tracking', 3);
INSERT INTO product_tags (variant_id, tag_name) VALUES (84, 'manage');
INSERT INTO product_tags (variant_id, tag_name) VALUES (84, 'transformation');
INSERT INTO product_tags (variant_id, tag_name) VALUES (84, 'high-impact');
INSERT INTO product_tags (variant_id, tag_name) VALUES (84, 'operations');
INSERT INTO product_timeline_milestones (variant_id, milestone_text, sort_order) VALUES (84, 'Phase 1: Discovery & Alignment', 0);
INSERT INTO product_timeline_milestones (variant_id, milestone_text, sort_order) VALUES (84, 'Phase 2: Execution', 1);
INSERT INTO product_timeline_milestones (variant_id, milestone_text, sort_order) VALUES (84, 'Phase 3: Governance & Review', 2);
INSERT INTO product_timeline_milestones (variant_id, milestone_text, sort_order) VALUES (84, 'Phase 4: Operational Handover', 3);
INSERT INTO products (id, slug, title, short_description, collection_id, is_high_impact, audience, industry_relevance, department, business_impact, status) VALUES (14, 'governance-risk-compliance-high-impact', 'Governance, Risk & Compliance (High-Impact)', 'Assessment of governance maturity, compliance posture, operational risks, control effectiveness, and enterprise assurance opportunities.', 'security', true, 'Enterprise & Mid-Market', 'Cross-Industry', 'IT & Transformation', 'Significant operational improvements and risk reduction.', 'published');
INSERT INTO product_category_map (product_id, category_id) VALUES (14, 'modernise-technology') ON CONFLICT DO NOTHING;
INSERT INTO product_category_map (product_id, category_id) VALUES (14, 'improve-operations') ON CONFLICT DO NOTHING;
INSERT INTO product_variants (id, product_id, sku, slug, variant_name, service_type_id, duration_display, duration_weeks_min, duration_weeks_max, delivery_complexity, implementation_model, badge, positioning, is_default_variant, status) VALUES (85, 14, 'SEC-ADV-85', 'governance-risk-compliance-high-impact-assess-85', 'Assess', 'advisory', '1 Week', 1, 1, 'medium', 'TMaaS Managed Delivery', 'Advisory', '(High-Impact) Positioning Strategy', true, 'published');
INSERT INTO marketplace_listings (id, merchant_id, variant_id, listing_status, purchasability, popularity_score) VALUES (79, 1, 85, 'active', 'free', 100);
INSERT INTO variant_prices (listing_id, price_type, amount, price_display, billing_period, is_current) VALUES (79, 'list', 0, 'Free', 'one_time', true);
INSERT INTO product_content (variant_id, description, positioning) VALUES (85, 'Assessment of governance maturity, compliance posture, operational risks, control effectiveness, and enterprise assurance opportunities.', '(High-Impact) Positioning Strategy');
INSERT INTO product_features (variant_id, feature_text, sort_order) VALUES (85, 'Architecture alignment for Governance, Risk & Compliance (High-Impact)', 0);
INSERT INTO product_features (variant_id, feature_text, sort_order) VALUES (85, 'Dedicated TMaaS specialist team', 1);
INSERT INTO product_features (variant_id, feature_text, sort_order) VALUES (85, 'SLA-backed governance and reporting', 2);
INSERT INTO product_features (variant_id, feature_text, sort_order) VALUES (85, 'Phased delivery and milestone tracking', 3);
INSERT INTO product_tags (variant_id, tag_name) VALUES (85, 'security');
INSERT INTO product_tags (variant_id, tag_name) VALUES (85, 'advisory');
INSERT INTO product_tags (variant_id, tag_name) VALUES (85, 'transformation');
INSERT INTO product_tags (variant_id, tag_name) VALUES (85, 'high-impact');
INSERT INTO product_timeline_milestones (variant_id, milestone_text, sort_order) VALUES (85, 'Phase 1: Discovery & Alignment', 0);
INSERT INTO product_timeline_milestones (variant_id, milestone_text, sort_order) VALUES (85, 'Phase 2: Execution', 1);
INSERT INTO product_timeline_milestones (variant_id, milestone_text, sort_order) VALUES (85, 'Phase 3: Governance & Review', 2);
INSERT INTO product_timeline_milestones (variant_id, milestone_text, sort_order) VALUES (85, 'Phase 4: Operational Handover', 3);
INSERT INTO product_variants (id, product_id, sku, slug, variant_name, service_type_id, duration_display, duration_weeks_min, duration_weeks_max, delivery_complexity, implementation_model, badge, positioning, is_default_variant, status) VALUES (86, 14, 'SEC-DES-86', 'governance-risk-compliance-high-impact-design-86', 'Design', 'design', '4 Weeks', 4, 4, 'high', 'TMaaS Managed Delivery', 'Design', '(High-Impact) Positioning Strategy', false, 'published');
INSERT INTO marketplace_listings (id, merchant_id, variant_id, listing_status, purchasability, popularity_score) VALUES (80, 1, 86, 'active', 'buy_now', 99);
INSERT INTO variant_prices (listing_id, price_type, amount, price_display, billing_period, is_current) VALUES (80, 'from', 1000, 'From $1,000', 'one_time', true);
INSERT INTO product_content (variant_id, description, positioning) VALUES (86, 'Design of governance frameworks, compliance operating models, risk management workflows, control structures, and assurance environments.', '(High-Impact) Positioning Strategy');
INSERT INTO product_features (variant_id, feature_text, sort_order) VALUES (86, 'Architecture alignment for Governance, Risk & Compliance (High-Impact)', 0);
INSERT INTO product_features (variant_id, feature_text, sort_order) VALUES (86, 'Dedicated TMaaS specialist team', 1);
INSERT INTO product_features (variant_id, feature_text, sort_order) VALUES (86, 'SLA-backed governance and reporting', 2);
INSERT INTO product_features (variant_id, feature_text, sort_order) VALUES (86, 'Phased delivery and milestone tracking', 3);
INSERT INTO product_tags (variant_id, tag_name) VALUES (86, 'security');
INSERT INTO product_tags (variant_id, tag_name) VALUES (86, 'design');
INSERT INTO product_tags (variant_id, tag_name) VALUES (86, 'transformation');
INSERT INTO product_tags (variant_id, tag_name) VALUES (86, 'high-impact');
INSERT INTO product_timeline_milestones (variant_id, milestone_text, sort_order) VALUES (86, 'Phase 1: Discovery & Alignment', 0);
INSERT INTO product_timeline_milestones (variant_id, milestone_text, sort_order) VALUES (86, 'Phase 2: Execution', 1);
INSERT INTO product_timeline_milestones (variant_id, milestone_text, sort_order) VALUES (86, 'Phase 3: Governance & Review', 2);
INSERT INTO product_timeline_milestones (variant_id, milestone_text, sort_order) VALUES (86, 'Phase 4: Operational Handover', 3);
INSERT INTO product_variants (id, product_id, sku, slug, variant_name, service_type_id, duration_display, duration_weeks_min, duration_weeks_max, delivery_complexity, implementation_model, badge, positioning, is_default_variant, status) VALUES (87, 14, 'SEC-AI_-87', 'governance-risk-compliance-high-impact-ai-design-87', 'AI Design', 'ai_design', '4 Weeks', 4, 4, 'high', 'TMaaS Managed Delivery', 'Ai Design', '(High-Impact) Positioning Strategy', false, 'published');
INSERT INTO marketplace_listings (id, merchant_id, variant_id, listing_status, purchasability, popularity_score) VALUES (81, 1, 87, 'active', 'buy_now', 98);
INSERT INTO variant_prices (listing_id, price_type, amount, price_display, billing_period, is_current) VALUES (81, 'from', 1000, 'From $1,000', 'one_time', true);
INSERT INTO product_content (variant_id, description, positioning) VALUES (87, 'Design of AI-powered governance capabilities including intelligent monitoring, compliance automation, predictive risk analytics, and operational assurance.', '(High-Impact) Positioning Strategy');
INSERT INTO product_features (variant_id, feature_text, sort_order) VALUES (87, 'Architecture alignment for Governance, Risk & Compliance (High-Impact)', 0);
INSERT INTO product_features (variant_id, feature_text, sort_order) VALUES (87, 'Dedicated TMaaS specialist team', 1);
INSERT INTO product_features (variant_id, feature_text, sort_order) VALUES (87, 'SLA-backed governance and reporting', 2);
INSERT INTO product_features (variant_id, feature_text, sort_order) VALUES (87, 'Phased delivery and milestone tracking', 3);
INSERT INTO product_tags (variant_id, tag_name) VALUES (87, 'security');
INSERT INTO product_tags (variant_id, tag_name) VALUES (87, 'ai_design');
INSERT INTO product_tags (variant_id, tag_name) VALUES (87, 'transformation');
INSERT INTO product_tags (variant_id, tag_name) VALUES (87, 'high-impact');
INSERT INTO product_timeline_milestones (variant_id, milestone_text, sort_order) VALUES (87, 'Phase 1: Discovery & Alignment', 0);
INSERT INTO product_timeline_milestones (variant_id, milestone_text, sort_order) VALUES (87, 'Phase 2: Execution', 1);
INSERT INTO product_timeline_milestones (variant_id, milestone_text, sort_order) VALUES (87, 'Phase 3: Governance & Review', 2);
INSERT INTO product_timeline_milestones (variant_id, milestone_text, sort_order) VALUES (87, 'Phase 4: Operational Handover', 3);
INSERT INTO product_variants (id, product_id, sku, slug, variant_name, service_type_id, duration_display, duration_weeks_min, duration_weeks_max, delivery_complexity, implementation_model, badge, positioning, is_default_variant, status) VALUES (88, 14, 'SEC-DEP-88', 'governance-risk-compliance-high-impact-implementation-88', 'Implementation', 'deploy', '12 Weeks', 12, 12, 'high', 'TMaaS Managed Delivery', 'Deploy', '(High-Impact) Positioning Strategy', false, 'published');
INSERT INTO marketplace_listings (id, merchant_id, variant_id, listing_status, purchasability, popularity_score) VALUES (82, 1, 88, 'active', 'request_quote', 97);
INSERT INTO variant_prices (listing_id, price_type, amount, price_display, billing_period, is_current) VALUES (82, 'custom_floor', NULL, 'Custom', 'one_time', true);
INSERT INTO product_content (variant_id, description, positioning) VALUES (88, 'Deployment and implementation of governance platforms, compliance systems, operational control environments, and enterprise assurance frameworks.', '(High-Impact) Positioning Strategy');
INSERT INTO product_features (variant_id, feature_text, sort_order) VALUES (88, 'Architecture alignment for Governance, Risk & Compliance (High-Impact)', 0);
INSERT INTO product_features (variant_id, feature_text, sort_order) VALUES (88, 'Dedicated TMaaS specialist team', 1);
INSERT INTO product_features (variant_id, feature_text, sort_order) VALUES (88, 'SLA-backed governance and reporting', 2);
INSERT INTO product_features (variant_id, feature_text, sort_order) VALUES (88, 'Phased delivery and milestone tracking', 3);
INSERT INTO product_tags (variant_id, tag_name) VALUES (88, 'security');
INSERT INTO product_tags (variant_id, tag_name) VALUES (88, 'deploy');
INSERT INTO product_tags (variant_id, tag_name) VALUES (88, 'transformation');
INSERT INTO product_tags (variant_id, tag_name) VALUES (88, 'high-impact');
INSERT INTO product_timeline_milestones (variant_id, milestone_text, sort_order) VALUES (88, 'Phase 1: Discovery & Alignment', 0);
INSERT INTO product_timeline_milestones (variant_id, milestone_text, sort_order) VALUES (88, 'Phase 2: Execution', 1);
INSERT INTO product_timeline_milestones (variant_id, milestone_text, sort_order) VALUES (88, 'Phase 3: Governance & Review', 2);
INSERT INTO product_timeline_milestones (variant_id, milestone_text, sort_order) VALUES (88, 'Phase 4: Operational Handover', 3);
INSERT INTO product_variants (id, product_id, sku, slug, variant_name, service_type_id, duration_display, duration_weeks_min, duration_weeks_max, delivery_complexity, implementation_model, badge, positioning, is_default_variant, status) VALUES (89, 14, 'SEC-AI_-89', 'governance-risk-compliance-high-impact-ai-implementation-89', 'AI Implementation', 'ai_deploy', '12 Weeks', 12, 12, 'high', 'TMaaS Managed Delivery', 'Ai Deploy', '(High-Impact) Positioning Strategy', false, 'published');
INSERT INTO marketplace_listings (id, merchant_id, variant_id, listing_status, purchasability, popularity_score) VALUES (83, 1, 89, 'active', 'request_quote', 96);
INSERT INTO variant_prices (listing_id, price_type, amount, price_display, billing_period, is_current) VALUES (83, 'custom_floor', NULL, 'Custom', 'one_time', true);
INSERT INTO product_content (variant_id, description, positioning) VALUES (89, 'Deployment of AI-powered compliance automation, intelligent governance monitoring, predictive risk intelligence, and operational assurance capabilities.', '(High-Impact) Positioning Strategy');
INSERT INTO product_features (variant_id, feature_text, sort_order) VALUES (89, 'Architecture alignment for Governance, Risk & Compliance (High-Impact)', 0);
INSERT INTO product_features (variant_id, feature_text, sort_order) VALUES (89, 'Dedicated TMaaS specialist team', 1);
INSERT INTO product_features (variant_id, feature_text, sort_order) VALUES (89, 'SLA-backed governance and reporting', 2);
INSERT INTO product_features (variant_id, feature_text, sort_order) VALUES (89, 'Phased delivery and milestone tracking', 3);
INSERT INTO product_tags (variant_id, tag_name) VALUES (89, 'security');
INSERT INTO product_tags (variant_id, tag_name) VALUES (89, 'ai_deploy');
INSERT INTO product_tags (variant_id, tag_name) VALUES (89, 'transformation');
INSERT INTO product_tags (variant_id, tag_name) VALUES (89, 'high-impact');
INSERT INTO product_timeline_milestones (variant_id, milestone_text, sort_order) VALUES (89, 'Phase 1: Discovery & Alignment', 0);
INSERT INTO product_timeline_milestones (variant_id, milestone_text, sort_order) VALUES (89, 'Phase 2: Execution', 1);
INSERT INTO product_timeline_milestones (variant_id, milestone_text, sort_order) VALUES (89, 'Phase 3: Governance & Review', 2);
INSERT INTO product_timeline_milestones (variant_id, milestone_text, sort_order) VALUES (89, 'Phase 4: Operational Handover', 3);
INSERT INTO product_variants (id, product_id, sku, slug, variant_name, service_type_id, duration_display, duration_weeks_min, duration_weeks_max, delivery_complexity, implementation_model, badge, positioning, is_default_variant, status) VALUES (90, 14, 'SEC-MAN-90', 'governance-risk-compliance-high-impact-managed-service-90', 'Managed Service', 'manage', 'Ongoing', NULL, NULL, 'medium', 'TMaaS Managed Delivery', 'Manage', '(High-Impact) Positioning Strategy', false, 'published');
INSERT INTO marketplace_listings (id, merchant_id, variant_id, listing_status, purchasability, popularity_score) VALUES (84, 1, 90, 'active', 'buy_now', 95);
INSERT INTO variant_prices (listing_id, price_type, amount, price_display, billing_period, is_current) VALUES (84, 'list', NULL, 'Custom Monthly Plans', 'monthly', true);
INSERT INTO product_content (variant_id, description, positioning) VALUES (90, 'Managed governance operations, compliance monitoring, operational assurance, reporting, and continuous risk optimisation services.', '(High-Impact) Positioning Strategy');
INSERT INTO product_features (variant_id, feature_text, sort_order) VALUES (90, 'Architecture alignment for Governance, Risk & Compliance (High-Impact)', 0);
INSERT INTO product_features (variant_id, feature_text, sort_order) VALUES (90, 'Dedicated TMaaS specialist team', 1);
INSERT INTO product_features (variant_id, feature_text, sort_order) VALUES (90, 'SLA-backed governance and reporting', 2);
INSERT INTO product_features (variant_id, feature_text, sort_order) VALUES (90, 'Phased delivery and milestone tracking', 3);
INSERT INTO product_tags (variant_id, tag_name) VALUES (90, 'security');
INSERT INTO product_tags (variant_id, tag_name) VALUES (90, 'manage');
INSERT INTO product_tags (variant_id, tag_name) VALUES (90, 'transformation');
INSERT INTO product_tags (variant_id, tag_name) VALUES (90, 'high-impact');
INSERT INTO product_tags (variant_id, tag_name) VALUES (90, 'operations');
INSERT INTO product_timeline_milestones (variant_id, milestone_text, sort_order) VALUES (90, 'Phase 1: Discovery & Alignment', 0);
INSERT INTO product_timeline_milestones (variant_id, milestone_text, sort_order) VALUES (90, 'Phase 2: Execution', 1);
INSERT INTO product_timeline_milestones (variant_id, milestone_text, sort_order) VALUES (90, 'Phase 3: Governance & Review', 2);
INSERT INTO product_timeline_milestones (variant_id, milestone_text, sort_order) VALUES (90, 'Phase 4: Operational Handover', 3);
INSERT INTO products (id, slug, title, short_description, collection_id, is_high_impact, audience, industry_relevance, department, business_impact, status) VALUES (15, 'enterprise-resource-planning-high-impact', 'Enterprise Resource Planning (High-Impact)', 'Assessment of enterprise operations, finance, procurement, HR, inventory, operational workflows, and ERP modernization opportunities.', 'operations', true, 'Enterprise & Mid-Market', 'Cross-Industry', 'IT & Transformation', 'Significant operational improvements and risk reduction.', 'published');
INSERT INTO product_category_map (product_id, category_id) VALUES (15, 'modernise-technology') ON CONFLICT DO NOTHING;
INSERT INTO product_category_map (product_id, category_id) VALUES (15, 'improve-operations') ON CONFLICT DO NOTHING;
INSERT INTO product_variants (id, product_id, sku, slug, variant_name, service_type_id, duration_display, duration_weeks_min, duration_weeks_max, delivery_complexity, implementation_model, badge, positioning, is_default_variant, status) VALUES (91, 15, 'OPE-ADV-91', 'enterprise-resource-planning-high-impact-assess-91', 'Assess', 'advisory', '1 Week', 1, 1, 'medium', 'TMaaS Managed Delivery', 'Advisory', '(High-Impact) Positioning Strategy', true, 'published');
INSERT INTO marketplace_listings (id, merchant_id, variant_id, listing_status, purchasability, popularity_score) VALUES (85, 1, 91, 'active', 'free', 100);
INSERT INTO variant_prices (listing_id, price_type, amount, price_display, billing_period, is_current) VALUES (85, 'list', 0, 'Free', 'one_time', true);
INSERT INTO product_content (variant_id, description, positioning) VALUES (91, 'Assessment of enterprise operations, finance, procurement, HR, inventory, operational workflows, and ERP modernization opportunities.', '(High-Impact) Positioning Strategy');
INSERT INTO product_features (variant_id, feature_text, sort_order) VALUES (91, 'Architecture alignment for Enterprise Resource Planning (High-Impact)', 0);
INSERT INTO product_features (variant_id, feature_text, sort_order) VALUES (91, 'Dedicated TMaaS specialist team', 1);
INSERT INTO product_features (variant_id, feature_text, sort_order) VALUES (91, 'SLA-backed governance and reporting', 2);
INSERT INTO product_features (variant_id, feature_text, sort_order) VALUES (91, 'Phased delivery and milestone tracking', 3);
INSERT INTO product_tags (variant_id, tag_name) VALUES (91, 'operations');
INSERT INTO product_tags (variant_id, tag_name) VALUES (91, 'advisory');
INSERT INTO product_tags (variant_id, tag_name) VALUES (91, 'transformation');
INSERT INTO product_tags (variant_id, tag_name) VALUES (91, 'high-impact');
INSERT INTO product_timeline_milestones (variant_id, milestone_text, sort_order) VALUES (91, 'Phase 1: Discovery & Alignment', 0);
INSERT INTO product_timeline_milestones (variant_id, milestone_text, sort_order) VALUES (91, 'Phase 2: Execution', 1);
INSERT INTO product_timeline_milestones (variant_id, milestone_text, sort_order) VALUES (91, 'Phase 3: Governance & Review', 2);
INSERT INTO product_timeline_milestones (variant_id, milestone_text, sort_order) VALUES (91, 'Phase 4: Operational Handover', 3);
INSERT INTO product_variants (id, product_id, sku, slug, variant_name, service_type_id, duration_display, duration_weeks_min, duration_weeks_max, delivery_complexity, implementation_model, badge, positioning, is_default_variant, status) VALUES (92, 15, 'OPE-DES-92', 'enterprise-resource-planning-high-impact-design-92', 'Design', 'design', '4 Weeks', 4, 4, 'high', 'TMaaS Managed Delivery', 'Design', '(High-Impact) Positioning Strategy', false, 'published');
INSERT INTO marketplace_listings (id, merchant_id, variant_id, listing_status, purchasability, popularity_score) VALUES (86, 1, 92, 'active', 'buy_now', 99);
INSERT INTO variant_prices (listing_id, price_type, amount, price_display, billing_period, is_current) VALUES (86, 'from', 1000, 'From $1,000', 'one_time', true);
INSERT INTO product_content (variant_id, description, positioning) VALUES (92, 'Design of ERP operating models, enterprise workflows, operational structures, back-office processes, and organizational enablement strategies.', '(High-Impact) Positioning Strategy');
INSERT INTO product_features (variant_id, feature_text, sort_order) VALUES (92, 'Architecture alignment for Enterprise Resource Planning (High-Impact)', 0);
INSERT INTO product_features (variant_id, feature_text, sort_order) VALUES (92, 'Dedicated TMaaS specialist team', 1);
INSERT INTO product_features (variant_id, feature_text, sort_order) VALUES (92, 'SLA-backed governance and reporting', 2);
INSERT INTO product_features (variant_id, feature_text, sort_order) VALUES (92, 'Phased delivery and milestone tracking', 3);
INSERT INTO product_tags (variant_id, tag_name) VALUES (92, 'operations');
INSERT INTO product_tags (variant_id, tag_name) VALUES (92, 'design');
INSERT INTO product_tags (variant_id, tag_name) VALUES (92, 'transformation');
INSERT INTO product_tags (variant_id, tag_name) VALUES (92, 'high-impact');
INSERT INTO product_timeline_milestones (variant_id, milestone_text, sort_order) VALUES (92, 'Phase 1: Discovery & Alignment', 0);
INSERT INTO product_timeline_milestones (variant_id, milestone_text, sort_order) VALUES (92, 'Phase 2: Execution', 1);
INSERT INTO product_timeline_milestones (variant_id, milestone_text, sort_order) VALUES (92, 'Phase 3: Governance & Review', 2);
INSERT INTO product_timeline_milestones (variant_id, milestone_text, sort_order) VALUES (92, 'Phase 4: Operational Handover', 3);
INSERT INTO product_variants (id, product_id, sku, slug, variant_name, service_type_id, duration_display, duration_weeks_min, duration_weeks_max, delivery_complexity, implementation_model, badge, positioning, is_default_variant, status) VALUES (93, 15, 'OPE-AI_-93', 'enterprise-resource-planning-high-impact-ai-design-93', 'AI Design', 'ai_design', '4 Weeks', 4, 4, 'high', 'TMaaS Managed Delivery', 'Ai Design', '(High-Impact) Positioning Strategy', false, 'published');
INSERT INTO marketplace_listings (id, merchant_id, variant_id, listing_status, purchasability, popularity_score) VALUES (87, 1, 93, 'active', 'buy_now', 98);
INSERT INTO variant_prices (listing_id, price_type, amount, price_display, billing_period, is_current) VALUES (87, 'from', 1000, 'From $1,000', 'one_time', true);
INSERT INTO product_content (variant_id, description, positioning) VALUES (93, 'Design of AI-powered ERP capabilities including intelligent automation, predictive forecasting, operational intelligence, and enterprise optimization.', '(High-Impact) Positioning Strategy');
INSERT INTO product_features (variant_id, feature_text, sort_order) VALUES (93, 'Architecture alignment for Enterprise Resource Planning (High-Impact)', 0);
INSERT INTO product_features (variant_id, feature_text, sort_order) VALUES (93, 'Dedicated TMaaS specialist team', 1);
INSERT INTO product_features (variant_id, feature_text, sort_order) VALUES (93, 'SLA-backed governance and reporting', 2);
INSERT INTO product_features (variant_id, feature_text, sort_order) VALUES (93, 'Phased delivery and milestone tracking', 3);
INSERT INTO product_tags (variant_id, tag_name) VALUES (93, 'operations');
INSERT INTO product_tags (variant_id, tag_name) VALUES (93, 'ai_design');
INSERT INTO product_tags (variant_id, tag_name) VALUES (93, 'transformation');
INSERT INTO product_tags (variant_id, tag_name) VALUES (93, 'high-impact');
INSERT INTO product_timeline_milestones (variant_id, milestone_text, sort_order) VALUES (93, 'Phase 1: Discovery & Alignment', 0);
INSERT INTO product_timeline_milestones (variant_id, milestone_text, sort_order) VALUES (93, 'Phase 2: Execution', 1);
INSERT INTO product_timeline_milestones (variant_id, milestone_text, sort_order) VALUES (93, 'Phase 3: Governance & Review', 2);
INSERT INTO product_timeline_milestones (variant_id, milestone_text, sort_order) VALUES (93, 'Phase 4: Operational Handover', 3);
INSERT INTO product_variants (id, product_id, sku, slug, variant_name, service_type_id, duration_display, duration_weeks_min, duration_weeks_max, delivery_complexity, implementation_model, badge, positioning, is_default_variant, status) VALUES (94, 15, 'OPE-DEP-94', 'enterprise-resource-planning-high-impact-implementation-94', 'Implementation', 'deploy', '12 Weeks', 12, 12, 'high', 'TMaaS Managed Delivery', 'Deploy', '(High-Impact) Positioning Strategy', false, 'published');
INSERT INTO marketplace_listings (id, merchant_id, variant_id, listing_status, purchasability, popularity_score) VALUES (88, 1, 94, 'active', 'request_quote', 97);
INSERT INTO variant_prices (listing_id, price_type, amount, price_display, billing_period, is_current) VALUES (88, 'custom_floor', NULL, 'Custom', 'one_time', true);
INSERT INTO product_content (variant_id, description, positioning) VALUES (94, 'Deployment and implementation of ERP platforms, finance systems, procurement environments, operational workflows, and enterprise management capabilities.', '(High-Impact) Positioning Strategy');
INSERT INTO product_features (variant_id, feature_text, sort_order) VALUES (94, 'Architecture alignment for Enterprise Resource Planning (High-Impact)', 0);
INSERT INTO product_features (variant_id, feature_text, sort_order) VALUES (94, 'Dedicated TMaaS specialist team', 1);
INSERT INTO product_features (variant_id, feature_text, sort_order) VALUES (94, 'SLA-backed governance and reporting', 2);
INSERT INTO product_features (variant_id, feature_text, sort_order) VALUES (94, 'Phased delivery and milestone tracking', 3);
INSERT INTO product_tags (variant_id, tag_name) VALUES (94, 'operations');
INSERT INTO product_tags (variant_id, tag_name) VALUES (94, 'deploy');
INSERT INTO product_tags (variant_id, tag_name) VALUES (94, 'transformation');
INSERT INTO product_tags (variant_id, tag_name) VALUES (94, 'high-impact');
INSERT INTO product_timeline_milestones (variant_id, milestone_text, sort_order) VALUES (94, 'Phase 1: Discovery & Alignment', 0);
INSERT INTO product_timeline_milestones (variant_id, milestone_text, sort_order) VALUES (94, 'Phase 2: Execution', 1);
INSERT INTO product_timeline_milestones (variant_id, milestone_text, sort_order) VALUES (94, 'Phase 3: Governance & Review', 2);
INSERT INTO product_timeline_milestones (variant_id, milestone_text, sort_order) VALUES (94, 'Phase 4: Operational Handover', 3);
INSERT INTO product_variants (id, product_id, sku, slug, variant_name, service_type_id, duration_display, duration_weeks_min, duration_weeks_max, delivery_complexity, implementation_model, badge, positioning, is_default_variant, status) VALUES (95, 15, 'OPE-AI_-95', 'enterprise-resource-planning-high-impact-ai-implementation-95', 'AI Implementation', 'ai_deploy', '12 Weeks', 12, 12, 'high', 'TMaaS Managed Delivery', 'Ai Deploy', '(High-Impact) Positioning Strategy', false, 'published');
INSERT INTO marketplace_listings (id, merchant_id, variant_id, listing_status, purchasability, popularity_score) VALUES (89, 1, 95, 'active', 'request_quote', 96);
INSERT INTO variant_prices (listing_id, price_type, amount, price_display, billing_period, is_current) VALUES (89, 'custom_floor', NULL, 'Custom', 'one_time', true);
INSERT INTO product_content (variant_id, description, positioning) VALUES (95, 'Deployment of AI-powered ERP automation, intelligent forecasting, operational intelligence, predictive analytics, and enterprise optimization capabilities.', '(High-Impact) Positioning Strategy');
INSERT INTO product_features (variant_id, feature_text, sort_order) VALUES (95, 'Architecture alignment for Enterprise Resource Planning (High-Impact)', 0);
INSERT INTO product_features (variant_id, feature_text, sort_order) VALUES (95, 'Dedicated TMaaS specialist team', 1);
INSERT INTO product_features (variant_id, feature_text, sort_order) VALUES (95, 'SLA-backed governance and reporting', 2);
INSERT INTO product_features (variant_id, feature_text, sort_order) VALUES (95, 'Phased delivery and milestone tracking', 3);
INSERT INTO product_tags (variant_id, tag_name) VALUES (95, 'operations');
INSERT INTO product_tags (variant_id, tag_name) VALUES (95, 'ai_deploy');
INSERT INTO product_tags (variant_id, tag_name) VALUES (95, 'transformation');
INSERT INTO product_tags (variant_id, tag_name) VALUES (95, 'high-impact');
INSERT INTO product_timeline_milestones (variant_id, milestone_text, sort_order) VALUES (95, 'Phase 1: Discovery & Alignment', 0);
INSERT INTO product_timeline_milestones (variant_id, milestone_text, sort_order) VALUES (95, 'Phase 2: Execution', 1);
INSERT INTO product_timeline_milestones (variant_id, milestone_text, sort_order) VALUES (95, 'Phase 3: Governance & Review', 2);
INSERT INTO product_timeline_milestones (variant_id, milestone_text, sort_order) VALUES (95, 'Phase 4: Operational Handover', 3);
INSERT INTO product_variants (id, product_id, sku, slug, variant_name, service_type_id, duration_display, duration_weeks_min, duration_weeks_max, delivery_complexity, implementation_model, badge, positioning, is_default_variant, status) VALUES (96, 15, 'OPE-MAN-96', 'enterprise-resource-planning-high-impact-managed-service-96', 'Managed Service', 'manage', 'Ongoing', NULL, NULL, 'medium', 'TMaaS Managed Delivery', 'Manage', '(High-Impact) Positioning Strategy', false, 'published');
INSERT INTO marketplace_listings (id, merchant_id, variant_id, listing_status, purchasability, popularity_score) VALUES (90, 1, 96, 'active', 'buy_now', 95);
INSERT INTO variant_prices (listing_id, price_type, amount, price_display, billing_period, is_current) VALUES (90, 'list', NULL, 'Custom Monthly Plans', 'monthly', true);
INSERT INTO product_content (variant_id, description, positioning) VALUES (96, 'Managed ERP operations, monitoring, support, optimisation, reporting, and continuous operational improvement services.', '(High-Impact) Positioning Strategy');
INSERT INTO product_features (variant_id, feature_text, sort_order) VALUES (96, 'Architecture alignment for Enterprise Resource Planning (High-Impact)', 0);
INSERT INTO product_features (variant_id, feature_text, sort_order) VALUES (96, 'Dedicated TMaaS specialist team', 1);
INSERT INTO product_features (variant_id, feature_text, sort_order) VALUES (96, 'SLA-backed governance and reporting', 2);
INSERT INTO product_features (variant_id, feature_text, sort_order) VALUES (96, 'Phased delivery and milestone tracking', 3);
INSERT INTO product_tags (variant_id, tag_name) VALUES (96, 'manage');
INSERT INTO product_tags (variant_id, tag_name) VALUES (96, 'transformation');
INSERT INTO product_tags (variant_id, tag_name) VALUES (96, 'high-impact');
INSERT INTO product_tags (variant_id, tag_name) VALUES (96, 'operations');
INSERT INTO product_timeline_milestones (variant_id, milestone_text, sort_order) VALUES (96, 'Phase 1: Discovery & Alignment', 0);
INSERT INTO product_timeline_milestones (variant_id, milestone_text, sort_order) VALUES (96, 'Phase 2: Execution', 1);
INSERT INTO product_timeline_milestones (variant_id, milestone_text, sort_order) VALUES (96, 'Phase 3: Governance & Review', 2);
INSERT INTO product_timeline_milestones (variant_id, milestone_text, sort_order) VALUES (96, 'Phase 4: Operational Handover', 3);
INSERT INTO products (id, slug, title, short_description, collection_id, is_high_impact, audience, industry_relevance, department, business_impact, status) VALUES (16, 'workforce-management-high-impact', 'Workforce Management (High-Impact)', 'Assessment of workforce operations, scheduling maturity, employee coordination, workforce productivity, and operational optimization opportunities.', 'operations', true, 'Enterprise & Mid-Market', 'Cross-Industry', 'IT & Transformation', 'Significant operational improvements and risk reduction.', 'published');
INSERT INTO product_category_map (product_id, category_id) VALUES (16, 'modernise-technology') ON CONFLICT DO NOTHING;
INSERT INTO product_category_map (product_id, category_id) VALUES (16, 'improve-operations') ON CONFLICT DO NOTHING;
INSERT INTO product_variants (id, product_id, sku, slug, variant_name, service_type_id, duration_display, duration_weeks_min, duration_weeks_max, delivery_complexity, implementation_model, badge, positioning, is_default_variant, status) VALUES (97, 16, 'OPE-ADV-97', 'workforce-management-high-impact-assess-97', 'Assess', 'advisory', '1 Week', 1, 1, 'medium', 'TMaaS Managed Delivery', 'Advisory', '(High-Impact) Positioning Strategy', true, 'published');
INSERT INTO marketplace_listings (id, merchant_id, variant_id, listing_status, purchasability, popularity_score) VALUES (91, 1, 97, 'active', 'free', 100);
INSERT INTO variant_prices (listing_id, price_type, amount, price_display, billing_period, is_current) VALUES (91, 'list', 0, 'Free', 'one_time', true);
INSERT INTO product_content (variant_id, description, positioning) VALUES (97, 'Assessment of workforce operations, scheduling maturity, employee coordination, workforce productivity, and operational optimization opportunities.', '(High-Impact) Positioning Strategy');
INSERT INTO product_features (variant_id, feature_text, sort_order) VALUES (97, 'Architecture alignment for Workforce Management (High-Impact)', 0);
INSERT INTO product_features (variant_id, feature_text, sort_order) VALUES (97, 'Dedicated TMaaS specialist team', 1);
INSERT INTO product_features (variant_id, feature_text, sort_order) VALUES (97, 'SLA-backed governance and reporting', 2);
INSERT INTO product_features (variant_id, feature_text, sort_order) VALUES (97, 'Phased delivery and milestone tracking', 3);
INSERT INTO product_tags (variant_id, tag_name) VALUES (97, 'operations');
INSERT INTO product_tags (variant_id, tag_name) VALUES (97, 'advisory');
INSERT INTO product_tags (variant_id, tag_name) VALUES (97, 'transformation');
INSERT INTO product_tags (variant_id, tag_name) VALUES (97, 'high-impact');
INSERT INTO product_timeline_milestones (variant_id, milestone_text, sort_order) VALUES (97, 'Phase 1: Discovery & Alignment', 0);
INSERT INTO product_timeline_milestones (variant_id, milestone_text, sort_order) VALUES (97, 'Phase 2: Execution', 1);
INSERT INTO product_timeline_milestones (variant_id, milestone_text, sort_order) VALUES (97, 'Phase 3: Governance & Review', 2);
INSERT INTO product_timeline_milestones (variant_id, milestone_text, sort_order) VALUES (97, 'Phase 4: Operational Handover', 3);
INSERT INTO product_variants (id, product_id, sku, slug, variant_name, service_type_id, duration_display, duration_weeks_min, duration_weeks_max, delivery_complexity, implementation_model, badge, positioning, is_default_variant, status) VALUES (98, 16, 'OPE-DES-98', 'workforce-management-high-impact-design-98', 'Design', 'design', '4 Weeks', 4, 4, 'high', 'TMaaS Managed Delivery', 'Design', '(High-Impact) Positioning Strategy', false, 'published');
INSERT INTO marketplace_listings (id, merchant_id, variant_id, listing_status, purchasability, popularity_score) VALUES (92, 1, 98, 'active', 'buy_now', 99);
INSERT INTO variant_prices (listing_id, price_type, amount, price_display, billing_period, is_current) VALUES (92, 'from', 1000, 'From $1,000', 'one_time', true);
INSERT INTO product_content (variant_id, description, positioning) VALUES (98, 'Design of workforce management models, scheduling workflows, employee coordination structures, operational planning, and workforce enablement strategies.', '(High-Impact) Positioning Strategy');
INSERT INTO product_features (variant_id, feature_text, sort_order) VALUES (98, 'Architecture alignment for Workforce Management (High-Impact)', 0);
INSERT INTO product_features (variant_id, feature_text, sort_order) VALUES (98, 'Dedicated TMaaS specialist team', 1);
INSERT INTO product_features (variant_id, feature_text, sort_order) VALUES (98, 'SLA-backed governance and reporting', 2);
INSERT INTO product_features (variant_id, feature_text, sort_order) VALUES (98, 'Phased delivery and milestone tracking', 3);
INSERT INTO product_tags (variant_id, tag_name) VALUES (98, 'operations');
INSERT INTO product_tags (variant_id, tag_name) VALUES (98, 'design');
INSERT INTO product_tags (variant_id, tag_name) VALUES (98, 'transformation');
INSERT INTO product_tags (variant_id, tag_name) VALUES (98, 'high-impact');
INSERT INTO product_timeline_milestones (variant_id, milestone_text, sort_order) VALUES (98, 'Phase 1: Discovery & Alignment', 0);
INSERT INTO product_timeline_milestones (variant_id, milestone_text, sort_order) VALUES (98, 'Phase 2: Execution', 1);
INSERT INTO product_timeline_milestones (variant_id, milestone_text, sort_order) VALUES (98, 'Phase 3: Governance & Review', 2);
INSERT INTO product_timeline_milestones (variant_id, milestone_text, sort_order) VALUES (98, 'Phase 4: Operational Handover', 3);
INSERT INTO product_variants (id, product_id, sku, slug, variant_name, service_type_id, duration_display, duration_weeks_min, duration_weeks_max, delivery_complexity, implementation_model, badge, positioning, is_default_variant, status) VALUES (99, 16, 'OPE-AI_-99', 'workforce-management-high-impact-ai-design-99', 'AI Design', 'ai_design', '4 Weeks', 4, 4, 'high', 'TMaaS Managed Delivery', 'Ai Design', '(High-Impact) Positioning Strategy', false, 'published');
INSERT INTO marketplace_listings (id, merchant_id, variant_id, listing_status, purchasability, popularity_score) VALUES (93, 1, 99, 'active', 'buy_now', 98);
INSERT INTO variant_prices (listing_id, price_type, amount, price_display, billing_period, is_current) VALUES (93, 'from', 1000, 'From $1,000', 'one_time', true);
INSERT INTO product_content (variant_id, description, positioning) VALUES (99, 'Design of AI-powered workforce capabilities including intelligent scheduling, predictive workforce analytics, automation, and operational optimization.', '(High-Impact) Positioning Strategy');
INSERT INTO product_features (variant_id, feature_text, sort_order) VALUES (99, 'Architecture alignment for Workforce Management (High-Impact)', 0);
INSERT INTO product_features (variant_id, feature_text, sort_order) VALUES (99, 'Dedicated TMaaS specialist team', 1);
INSERT INTO product_features (variant_id, feature_text, sort_order) VALUES (99, 'SLA-backed governance and reporting', 2);
INSERT INTO product_features (variant_id, feature_text, sort_order) VALUES (99, 'Phased delivery and milestone tracking', 3);
INSERT INTO product_tags (variant_id, tag_name) VALUES (99, 'operations');
INSERT INTO product_tags (variant_id, tag_name) VALUES (99, 'ai_design');
INSERT INTO product_tags (variant_id, tag_name) VALUES (99, 'transformation');
INSERT INTO product_tags (variant_id, tag_name) VALUES (99, 'high-impact');
INSERT INTO product_timeline_milestones (variant_id, milestone_text, sort_order) VALUES (99, 'Phase 1: Discovery & Alignment', 0);
INSERT INTO product_timeline_milestones (variant_id, milestone_text, sort_order) VALUES (99, 'Phase 2: Execution', 1);
INSERT INTO product_timeline_milestones (variant_id, milestone_text, sort_order) VALUES (99, 'Phase 3: Governance & Review', 2);
INSERT INTO product_timeline_milestones (variant_id, milestone_text, sort_order) VALUES (99, 'Phase 4: Operational Handover', 3);
INSERT INTO product_variants (id, product_id, sku, slug, variant_name, service_type_id, duration_display, duration_weeks_min, duration_weeks_max, delivery_complexity, implementation_model, badge, positioning, is_default_variant, status) VALUES (100, 16, 'OPE-DEP-100', 'workforce-management-high-impact-implementation-100', 'Implementation', 'deploy', '12 Weeks', 12, 12, 'high', 'TMaaS Managed Delivery', 'Deploy', '(High-Impact) Positioning Strategy', false, 'published');
INSERT INTO marketplace_listings (id, merchant_id, variant_id, listing_status, purchasability, popularity_score) VALUES (94, 1, 100, 'active', 'request_quote', 97);
INSERT INTO variant_prices (listing_id, price_type, amount, price_display, billing_period, is_current) VALUES (94, 'custom_floor', NULL, 'Custom', 'one_time', true);
INSERT INTO product_content (variant_id, description, positioning) VALUES (100, 'Deployment and implementation of workforce management platforms, scheduling systems, workforce coordination environments, and operational workforce capabilities.', '(High-Impact) Positioning Strategy');
INSERT INTO product_features (variant_id, feature_text, sort_order) VALUES (100, 'Architecture alignment for Workforce Management (High-Impact)', 0);
INSERT INTO product_features (variant_id, feature_text, sort_order) VALUES (100, 'Dedicated TMaaS specialist team', 1);
INSERT INTO product_features (variant_id, feature_text, sort_order) VALUES (100, 'SLA-backed governance and reporting', 2);
INSERT INTO product_features (variant_id, feature_text, sort_order) VALUES (100, 'Phased delivery and milestone tracking', 3);
INSERT INTO product_tags (variant_id, tag_name) VALUES (100, 'operations');
INSERT INTO product_tags (variant_id, tag_name) VALUES (100, 'deploy');
INSERT INTO product_tags (variant_id, tag_name) VALUES (100, 'transformation');
INSERT INTO product_tags (variant_id, tag_name) VALUES (100, 'high-impact');
INSERT INTO product_timeline_milestones (variant_id, milestone_text, sort_order) VALUES (100, 'Phase 1: Discovery & Alignment', 0);
INSERT INTO product_timeline_milestones (variant_id, milestone_text, sort_order) VALUES (100, 'Phase 2: Execution', 1);
INSERT INTO product_timeline_milestones (variant_id, milestone_text, sort_order) VALUES (100, 'Phase 3: Governance & Review', 2);
INSERT INTO product_timeline_milestones (variant_id, milestone_text, sort_order) VALUES (100, 'Phase 4: Operational Handover', 3);
INSERT INTO product_variants (id, product_id, sku, slug, variant_name, service_type_id, duration_display, duration_weeks_min, duration_weeks_max, delivery_complexity, implementation_model, badge, positioning, is_default_variant, status) VALUES (101, 16, 'OPE-AI_-101', 'workforce-management-high-impact-ai-implementation-101', 'AI Implementation', 'ai_deploy', '12 Weeks', 12, 12, 'high', 'TMaaS Managed Delivery', 'Ai Deploy', '(High-Impact) Positioning Strategy', false, 'published');
INSERT INTO marketplace_listings (id, merchant_id, variant_id, listing_status, purchasability, popularity_score) VALUES (95, 1, 101, 'active', 'request_quote', 96);
INSERT INTO variant_prices (listing_id, price_type, amount, price_display, billing_period, is_current) VALUES (95, 'custom_floor', NULL, 'Custom', 'one_time', true);
INSERT INTO product_content (variant_id, description, positioning) VALUES (101, 'Deployment of AI-powered workforce optimization, intelligent scheduling, predictive workforce planning, and operational automation capabilities.', '(High-Impact) Positioning Strategy');
INSERT INTO product_features (variant_id, feature_text, sort_order) VALUES (101, 'Architecture alignment for Workforce Management (High-Impact)', 0);
INSERT INTO product_features (variant_id, feature_text, sort_order) VALUES (101, 'Dedicated TMaaS specialist team', 1);
INSERT INTO product_features (variant_id, feature_text, sort_order) VALUES (101, 'SLA-backed governance and reporting', 2);
INSERT INTO product_features (variant_id, feature_text, sort_order) VALUES (101, 'Phased delivery and milestone tracking', 3);
INSERT INTO product_tags (variant_id, tag_name) VALUES (101, 'operations');
INSERT INTO product_tags (variant_id, tag_name) VALUES (101, 'ai_deploy');
INSERT INTO product_tags (variant_id, tag_name) VALUES (101, 'transformation');
INSERT INTO product_tags (variant_id, tag_name) VALUES (101, 'high-impact');
INSERT INTO product_timeline_milestones (variant_id, milestone_text, sort_order) VALUES (101, 'Phase 1: Discovery & Alignment', 0);
INSERT INTO product_timeline_milestones (variant_id, milestone_text, sort_order) VALUES (101, 'Phase 2: Execution', 1);
INSERT INTO product_timeline_milestones (variant_id, milestone_text, sort_order) VALUES (101, 'Phase 3: Governance & Review', 2);
INSERT INTO product_timeline_milestones (variant_id, milestone_text, sort_order) VALUES (101, 'Phase 4: Operational Handover', 3);
INSERT INTO product_variants (id, product_id, sku, slug, variant_name, service_type_id, duration_display, duration_weeks_min, duration_weeks_max, delivery_complexity, implementation_model, badge, positioning, is_default_variant, status) VALUES (102, 16, 'OPE-MAN-102', 'workforce-management-high-impact-managed-service-102', 'Managed Service', 'manage', 'Ongoing', NULL, NULL, 'medium', 'TMaaS Managed Delivery', 'Manage', '(High-Impact) Positioning Strategy', false, 'published');
INSERT INTO marketplace_listings (id, merchant_id, variant_id, listing_status, purchasability, popularity_score) VALUES (96, 1, 102, 'active', 'buy_now', 95);
INSERT INTO variant_prices (listing_id, price_type, amount, price_display, billing_period, is_current) VALUES (96, 'list', NULL, 'Custom Monthly Plans', 'monthly', true);
INSERT INTO product_content (variant_id, description, positioning) VALUES (102, 'Managed workforce operations, scheduling optimisation, monitoring, support, reporting, and continuous workforce improvement services.', '(High-Impact) Positioning Strategy');
INSERT INTO product_features (variant_id, feature_text, sort_order) VALUES (102, 'Architecture alignment for Workforce Management (High-Impact)', 0);
INSERT INTO product_features (variant_id, feature_text, sort_order) VALUES (102, 'Dedicated TMaaS specialist team', 1);
INSERT INTO product_features (variant_id, feature_text, sort_order) VALUES (102, 'SLA-backed governance and reporting', 2);
INSERT INTO product_features (variant_id, feature_text, sort_order) VALUES (102, 'Phased delivery and milestone tracking', 3);
INSERT INTO product_tags (variant_id, tag_name) VALUES (102, 'manage');
INSERT INTO product_tags (variant_id, tag_name) VALUES (102, 'transformation');
INSERT INTO product_tags (variant_id, tag_name) VALUES (102, 'high-impact');
INSERT INTO product_tags (variant_id, tag_name) VALUES (102, 'operations');
INSERT INTO product_timeline_milestones (variant_id, milestone_text, sort_order) VALUES (102, 'Phase 1: Discovery & Alignment', 0);
INSERT INTO product_timeline_milestones (variant_id, milestone_text, sort_order) VALUES (102, 'Phase 2: Execution', 1);
INSERT INTO product_timeline_milestones (variant_id, milestone_text, sort_order) VALUES (102, 'Phase 3: Governance & Review', 2);
INSERT INTO product_timeline_milestones (variant_id, milestone_text, sort_order) VALUES (102, 'Phase 4: Operational Handover', 3);
INSERT INTO products (id, slug, title, short_description, collection_id, is_high_impact, audience, industry_relevance, department, business_impact, status) VALUES (17, 'enterprise-data-platform-high-impact', 'Enterprise Data Platform (High-Impact)', 'Assessment of enterprise data maturity, governance capabilities, operational data quality, platform readiness, and data transformation opportunities.', 'ai', true, 'Enterprise & Mid-Market', 'Cross-Industry', 'IT & Transformation', 'Significant operational improvements and risk reduction.', 'published');
INSERT INTO product_category_map (product_id, category_id) VALUES (17, 'modernise-technology') ON CONFLICT DO NOTHING;
INSERT INTO product_category_map (product_id, category_id) VALUES (17, 'improve-operations') ON CONFLICT DO NOTHING;
INSERT INTO product_variants (id, product_id, sku, slug, variant_name, service_type_id, duration_display, duration_weeks_min, duration_weeks_max, delivery_complexity, implementation_model, badge, positioning, is_default_variant, status) VALUES (103, 17, 'AI-ADV-103', 'enterprise-data-platform-high-impact-assess-103', 'Assess', 'advisory', '1 Week', 1, 1, 'medium', 'TMaaS Managed Delivery', 'Advisory', '(High-Impact) Positioning Strategy', true, 'published');
INSERT INTO marketplace_listings (id, merchant_id, variant_id, listing_status, purchasability, popularity_score) VALUES (97, 1, 103, 'active', 'free', 100);
INSERT INTO variant_prices (listing_id, price_type, amount, price_display, billing_period, is_current) VALUES (97, 'list', 0, 'Free', 'one_time', true);
INSERT INTO product_content (variant_id, description, positioning) VALUES (103, 'Assessment of enterprise data maturity, governance capabilities, operational data quality, platform readiness, and data transformation opportunities.', '(High-Impact) Positioning Strategy');
INSERT INTO product_features (variant_id, feature_text, sort_order) VALUES (103, 'Architecture alignment for Enterprise Data Platform (High-Impact)', 0);
INSERT INTO product_features (variant_id, feature_text, sort_order) VALUES (103, 'Dedicated TMaaS specialist team', 1);
INSERT INTO product_features (variant_id, feature_text, sort_order) VALUES (103, 'SLA-backed governance and reporting', 2);
INSERT INTO product_features (variant_id, feature_text, sort_order) VALUES (103, 'Phased delivery and milestone tracking', 3);
INSERT INTO product_tags (variant_id, tag_name) VALUES (103, 'data');
INSERT INTO product_tags (variant_id, tag_name) VALUES (103, 'advisory');
INSERT INTO product_tags (variant_id, tag_name) VALUES (103, 'transformation');
INSERT INTO product_tags (variant_id, tag_name) VALUES (103, 'high-impact');
INSERT INTO product_timeline_milestones (variant_id, milestone_text, sort_order) VALUES (103, 'Phase 1: Discovery & Alignment', 0);
INSERT INTO product_timeline_milestones (variant_id, milestone_text, sort_order) VALUES (103, 'Phase 2: Execution', 1);
INSERT INTO product_timeline_milestones (variant_id, milestone_text, sort_order) VALUES (103, 'Phase 3: Governance & Review', 2);
INSERT INTO product_timeline_milestones (variant_id, milestone_text, sort_order) VALUES (103, 'Phase 4: Operational Handover', 3);
INSERT INTO product_variants (id, product_id, sku, slug, variant_name, service_type_id, duration_display, duration_weeks_min, duration_weeks_max, delivery_complexity, implementation_model, badge, positioning, is_default_variant, status) VALUES (104, 17, 'AI-DES-104', 'enterprise-data-platform-high-impact-design-104', 'Design', 'design', '4 Weeks', 4, 4, 'high', 'TMaaS Managed Delivery', 'Design', '(High-Impact) Positioning Strategy', false, 'published');
INSERT INTO marketplace_listings (id, merchant_id, variant_id, listing_status, purchasability, popularity_score) VALUES (98, 1, 104, 'active', 'buy_now', 99);
INSERT INTO variant_prices (listing_id, price_type, amount, price_display, billing_period, is_current) VALUES (98, 'from', 1000, 'From $1,000', 'one_time', true);
INSERT INTO product_content (variant_id, description, positioning) VALUES (104, 'Design of enterprise data architectures, governance frameworks, data pipelines, operational data models, and scalable data platform strategies.', '(High-Impact) Positioning Strategy');
INSERT INTO product_features (variant_id, feature_text, sort_order) VALUES (104, 'Architecture alignment for Enterprise Data Platform (High-Impact)', 0);
INSERT INTO product_features (variant_id, feature_text, sort_order) VALUES (104, 'Dedicated TMaaS specialist team', 1);
INSERT INTO product_features (variant_id, feature_text, sort_order) VALUES (104, 'SLA-backed governance and reporting', 2);
INSERT INTO product_features (variant_id, feature_text, sort_order) VALUES (104, 'Phased delivery and milestone tracking', 3);
INSERT INTO product_tags (variant_id, tag_name) VALUES (104, 'data');
INSERT INTO product_tags (variant_id, tag_name) VALUES (104, 'design');
INSERT INTO product_tags (variant_id, tag_name) VALUES (104, 'transformation');
INSERT INTO product_tags (variant_id, tag_name) VALUES (104, 'high-impact');
INSERT INTO product_timeline_milestones (variant_id, milestone_text, sort_order) VALUES (104, 'Phase 1: Discovery & Alignment', 0);
INSERT INTO product_timeline_milestones (variant_id, milestone_text, sort_order) VALUES (104, 'Phase 2: Execution', 1);
INSERT INTO product_timeline_milestones (variant_id, milestone_text, sort_order) VALUES (104, 'Phase 3: Governance & Review', 2);
INSERT INTO product_timeline_milestones (variant_id, milestone_text, sort_order) VALUES (104, 'Phase 4: Operational Handover', 3);
INSERT INTO product_variants (id, product_id, sku, slug, variant_name, service_type_id, duration_display, duration_weeks_min, duration_weeks_max, delivery_complexity, implementation_model, badge, positioning, is_default_variant, status) VALUES (105, 17, 'AI-AI_-105', 'enterprise-data-platform-high-impact-ai-design-105', 'AI Design', 'ai_design', '4 Weeks', 4, 4, 'high', 'TMaaS Managed Delivery', 'Ai Design', '(High-Impact) Positioning Strategy', false, 'published');
INSERT INTO marketplace_listings (id, merchant_id, variant_id, listing_status, purchasability, popularity_score) VALUES (99, 1, 105, 'active', 'buy_now', 98);
INSERT INTO variant_prices (listing_id, price_type, amount, price_display, billing_period, is_current) VALUES (99, 'from', 1000, 'From $1,000', 'one_time', true);
INSERT INTO product_content (variant_id, description, positioning) VALUES (105, 'Design of AI-ready data capabilities including intelligent pipelines, automated governance, metadata intelligence, vector architectures, and operational data automation.', '(High-Impact) Positioning Strategy');
INSERT INTO product_features (variant_id, feature_text, sort_order) VALUES (105, 'Architecture alignment for Enterprise Data Platform (High-Impact)', 0);
INSERT INTO product_features (variant_id, feature_text, sort_order) VALUES (105, 'Dedicated TMaaS specialist team', 1);
INSERT INTO product_features (variant_id, feature_text, sort_order) VALUES (105, 'SLA-backed governance and reporting', 2);
INSERT INTO product_features (variant_id, feature_text, sort_order) VALUES (105, 'Phased delivery and milestone tracking', 3);
INSERT INTO product_tags (variant_id, tag_name) VALUES (105, 'data');
INSERT INTO product_tags (variant_id, tag_name) VALUES (105, 'ai_design');
INSERT INTO product_tags (variant_id, tag_name) VALUES (105, 'transformation');
INSERT INTO product_tags (variant_id, tag_name) VALUES (105, 'high-impact');
INSERT INTO product_timeline_milestones (variant_id, milestone_text, sort_order) VALUES (105, 'Phase 1: Discovery & Alignment', 0);
INSERT INTO product_timeline_milestones (variant_id, milestone_text, sort_order) VALUES (105, 'Phase 2: Execution', 1);
INSERT INTO product_timeline_milestones (variant_id, milestone_text, sort_order) VALUES (105, 'Phase 3: Governance & Review', 2);
INSERT INTO product_timeline_milestones (variant_id, milestone_text, sort_order) VALUES (105, 'Phase 4: Operational Handover', 3);
INSERT INTO product_variants (id, product_id, sku, slug, variant_name, service_type_id, duration_display, duration_weeks_min, duration_weeks_max, delivery_complexity, implementation_model, badge, positioning, is_default_variant, status) VALUES (106, 17, 'AI-DEP-106', 'enterprise-data-platform-high-impact-implementation-106', 'Implementation', 'deploy', '12 Weeks', 12, 12, 'high', 'TMaaS Managed Delivery', 'Deploy', '(High-Impact) Positioning Strategy', false, 'published');
INSERT INTO marketplace_listings (id, merchant_id, variant_id, listing_status, purchasability, popularity_score) VALUES (100, 1, 106, 'active', 'request_quote', 97);
INSERT INTO variant_prices (listing_id, price_type, amount, price_display, billing_period, is_current) VALUES (100, 'custom_floor', NULL, 'Custom', 'one_time', true);
INSERT INTO product_content (variant_id, description, positioning) VALUES (106, 'Deployment and implementation of enterprise data platforms, data pipelines, governance environments, operational data ecosystems, and scalable analytics foundations.', '(High-Impact) Positioning Strategy');
INSERT INTO product_features (variant_id, feature_text, sort_order) VALUES (106, 'Architecture alignment for Enterprise Data Platform (High-Impact)', 0);
INSERT INTO product_features (variant_id, feature_text, sort_order) VALUES (106, 'Dedicated TMaaS specialist team', 1);
INSERT INTO product_features (variant_id, feature_text, sort_order) VALUES (106, 'SLA-backed governance and reporting', 2);
INSERT INTO product_features (variant_id, feature_text, sort_order) VALUES (106, 'Phased delivery and milestone tracking', 3);
INSERT INTO product_tags (variant_id, tag_name) VALUES (106, 'data');
INSERT INTO product_tags (variant_id, tag_name) VALUES (106, 'deploy');
INSERT INTO product_tags (variant_id, tag_name) VALUES (106, 'transformation');
INSERT INTO product_tags (variant_id, tag_name) VALUES (106, 'high-impact');
INSERT INTO product_timeline_milestones (variant_id, milestone_text, sort_order) VALUES (106, 'Phase 1: Discovery & Alignment', 0);
INSERT INTO product_timeline_milestones (variant_id, milestone_text, sort_order) VALUES (106, 'Phase 2: Execution', 1);
INSERT INTO product_timeline_milestones (variant_id, milestone_text, sort_order) VALUES (106, 'Phase 3: Governance & Review', 2);
INSERT INTO product_timeline_milestones (variant_id, milestone_text, sort_order) VALUES (106, 'Phase 4: Operational Handover', 3);
INSERT INTO product_variants (id, product_id, sku, slug, variant_name, service_type_id, duration_display, duration_weeks_min, duration_weeks_max, delivery_complexity, implementation_model, badge, positioning, is_default_variant, status) VALUES (107, 17, 'AI-AI_-107', 'enterprise-data-platform-high-impact-ai-implementation-107', 'AI Implementation', 'ai_deploy', '12 Weeks', 12, 12, 'high', 'TMaaS Managed Delivery', 'Ai Deploy', '(High-Impact) Positioning Strategy', false, 'published');
INSERT INTO marketplace_listings (id, merchant_id, variant_id, listing_status, purchasability, popularity_score) VALUES (101, 1, 107, 'active', 'request_quote', 96);
INSERT INTO variant_prices (listing_id, price_type, amount, price_display, billing_period, is_current) VALUES (101, 'custom_floor', NULL, 'Custom', 'one_time', true);
INSERT INTO product_content (variant_id, description, positioning) VALUES (107, 'Deployment of AI-powered data automation, intelligent governance, metadata intelligence, operational data orchestration, and AI-ready platform capabilities.', '(High-Impact) Positioning Strategy');
INSERT INTO product_features (variant_id, feature_text, sort_order) VALUES (107, 'Architecture alignment for Enterprise Data Platform (High-Impact)', 0);
INSERT INTO product_features (variant_id, feature_text, sort_order) VALUES (107, 'Dedicated TMaaS specialist team', 1);
INSERT INTO product_features (variant_id, feature_text, sort_order) VALUES (107, 'SLA-backed governance and reporting', 2);
INSERT INTO product_features (variant_id, feature_text, sort_order) VALUES (107, 'Phased delivery and milestone tracking', 3);
INSERT INTO product_tags (variant_id, tag_name) VALUES (107, 'data');
INSERT INTO product_tags (variant_id, tag_name) VALUES (107, 'ai_deploy');
INSERT INTO product_tags (variant_id, tag_name) VALUES (107, 'transformation');
INSERT INTO product_tags (variant_id, tag_name) VALUES (107, 'high-impact');
INSERT INTO product_timeline_milestones (variant_id, milestone_text, sort_order) VALUES (107, 'Phase 1: Discovery & Alignment', 0);
INSERT INTO product_timeline_milestones (variant_id, milestone_text, sort_order) VALUES (107, 'Phase 2: Execution', 1);
INSERT INTO product_timeline_milestones (variant_id, milestone_text, sort_order) VALUES (107, 'Phase 3: Governance & Review', 2);
INSERT INTO product_timeline_milestones (variant_id, milestone_text, sort_order) VALUES (107, 'Phase 4: Operational Handover', 3);
INSERT INTO product_variants (id, product_id, sku, slug, variant_name, service_type_id, duration_display, duration_weeks_min, duration_weeks_max, delivery_complexity, implementation_model, badge, positioning, is_default_variant, status) VALUES (108, 17, 'AI-MAN-108', 'enterprise-data-platform-high-impact-managed-service-108', 'Managed Service', 'manage', 'Ongoing', NULL, NULL, 'medium', 'TMaaS Managed Delivery', 'Manage', '(High-Impact) Positioning Strategy', false, 'published');
INSERT INTO marketplace_listings (id, merchant_id, variant_id, listing_status, purchasability, popularity_score) VALUES (102, 1, 108, 'active', 'buy_now', 95);
INSERT INTO variant_prices (listing_id, price_type, amount, price_display, billing_period, is_current) VALUES (102, 'list', NULL, 'Custom Monthly Plans', 'monthly', true);
INSERT INTO product_content (variant_id, description, positioning) VALUES (108, 'Managed data platform operations, governance monitoring, optimisation, support, reporting, and continuous enterprise data improvement services.', '(High-Impact) Positioning Strategy');
INSERT INTO product_features (variant_id, feature_text, sort_order) VALUES (108, 'Architecture alignment for Enterprise Data Platform (High-Impact)', 0);
INSERT INTO product_features (variant_id, feature_text, sort_order) VALUES (108, 'Dedicated TMaaS specialist team', 1);
INSERT INTO product_features (variant_id, feature_text, sort_order) VALUES (108, 'SLA-backed governance and reporting', 2);
INSERT INTO product_features (variant_id, feature_text, sort_order) VALUES (108, 'Phased delivery and milestone tracking', 3);
INSERT INTO product_tags (variant_id, tag_name) VALUES (108, 'data');
INSERT INTO product_tags (variant_id, tag_name) VALUES (108, 'manage');
INSERT INTO product_tags (variant_id, tag_name) VALUES (108, 'transformation');
INSERT INTO product_tags (variant_id, tag_name) VALUES (108, 'high-impact');
INSERT INTO product_tags (variant_id, tag_name) VALUES (108, 'operations');
INSERT INTO product_timeline_milestones (variant_id, milestone_text, sort_order) VALUES (108, 'Phase 1: Discovery & Alignment', 0);
INSERT INTO product_timeline_milestones (variant_id, milestone_text, sort_order) VALUES (108, 'Phase 2: Execution', 1);
INSERT INTO product_timeline_milestones (variant_id, milestone_text, sort_order) VALUES (108, 'Phase 3: Governance & Review', 2);
INSERT INTO product_timeline_milestones (variant_id, milestone_text, sort_order) VALUES (108, 'Phase 4: Operational Handover', 3);
INSERT INTO products (id, slug, title, short_description, collection_id, is_high_impact, audience, industry_relevance, department, business_impact, status) VALUES (18, 'business-intelligence-analytics-high-impact', 'Business Intelligence & Analytics (High-Impact)', 'Assessment of reporting maturity, decision intelligence capabilities, analytics readiness, operational visibility, and enterprise intelligence opportunities.', 'ai', true, 'Enterprise & Mid-Market', 'Cross-Industry', 'IT & Transformation', 'Significant operational improvements and risk reduction.', 'published');
INSERT INTO product_category_map (product_id, category_id) VALUES (18, 'modernise-technology') ON CONFLICT DO NOTHING;
INSERT INTO product_category_map (product_id, category_id) VALUES (18, 'improve-operations') ON CONFLICT DO NOTHING;
INSERT INTO product_variants (id, product_id, sku, slug, variant_name, service_type_id, duration_display, duration_weeks_min, duration_weeks_max, delivery_complexity, implementation_model, badge, positioning, is_default_variant, status) VALUES (109, 18, 'AI-ADV-109', 'business-intelligence-analytics-high-impact-assess-109', 'Assess', 'advisory', '1 Week', 1, 1, 'medium', 'TMaaS Managed Delivery', 'Advisory', '(High-Impact) Positioning Strategy', true, 'published');
INSERT INTO marketplace_listings (id, merchant_id, variant_id, listing_status, purchasability, popularity_score) VALUES (103, 1, 109, 'active', 'free', 100);
INSERT INTO variant_prices (listing_id, price_type, amount, price_display, billing_period, is_current) VALUES (103, 'list', 0, 'Free', 'one_time', true);
INSERT INTO product_content (variant_id, description, positioning) VALUES (109, 'Assessment of reporting maturity, decision intelligence capabilities, analytics readiness, operational visibility, and enterprise intelligence opportunities.', '(High-Impact) Positioning Strategy');
INSERT INTO product_features (variant_id, feature_text, sort_order) VALUES (109, 'Architecture alignment for Business Intelligence & Analytics (High-Impact)', 0);
INSERT INTO product_features (variant_id, feature_text, sort_order) VALUES (109, 'Dedicated TMaaS specialist team', 1);
INSERT INTO product_features (variant_id, feature_text, sort_order) VALUES (109, 'SLA-backed governance and reporting', 2);
INSERT INTO product_features (variant_id, feature_text, sort_order) VALUES (109, 'Phased delivery and milestone tracking', 3);
INSERT INTO product_tags (variant_id, tag_name) VALUES (109, 'ai');
INSERT INTO product_tags (variant_id, tag_name) VALUES (109, 'advisory');
INSERT INTO product_tags (variant_id, tag_name) VALUES (109, 'transformation');
INSERT INTO product_tags (variant_id, tag_name) VALUES (109, 'high-impact');
INSERT INTO product_timeline_milestones (variant_id, milestone_text, sort_order) VALUES (109, 'Phase 1: Discovery & Alignment', 0);
INSERT INTO product_timeline_milestones (variant_id, milestone_text, sort_order) VALUES (109, 'Phase 2: Execution', 1);
INSERT INTO product_timeline_milestones (variant_id, milestone_text, sort_order) VALUES (109, 'Phase 3: Governance & Review', 2);
INSERT INTO product_timeline_milestones (variant_id, milestone_text, sort_order) VALUES (109, 'Phase 4: Operational Handover', 3);
INSERT INTO product_variants (id, product_id, sku, slug, variant_name, service_type_id, duration_display, duration_weeks_min, duration_weeks_max, delivery_complexity, implementation_model, badge, positioning, is_default_variant, status) VALUES (110, 18, 'AI-DES-110', 'business-intelligence-analytics-high-impact-design-110', 'Design', 'design', '4 Weeks', 4, 4, 'high', 'TMaaS Managed Delivery', 'Design', '(High-Impact) Positioning Strategy', false, 'published');
INSERT INTO marketplace_listings (id, merchant_id, variant_id, listing_status, purchasability, popularity_score) VALUES (104, 1, 110, 'active', 'buy_now', 99);
INSERT INTO variant_prices (listing_id, price_type, amount, price_display, billing_period, is_current) VALUES (104, 'from', 1000, 'From $1,000', 'one_time', true);
INSERT INTO product_content (variant_id, description, positioning) VALUES (110, 'Design of business intelligence frameworks, KPI models, analytics workflows, forecasting environments, executive reporting structures, and operational intelligence strategies.', '(High-Impact) Positioning Strategy');
INSERT INTO product_features (variant_id, feature_text, sort_order) VALUES (110, 'Architecture alignment for Business Intelligence & Analytics (High-Impact)', 0);
INSERT INTO product_features (variant_id, feature_text, sort_order) VALUES (110, 'Dedicated TMaaS specialist team', 1);
INSERT INTO product_features (variant_id, feature_text, sort_order) VALUES (110, 'SLA-backed governance and reporting', 2);
INSERT INTO product_features (variant_id, feature_text, sort_order) VALUES (110, 'Phased delivery and milestone tracking', 3);
INSERT INTO product_tags (variant_id, tag_name) VALUES (110, 'ai');
INSERT INTO product_tags (variant_id, tag_name) VALUES (110, 'design');
INSERT INTO product_tags (variant_id, tag_name) VALUES (110, 'transformation');
INSERT INTO product_tags (variant_id, tag_name) VALUES (110, 'high-impact');
INSERT INTO product_timeline_milestones (variant_id, milestone_text, sort_order) VALUES (110, 'Phase 1: Discovery & Alignment', 0);
INSERT INTO product_timeline_milestones (variant_id, milestone_text, sort_order) VALUES (110, 'Phase 2: Execution', 1);
INSERT INTO product_timeline_milestones (variant_id, milestone_text, sort_order) VALUES (110, 'Phase 3: Governance & Review', 2);
INSERT INTO product_timeline_milestones (variant_id, milestone_text, sort_order) VALUES (110, 'Phase 4: Operational Handover', 3);
INSERT INTO product_variants (id, product_id, sku, slug, variant_name, service_type_id, duration_display, duration_weeks_min, duration_weeks_max, delivery_complexity, implementation_model, badge, positioning, is_default_variant, status) VALUES (111, 18, 'AI-AI_-111', 'business-intelligence-analytics-high-impact-ai-design-111', 'AI Design', 'ai_design', '4 Weeks', 4, 4, 'high', 'TMaaS Managed Delivery', 'Ai Design', '(High-Impact) Positioning Strategy', false, 'published');
INSERT INTO marketplace_listings (id, merchant_id, variant_id, listing_status, purchasability, popularity_score) VALUES (105, 1, 111, 'active', 'buy_now', 98);
INSERT INTO variant_prices (listing_id, price_type, amount, price_display, billing_period, is_current) VALUES (105, 'from', 1000, 'From $1,000', 'one_time', true);
INSERT INTO product_content (variant_id, description, positioning) VALUES (111, 'Design of AI-powered analytics capabilities including predictive intelligence, intelligent forecasting, process intelligence, anomaly detection, and operational analytics automation.', '(High-Impact) Positioning Strategy');
INSERT INTO product_features (variant_id, feature_text, sort_order) VALUES (111, 'Architecture alignment for Business Intelligence & Analytics (High-Impact)', 0);
INSERT INTO product_features (variant_id, feature_text, sort_order) VALUES (111, 'Dedicated TMaaS specialist team', 1);
INSERT INTO product_features (variant_id, feature_text, sort_order) VALUES (111, 'SLA-backed governance and reporting', 2);
INSERT INTO product_features (variant_id, feature_text, sort_order) VALUES (111, 'Phased delivery and milestone tracking', 3);
INSERT INTO product_tags (variant_id, tag_name) VALUES (111, 'ai');
INSERT INTO product_tags (variant_id, tag_name) VALUES (111, 'ai_design');
INSERT INTO product_tags (variant_id, tag_name) VALUES (111, 'transformation');
INSERT INTO product_tags (variant_id, tag_name) VALUES (111, 'high-impact');
INSERT INTO product_timeline_milestones (variant_id, milestone_text, sort_order) VALUES (111, 'Phase 1: Discovery & Alignment', 0);
INSERT INTO product_timeline_milestones (variant_id, milestone_text, sort_order) VALUES (111, 'Phase 2: Execution', 1);
INSERT INTO product_timeline_milestones (variant_id, milestone_text, sort_order) VALUES (111, 'Phase 3: Governance & Review', 2);
INSERT INTO product_timeline_milestones (variant_id, milestone_text, sort_order) VALUES (111, 'Phase 4: Operational Handover', 3);
INSERT INTO product_variants (id, product_id, sku, slug, variant_name, service_type_id, duration_display, duration_weeks_min, duration_weeks_max, delivery_complexity, implementation_model, badge, positioning, is_default_variant, status) VALUES (112, 18, 'AI-DEP-112', 'business-intelligence-analytics-high-impact-implementation-112', 'Implementation', 'deploy', '12 Weeks', 12, 12, 'high', 'TMaaS Managed Delivery', 'Deploy', '(High-Impact) Positioning Strategy', false, 'published');
INSERT INTO marketplace_listings (id, merchant_id, variant_id, listing_status, purchasability, popularity_score) VALUES (106, 1, 112, 'active', 'request_quote', 97);
INSERT INTO variant_prices (listing_id, price_type, amount, price_display, billing_period, is_current) VALUES (106, 'custom_floor', NULL, 'Custom', 'one_time', true);
INSERT INTO product_content (variant_id, description, positioning) VALUES (112, 'Deployment and implementation of analytics platforms, reporting systems, executive dashboards, operational intelligence environments, and enterprise analytics capabilities.', '(High-Impact) Positioning Strategy');
INSERT INTO product_features (variant_id, feature_text, sort_order) VALUES (112, 'Architecture alignment for Business Intelligence & Analytics (High-Impact)', 0);
INSERT INTO product_features (variant_id, feature_text, sort_order) VALUES (112, 'Dedicated TMaaS specialist team', 1);
INSERT INTO product_features (variant_id, feature_text, sort_order) VALUES (112, 'SLA-backed governance and reporting', 2);
INSERT INTO product_features (variant_id, feature_text, sort_order) VALUES (112, 'Phased delivery and milestone tracking', 3);
INSERT INTO product_tags (variant_id, tag_name) VALUES (112, 'ai');
INSERT INTO product_tags (variant_id, tag_name) VALUES (112, 'deploy');
INSERT INTO product_tags (variant_id, tag_name) VALUES (112, 'transformation');
INSERT INTO product_tags (variant_id, tag_name) VALUES (112, 'high-impact');
INSERT INTO product_timeline_milestones (variant_id, milestone_text, sort_order) VALUES (112, 'Phase 1: Discovery & Alignment', 0);
INSERT INTO product_timeline_milestones (variant_id, milestone_text, sort_order) VALUES (112, 'Phase 2: Execution', 1);
INSERT INTO product_timeline_milestones (variant_id, milestone_text, sort_order) VALUES (112, 'Phase 3: Governance & Review', 2);
INSERT INTO product_timeline_milestones (variant_id, milestone_text, sort_order) VALUES (112, 'Phase 4: Operational Handover', 3);
INSERT INTO product_variants (id, product_id, sku, slug, variant_name, service_type_id, duration_display, duration_weeks_min, duration_weeks_max, delivery_complexity, implementation_model, badge, positioning, is_default_variant, status) VALUES (113, 18, 'AI-AI_-113', 'business-intelligence-analytics-high-impact-ai-implementation-113', 'AI Implementation', 'ai_deploy', '12 Weeks', 12, 12, 'high', 'TMaaS Managed Delivery', 'Ai Deploy', '(High-Impact) Positioning Strategy', false, 'published');
INSERT INTO marketplace_listings (id, merchant_id, variant_id, listing_status, purchasability, popularity_score) VALUES (107, 1, 113, 'active', 'request_quote', 96);
INSERT INTO variant_prices (listing_id, price_type, amount, price_display, billing_period, is_current) VALUES (107, 'custom_floor', NULL, 'Custom', 'one_time', true);
INSERT INTO product_content (variant_id, description, positioning) VALUES (113, 'Deployment of AI-powered analytics automation, predictive intelligence, forecasting environments, anomaly detection, and intelligent reporting capabilities.', '(High-Impact) Positioning Strategy');
INSERT INTO product_features (variant_id, feature_text, sort_order) VALUES (113, 'Architecture alignment for Business Intelligence & Analytics (High-Impact)', 0);
INSERT INTO product_features (variant_id, feature_text, sort_order) VALUES (113, 'Dedicated TMaaS specialist team', 1);
INSERT INTO product_features (variant_id, feature_text, sort_order) VALUES (113, 'SLA-backed governance and reporting', 2);
INSERT INTO product_features (variant_id, feature_text, sort_order) VALUES (113, 'Phased delivery and milestone tracking', 3);
INSERT INTO product_tags (variant_id, tag_name) VALUES (113, 'ai');
INSERT INTO product_tags (variant_id, tag_name) VALUES (113, 'ai_deploy');
INSERT INTO product_tags (variant_id, tag_name) VALUES (113, 'transformation');
INSERT INTO product_tags (variant_id, tag_name) VALUES (113, 'high-impact');
INSERT INTO product_timeline_milestones (variant_id, milestone_text, sort_order) VALUES (113, 'Phase 1: Discovery & Alignment', 0);
INSERT INTO product_timeline_milestones (variant_id, milestone_text, sort_order) VALUES (113, 'Phase 2: Execution', 1);
INSERT INTO product_timeline_milestones (variant_id, milestone_text, sort_order) VALUES (113, 'Phase 3: Governance & Review', 2);
INSERT INTO product_timeline_milestones (variant_id, milestone_text, sort_order) VALUES (113, 'Phase 4: Operational Handover', 3);
INSERT INTO product_variants (id, product_id, sku, slug, variant_name, service_type_id, duration_display, duration_weeks_min, duration_weeks_max, delivery_complexity, implementation_model, badge, positioning, is_default_variant, status) VALUES (114, 18, 'AI-MAN-114', 'business-intelligence-analytics-high-impact-managed-service-114', 'Managed Service', 'manage', 'Ongoing', NULL, NULL, 'medium', 'TMaaS Managed Delivery', 'Manage', '(High-Impact) Positioning Strategy', false, 'published');
INSERT INTO marketplace_listings (id, merchant_id, variant_id, listing_status, purchasability, popularity_score) VALUES (108, 1, 114, 'active', 'buy_now', 95);
INSERT INTO variant_prices (listing_id, price_type, amount, price_display, billing_period, is_current) VALUES (108, 'list', NULL, 'Custom Monthly Plans', 'monthly', true);
INSERT INTO product_content (variant_id, description, positioning) VALUES (114, 'Managed analytics operations, dashboard optimisation, reporting support, monitoring, operational intelligence management, and continuous analytics improvement services.', '(High-Impact) Positioning Strategy');
INSERT INTO product_features (variant_id, feature_text, sort_order) VALUES (114, 'Architecture alignment for Business Intelligence & Analytics (High-Impact)', 0);
INSERT INTO product_features (variant_id, feature_text, sort_order) VALUES (114, 'Dedicated TMaaS specialist team', 1);
INSERT INTO product_features (variant_id, feature_text, sort_order) VALUES (114, 'SLA-backed governance and reporting', 2);
INSERT INTO product_features (variant_id, feature_text, sort_order) VALUES (114, 'Phased delivery and milestone tracking', 3);
INSERT INTO product_tags (variant_id, tag_name) VALUES (114, 'ai');
INSERT INTO product_tags (variant_id, tag_name) VALUES (114, 'manage');
INSERT INTO product_tags (variant_id, tag_name) VALUES (114, 'transformation');
INSERT INTO product_tags (variant_id, tag_name) VALUES (114, 'high-impact');
INSERT INTO product_tags (variant_id, tag_name) VALUES (114, 'operations');
INSERT INTO product_timeline_milestones (variant_id, milestone_text, sort_order) VALUES (114, 'Phase 1: Discovery & Alignment', 0);
INSERT INTO product_timeline_milestones (variant_id, milestone_text, sort_order) VALUES (114, 'Phase 2: Execution', 1);
INSERT INTO product_timeline_milestones (variant_id, milestone_text, sort_order) VALUES (114, 'Phase 3: Governance & Review', 2);
INSERT INTO product_timeline_milestones (variant_id, milestone_text, sort_order) VALUES (114, 'Phase 4: Operational Handover', 3);
INSERT INTO products (id, slug, title, short_description, collection_id, is_high_impact, audience, industry_relevance, department, business_impact, status) VALUES (19, 'enterprise-ai-automation-high-impact', 'Enterprise AI & Automation (High-Impact)', 'Strategic assessment of AI readiness, automation opportunities, operational intelligence maturity, and enterprise AI transformation potential.', 'ai', true, 'Enterprise & Mid-Market', 'Cross-Industry', 'IT & Transformation', 'Significant operational improvements and risk reduction.', 'published');
INSERT INTO product_category_map (product_id, category_id) VALUES (19, 'modernise-technology') ON CONFLICT DO NOTHING;
INSERT INTO product_category_map (product_id, category_id) VALUES (19, 'improve-operations') ON CONFLICT DO NOTHING;
INSERT INTO product_variants (id, product_id, sku, slug, variant_name, service_type_id, duration_display, duration_weeks_min, duration_weeks_max, delivery_complexity, implementation_model, badge, positioning, is_default_variant, status) VALUES (115, 19, 'AI-ADV-115', 'enterprise-ai-automation-high-impact-assess-115', 'Assess', 'advisory', '1 Week', 1, 1, 'medium', 'TMaaS Managed Delivery', 'Advisory', '(High-Impact) Positioning Strategy', true, 'published');
INSERT INTO marketplace_listings (id, merchant_id, variant_id, listing_status, purchasability, popularity_score) VALUES (109, 1, 115, 'active', 'free', 100);
INSERT INTO variant_prices (listing_id, price_type, amount, price_display, billing_period, is_current) VALUES (109, 'list', 0, 'Free', 'one_time', true);
INSERT INTO product_content (variant_id, description, positioning) VALUES (115, 'Strategic assessment of AI readiness, automation opportunities, operational intelligence maturity, and enterprise AI transformation potential.', '(High-Impact) Positioning Strategy');
INSERT INTO product_features (variant_id, feature_text, sort_order) VALUES (115, 'Architecture alignment for Enterprise AI & Automation (High-Impact)', 0);
INSERT INTO product_features (variant_id, feature_text, sort_order) VALUES (115, 'Dedicated TMaaS specialist team', 1);
INSERT INTO product_features (variant_id, feature_text, sort_order) VALUES (115, 'SLA-backed governance and reporting', 2);
INSERT INTO product_features (variant_id, feature_text, sort_order) VALUES (115, 'Phased delivery and milestone tracking', 3);
INSERT INTO product_tags (variant_id, tag_name) VALUES (115, 'ai');
INSERT INTO product_tags (variant_id, tag_name) VALUES (115, 'advisory');
INSERT INTO product_tags (variant_id, tag_name) VALUES (115, 'transformation');
INSERT INTO product_tags (variant_id, tag_name) VALUES (115, 'high-impact');
INSERT INTO product_timeline_milestones (variant_id, milestone_text, sort_order) VALUES (115, 'Phase 1: Discovery & Alignment', 0);
INSERT INTO product_timeline_milestones (variant_id, milestone_text, sort_order) VALUES (115, 'Phase 2: Execution', 1);
INSERT INTO product_timeline_milestones (variant_id, milestone_text, sort_order) VALUES (115, 'Phase 3: Governance & Review', 2);
INSERT INTO product_timeline_milestones (variant_id, milestone_text, sort_order) VALUES (115, 'Phase 4: Operational Handover', 3);
INSERT INTO product_variants (id, product_id, sku, slug, variant_name, service_type_id, duration_display, duration_weeks_min, duration_weeks_max, delivery_complexity, implementation_model, badge, positioning, is_default_variant, status) VALUES (116, 19, 'AI-DES-116', 'enterprise-ai-automation-high-impact-design-116', 'Design', 'design', '4 Weeks', 4, 4, 'high', 'TMaaS Managed Delivery', 'Design', '(High-Impact) Positioning Strategy', false, 'published');
INSERT INTO marketplace_listings (id, merchant_id, variant_id, listing_status, purchasability, popularity_score) VALUES (110, 1, 116, 'active', 'buy_now', 99);
INSERT INTO variant_prices (listing_id, price_type, amount, price_display, billing_period, is_current) VALUES (110, 'from', 1000, 'From $1,000', 'one_time', true);
INSERT INTO product_content (variant_id, description, positioning) VALUES (116, 'Design of enterprise AI operating models, intelligent automation architectures, AI assistants, agents, copilots, and cognitive operational workflows.', '(High-Impact) Positioning Strategy');
INSERT INTO product_features (variant_id, feature_text, sort_order) VALUES (116, 'Architecture alignment for Enterprise AI & Automation (High-Impact)', 0);
INSERT INTO product_features (variant_id, feature_text, sort_order) VALUES (116, 'Dedicated TMaaS specialist team', 1);
INSERT INTO product_features (variant_id, feature_text, sort_order) VALUES (116, 'SLA-backed governance and reporting', 2);
INSERT INTO product_features (variant_id, feature_text, sort_order) VALUES (116, 'Phased delivery and milestone tracking', 3);
INSERT INTO product_tags (variant_id, tag_name) VALUES (116, 'ai');
INSERT INTO product_tags (variant_id, tag_name) VALUES (116, 'design');
INSERT INTO product_tags (variant_id, tag_name) VALUES (116, 'transformation');
INSERT INTO product_tags (variant_id, tag_name) VALUES (116, 'high-impact');
INSERT INTO product_timeline_milestones (variant_id, milestone_text, sort_order) VALUES (116, 'Phase 1: Discovery & Alignment', 0);
INSERT INTO product_timeline_milestones (variant_id, milestone_text, sort_order) VALUES (116, 'Phase 2: Execution', 1);
INSERT INTO product_timeline_milestones (variant_id, milestone_text, sort_order) VALUES (116, 'Phase 3: Governance & Review', 2);
INSERT INTO product_timeline_milestones (variant_id, milestone_text, sort_order) VALUES (116, 'Phase 4: Operational Handover', 3);
INSERT INTO product_variants (id, product_id, sku, slug, variant_name, service_type_id, duration_display, duration_weeks_min, duration_weeks_max, delivery_complexity, implementation_model, badge, positioning, is_default_variant, status) VALUES (117, 19, 'AI-AI_-117', 'enterprise-ai-automation-high-impact-ai-design-117', 'AI Design', 'ai_design', '4 Weeks', 4, 4, 'high', 'TMaaS Managed Delivery', 'Ai Design', '(High-Impact) Positioning Strategy', false, 'published');
INSERT INTO marketplace_listings (id, merchant_id, variant_id, listing_status, purchasability, popularity_score) VALUES (111, 1, 117, 'active', 'buy_now', 98);
INSERT INTO variant_prices (listing_id, price_type, amount, price_display, billing_period, is_current) VALUES (111, 'from', 1000, 'From $1,000', 'one_time', true);
INSERT INTO product_content (variant_id, description, positioning) VALUES (117, 'Design of advanced AI ecosystems including agents, copilots, PromptOps, ModelOps, knowledge architectures, automation frameworks, and intelligent orchestration environments.', '(High-Impact) Positioning Strategy');
INSERT INTO product_features (variant_id, feature_text, sort_order) VALUES (117, 'Architecture alignment for Enterprise AI & Automation (High-Impact)', 0);
INSERT INTO product_features (variant_id, feature_text, sort_order) VALUES (117, 'Dedicated TMaaS specialist team', 1);
INSERT INTO product_features (variant_id, feature_text, sort_order) VALUES (117, 'SLA-backed governance and reporting', 2);
INSERT INTO product_features (variant_id, feature_text, sort_order) VALUES (117, 'Phased delivery and milestone tracking', 3);
INSERT INTO product_tags (variant_id, tag_name) VALUES (117, 'ai');
INSERT INTO product_tags (variant_id, tag_name) VALUES (117, 'ai_design');
INSERT INTO product_tags (variant_id, tag_name) VALUES (117, 'transformation');
INSERT INTO product_tags (variant_id, tag_name) VALUES (117, 'high-impact');
INSERT INTO product_timeline_milestones (variant_id, milestone_text, sort_order) VALUES (117, 'Phase 1: Discovery & Alignment', 0);
INSERT INTO product_timeline_milestones (variant_id, milestone_text, sort_order) VALUES (117, 'Phase 2: Execution', 1);
INSERT INTO product_timeline_milestones (variant_id, milestone_text, sort_order) VALUES (117, 'Phase 3: Governance & Review', 2);
INSERT INTO product_timeline_milestones (variant_id, milestone_text, sort_order) VALUES (117, 'Phase 4: Operational Handover', 3);
INSERT INTO product_variants (id, product_id, sku, slug, variant_name, service_type_id, duration_display, duration_weeks_min, duration_weeks_max, delivery_complexity, implementation_model, badge, positioning, is_default_variant, status) VALUES (118, 19, 'AI-DEP-118', 'enterprise-ai-automation-high-impact-implementation-118', 'Implementation', 'deploy', '12 Weeks', 12, 12, 'high', 'TMaaS Managed Delivery', 'Deploy', '(High-Impact) Positioning Strategy', false, 'published');
INSERT INTO marketplace_listings (id, merchant_id, variant_id, listing_status, purchasability, popularity_score) VALUES (112, 1, 118, 'active', 'request_quote', 97);
INSERT INTO variant_prices (listing_id, price_type, amount, price_display, billing_period, is_current) VALUES (112, 'custom_floor', NULL, 'Custom', 'one_time', true);
INSERT INTO product_content (variant_id, description, positioning) VALUES (118, 'Deployment and implementation of enterprise AI platforms, intelligent assistants, operational automation environments, and AI-driven business capabilities.', '(High-Impact) Positioning Strategy');
INSERT INTO product_features (variant_id, feature_text, sort_order) VALUES (118, 'Architecture alignment for Enterprise AI & Automation (High-Impact)', 0);
INSERT INTO product_features (variant_id, feature_text, sort_order) VALUES (118, 'Dedicated TMaaS specialist team', 1);
INSERT INTO product_features (variant_id, feature_text, sort_order) VALUES (118, 'SLA-backed governance and reporting', 2);
INSERT INTO product_features (variant_id, feature_text, sort_order) VALUES (118, 'Phased delivery and milestone tracking', 3);
INSERT INTO product_tags (variant_id, tag_name) VALUES (118, 'ai');
INSERT INTO product_tags (variant_id, tag_name) VALUES (118, 'deploy');
INSERT INTO product_tags (variant_id, tag_name) VALUES (118, 'transformation');
INSERT INTO product_tags (variant_id, tag_name) VALUES (118, 'high-impact');
INSERT INTO product_timeline_milestones (variant_id, milestone_text, sort_order) VALUES (118, 'Phase 1: Discovery & Alignment', 0);
INSERT INTO product_timeline_milestones (variant_id, milestone_text, sort_order) VALUES (118, 'Phase 2: Execution', 1);
INSERT INTO product_timeline_milestones (variant_id, milestone_text, sort_order) VALUES (118, 'Phase 3: Governance & Review', 2);
INSERT INTO product_timeline_milestones (variant_id, milestone_text, sort_order) VALUES (118, 'Phase 4: Operational Handover', 3);
INSERT INTO product_variants (id, product_id, sku, slug, variant_name, service_type_id, duration_display, duration_weeks_min, duration_weeks_max, delivery_complexity, implementation_model, badge, positioning, is_default_variant, status) VALUES (119, 19, 'AI-AI_-119', 'enterprise-ai-automation-high-impact-ai-implementation-119', 'AI Implementation', 'ai_deploy', '12 Weeks', 12, 12, 'high', 'TMaaS Managed Delivery', 'Ai Deploy', '(High-Impact) Positioning Strategy', false, 'published');
INSERT INTO marketplace_listings (id, merchant_id, variant_id, listing_status, purchasability, popularity_score) VALUES (113, 1, 119, 'active', 'request_quote', 96);
INSERT INTO variant_prices (listing_id, price_type, amount, price_display, billing_period, is_current) VALUES (113, 'custom_floor', NULL, 'Custom', 'one_time', true);
INSERT INTO product_content (variant_id, description, positioning) VALUES (119, 'Deployment of advanced AI agents, intelligent copilots, cognitive automation frameworks, AI orchestration environments, and enterprise operational intelligence capabilities.', '(High-Impact) Positioning Strategy');
INSERT INTO product_features (variant_id, feature_text, sort_order) VALUES (119, 'Architecture alignment for Enterprise AI & Automation (High-Impact)', 0);
INSERT INTO product_features (variant_id, feature_text, sort_order) VALUES (119, 'Dedicated TMaaS specialist team', 1);
INSERT INTO product_features (variant_id, feature_text, sort_order) VALUES (119, 'SLA-backed governance and reporting', 2);
INSERT INTO product_features (variant_id, feature_text, sort_order) VALUES (119, 'Phased delivery and milestone tracking', 3);
INSERT INTO product_tags (variant_id, tag_name) VALUES (119, 'ai');
INSERT INTO product_tags (variant_id, tag_name) VALUES (119, 'ai_deploy');
INSERT INTO product_tags (variant_id, tag_name) VALUES (119, 'transformation');
INSERT INTO product_tags (variant_id, tag_name) VALUES (119, 'high-impact');
INSERT INTO product_timeline_milestones (variant_id, milestone_text, sort_order) VALUES (119, 'Phase 1: Discovery & Alignment', 0);
INSERT INTO product_timeline_milestones (variant_id, milestone_text, sort_order) VALUES (119, 'Phase 2: Execution', 1);
INSERT INTO product_timeline_milestones (variant_id, milestone_text, sort_order) VALUES (119, 'Phase 3: Governance & Review', 2);
INSERT INTO product_timeline_milestones (variant_id, milestone_text, sort_order) VALUES (119, 'Phase 4: Operational Handover', 3);
INSERT INTO product_variants (id, product_id, sku, slug, variant_name, service_type_id, duration_display, duration_weeks_min, duration_weeks_max, delivery_complexity, implementation_model, badge, positioning, is_default_variant, status) VALUES (120, 19, 'AI-MAN-120', 'enterprise-ai-automation-high-impact-managed-service-120', 'Managed Service', 'manage', 'Ongoing', NULL, NULL, 'medium', 'TMaaS Managed Delivery', 'Manage', '(High-Impact) Positioning Strategy', false, 'published');
INSERT INTO marketplace_listings (id, merchant_id, variant_id, listing_status, purchasability, popularity_score) VALUES (114, 1, 120, 'active', 'buy_now', 95);
INSERT INTO variant_prices (listing_id, price_type, amount, price_display, billing_period, is_current) VALUES (114, 'list', NULL, 'Custom Monthly Plans', 'monthly', true);
INSERT INTO product_content (variant_id, description, positioning) VALUES (120, 'Managed AI operations, monitoring, optimization, governance, model lifecycle management, operational intelligence support, and continuous AI improvement services.', '(High-Impact) Positioning Strategy');
INSERT INTO product_features (variant_id, feature_text, sort_order) VALUES (120, 'Architecture alignment for Enterprise AI & Automation (High-Impact)', 0);
INSERT INTO product_features (variant_id, feature_text, sort_order) VALUES (120, 'Dedicated TMaaS specialist team', 1);
INSERT INTO product_features (variant_id, feature_text, sort_order) VALUES (120, 'SLA-backed governance and reporting', 2);
INSERT INTO product_features (variant_id, feature_text, sort_order) VALUES (120, 'Phased delivery and milestone tracking', 3);
INSERT INTO product_tags (variant_id, tag_name) VALUES (120, 'ai');
INSERT INTO product_tags (variant_id, tag_name) VALUES (120, 'manage');
INSERT INTO product_tags (variant_id, tag_name) VALUES (120, 'transformation');
INSERT INTO product_tags (variant_id, tag_name) VALUES (120, 'high-impact');
INSERT INTO product_tags (variant_id, tag_name) VALUES (120, 'operations');
INSERT INTO product_timeline_milestones (variant_id, milestone_text, sort_order) VALUES (120, 'Phase 1: Discovery & Alignment', 0);
INSERT INTO product_timeline_milestones (variant_id, milestone_text, sort_order) VALUES (120, 'Phase 2: Execution', 1);
INSERT INTO product_timeline_milestones (variant_id, milestone_text, sort_order) VALUES (120, 'Phase 3: Governance & Review', 2);
INSERT INTO product_timeline_milestones (variant_id, milestone_text, sort_order) VALUES (120, 'Phase 4: Operational Handover', 3);
INSERT INTO products (id, slug, title, short_description, collection_id, is_high_impact, audience, industry_relevance, department, business_impact, status) VALUES (20, 'technology-governance-high-impact', 'Technology Governance (High-Impact)', 'Assessment of technology governance maturity, architecture controls, standards compliance, operational assurance, and enterprise governance opportunities.', 'security', true, 'Enterprise & Mid-Market', 'Cross-Industry', 'IT & Transformation', 'Significant operational improvements and risk reduction.', 'published');
INSERT INTO product_category_map (product_id, category_id) VALUES (20, 'modernise-technology') ON CONFLICT DO NOTHING;
INSERT INTO product_category_map (product_id, category_id) VALUES (20, 'improve-operations') ON CONFLICT DO NOTHING;
INSERT INTO product_variants (id, product_id, sku, slug, variant_name, service_type_id, duration_display, duration_weeks_min, duration_weeks_max, delivery_complexity, implementation_model, badge, positioning, is_default_variant, status) VALUES (121, 20, 'SEC-ADV-121', 'technology-governance-high-impact-assess-121', 'Assess', 'advisory', '1 Week', 1, 1, 'medium', 'TMaaS Managed Delivery', 'Advisory', '(High-Impact) Positioning Strategy', true, 'published');
INSERT INTO marketplace_listings (id, merchant_id, variant_id, listing_status, purchasability, popularity_score) VALUES (115, 1, 121, 'active', 'free', 100);
INSERT INTO variant_prices (listing_id, price_type, amount, price_display, billing_period, is_current) VALUES (115, 'list', 0, 'Free', 'one_time', true);
INSERT INTO product_content (variant_id, description, positioning) VALUES (121, 'Assessment of technology governance maturity, architecture controls, standards compliance, operational assurance, and enterprise governance opportunities.', '(High-Impact) Positioning Strategy');
INSERT INTO product_features (variant_id, feature_text, sort_order) VALUES (121, 'Architecture alignment for Technology Governance (High-Impact)', 0);
INSERT INTO product_features (variant_id, feature_text, sort_order) VALUES (121, 'Dedicated TMaaS specialist team', 1);
INSERT INTO product_features (variant_id, feature_text, sort_order) VALUES (121, 'SLA-backed governance and reporting', 2);
INSERT INTO product_features (variant_id, feature_text, sort_order) VALUES (121, 'Phased delivery and milestone tracking', 3);
INSERT INTO product_tags (variant_id, tag_name) VALUES (121, 'security');
INSERT INTO product_tags (variant_id, tag_name) VALUES (121, 'advisory');
INSERT INTO product_tags (variant_id, tag_name) VALUES (121, 'transformation');
INSERT INTO product_tags (variant_id, tag_name) VALUES (121, 'high-impact');
INSERT INTO product_timeline_milestones (variant_id, milestone_text, sort_order) VALUES (121, 'Phase 1: Discovery & Alignment', 0);
INSERT INTO product_timeline_milestones (variant_id, milestone_text, sort_order) VALUES (121, 'Phase 2: Execution', 1);
INSERT INTO product_timeline_milestones (variant_id, milestone_text, sort_order) VALUES (121, 'Phase 3: Governance & Review', 2);
INSERT INTO product_timeline_milestones (variant_id, milestone_text, sort_order) VALUES (121, 'Phase 4: Operational Handover', 3);
INSERT INTO product_variants (id, product_id, sku, slug, variant_name, service_type_id, duration_display, duration_weeks_min, duration_weeks_max, delivery_complexity, implementation_model, badge, positioning, is_default_variant, status) VALUES (122, 20, 'SEC-DES-122', 'technology-governance-high-impact-design-122', 'Design', 'design', '4 Weeks', 4, 4, 'high', 'TMaaS Managed Delivery', 'Design', '(High-Impact) Positioning Strategy', false, 'published');
INSERT INTO marketplace_listings (id, merchant_id, variant_id, listing_status, purchasability, popularity_score) VALUES (116, 1, 122, 'active', 'buy_now', 99);
INSERT INTO variant_prices (listing_id, price_type, amount, price_display, billing_period, is_current) VALUES (116, 'from', 1000, 'From $1,000', 'one_time', true);
INSERT INTO product_content (variant_id, description, positioning) VALUES (122, 'Design of governance frameworks, architecture standards, operational controls, compliance structures, assurance environments, and enterprise governance strategies.', '(High-Impact) Positioning Strategy');
INSERT INTO product_features (variant_id, feature_text, sort_order) VALUES (122, 'Architecture alignment for Technology Governance (High-Impact)', 0);
INSERT INTO product_features (variant_id, feature_text, sort_order) VALUES (122, 'Dedicated TMaaS specialist team', 1);
INSERT INTO product_features (variant_id, feature_text, sort_order) VALUES (122, 'SLA-backed governance and reporting', 2);
INSERT INTO product_features (variant_id, feature_text, sort_order) VALUES (122, 'Phased delivery and milestone tracking', 3);
INSERT INTO product_tags (variant_id, tag_name) VALUES (122, 'security');
INSERT INTO product_tags (variant_id, tag_name) VALUES (122, 'design');
INSERT INTO product_tags (variant_id, tag_name) VALUES (122, 'transformation');
INSERT INTO product_tags (variant_id, tag_name) VALUES (122, 'high-impact');
INSERT INTO product_timeline_milestones (variant_id, milestone_text, sort_order) VALUES (122, 'Phase 1: Discovery & Alignment', 0);
INSERT INTO product_timeline_milestones (variant_id, milestone_text, sort_order) VALUES (122, 'Phase 2: Execution', 1);
INSERT INTO product_timeline_milestones (variant_id, milestone_text, sort_order) VALUES (122, 'Phase 3: Governance & Review', 2);
INSERT INTO product_timeline_milestones (variant_id, milestone_text, sort_order) VALUES (122, 'Phase 4: Operational Handover', 3);
INSERT INTO product_variants (id, product_id, sku, slug, variant_name, service_type_id, duration_display, duration_weeks_min, duration_weeks_max, delivery_complexity, implementation_model, badge, positioning, is_default_variant, status) VALUES (123, 20, 'SEC-AI_-123', 'technology-governance-high-impact-ai-design-123', 'AI Design', 'ai_design', '4 Weeks', 4, 4, 'high', 'TMaaS Managed Delivery', 'Ai Design', '(High-Impact) Positioning Strategy', false, 'published');
INSERT INTO marketplace_listings (id, merchant_id, variant_id, listing_status, purchasability, popularity_score) VALUES (117, 1, 123, 'active', 'buy_now', 98);
INSERT INTO variant_prices (listing_id, price_type, amount, price_display, billing_period, is_current) VALUES (117, 'from', 1000, 'From $1,000', 'one_time', true);
INSERT INTO product_content (variant_id, description, positioning) VALUES (123, 'Design of AI-powered governance capabilities including intelligent compliance monitoring, policy automation, operational assurance analytics, and governance intelligence.', '(High-Impact) Positioning Strategy');
INSERT INTO product_features (variant_id, feature_text, sort_order) VALUES (123, 'Architecture alignment for Technology Governance (High-Impact)', 0);
INSERT INTO product_features (variant_id, feature_text, sort_order) VALUES (123, 'Dedicated TMaaS specialist team', 1);
INSERT INTO product_features (variant_id, feature_text, sort_order) VALUES (123, 'SLA-backed governance and reporting', 2);
INSERT INTO product_features (variant_id, feature_text, sort_order) VALUES (123, 'Phased delivery and milestone tracking', 3);
INSERT INTO product_tags (variant_id, tag_name) VALUES (123, 'security');
INSERT INTO product_tags (variant_id, tag_name) VALUES (123, 'ai_design');
INSERT INTO product_tags (variant_id, tag_name) VALUES (123, 'transformation');
INSERT INTO product_tags (variant_id, tag_name) VALUES (123, 'high-impact');
INSERT INTO product_timeline_milestones (variant_id, milestone_text, sort_order) VALUES (123, 'Phase 1: Discovery & Alignment', 0);
INSERT INTO product_timeline_milestones (variant_id, milestone_text, sort_order) VALUES (123, 'Phase 2: Execution', 1);
INSERT INTO product_timeline_milestones (variant_id, milestone_text, sort_order) VALUES (123, 'Phase 3: Governance & Review', 2);
INSERT INTO product_timeline_milestones (variant_id, milestone_text, sort_order) VALUES (123, 'Phase 4: Operational Handover', 3);
INSERT INTO product_variants (id, product_id, sku, slug, variant_name, service_type_id, duration_display, duration_weeks_min, duration_weeks_max, delivery_complexity, implementation_model, badge, positioning, is_default_variant, status) VALUES (124, 20, 'SEC-DEP-124', 'technology-governance-high-impact-implementation-124', 'Implementation', 'deploy', '12 Weeks', 12, 12, 'high', 'TMaaS Managed Delivery', 'Deploy', '(High-Impact) Positioning Strategy', false, 'published');
INSERT INTO marketplace_listings (id, merchant_id, variant_id, listing_status, purchasability, popularity_score) VALUES (118, 1, 124, 'active', 'request_quote', 97);
INSERT INTO variant_prices (listing_id, price_type, amount, price_display, billing_period, is_current) VALUES (118, 'custom_floor', NULL, 'Custom', 'one_time', true);
INSERT INTO product_content (variant_id, description, positioning) VALUES (124, 'Deployment and implementation of governance platforms, architecture control environments, standards management systems, compliance capabilities, and assurance frameworks.', '(High-Impact) Positioning Strategy');
INSERT INTO product_features (variant_id, feature_text, sort_order) VALUES (124, 'Architecture alignment for Technology Governance (High-Impact)', 0);
INSERT INTO product_features (variant_id, feature_text, sort_order) VALUES (124, 'Dedicated TMaaS specialist team', 1);
INSERT INTO product_features (variant_id, feature_text, sort_order) VALUES (124, 'SLA-backed governance and reporting', 2);
INSERT INTO product_features (variant_id, feature_text, sort_order) VALUES (124, 'Phased delivery and milestone tracking', 3);
INSERT INTO product_tags (variant_id, tag_name) VALUES (124, 'security');
INSERT INTO product_tags (variant_id, tag_name) VALUES (124, 'deploy');
INSERT INTO product_tags (variant_id, tag_name) VALUES (124, 'transformation');
INSERT INTO product_tags (variant_id, tag_name) VALUES (124, 'high-impact');
INSERT INTO product_timeline_milestones (variant_id, milestone_text, sort_order) VALUES (124, 'Phase 1: Discovery & Alignment', 0);
INSERT INTO product_timeline_milestones (variant_id, milestone_text, sort_order) VALUES (124, 'Phase 2: Execution', 1);
INSERT INTO product_timeline_milestones (variant_id, milestone_text, sort_order) VALUES (124, 'Phase 3: Governance & Review', 2);
INSERT INTO product_timeline_milestones (variant_id, milestone_text, sort_order) VALUES (124, 'Phase 4: Operational Handover', 3);
INSERT INTO product_variants (id, product_id, sku, slug, variant_name, service_type_id, duration_display, duration_weeks_min, duration_weeks_max, delivery_complexity, implementation_model, badge, positioning, is_default_variant, status) VALUES (125, 20, 'SEC-AI_-125', 'technology-governance-high-impact-ai-implementation-125', 'AI Implementation', 'ai_deploy', '12 Weeks', 12, 12, 'high', 'TMaaS Managed Delivery', 'Ai Deploy', '(High-Impact) Positioning Strategy', false, 'published');
INSERT INTO marketplace_listings (id, merchant_id, variant_id, listing_status, purchasability, popularity_score) VALUES (119, 1, 125, 'active', 'request_quote', 96);
INSERT INTO variant_prices (listing_id, price_type, amount, price_display, billing_period, is_current) VALUES (119, 'custom_floor', NULL, 'Custom', 'one_time', true);
INSERT INTO product_content (variant_id, description, positioning) VALUES (125, 'Deployment of AI-powered governance automation, intelligent compliance monitoring, operational assurance analytics, predictive governance, and standards intelligence capabilities.', '(High-Impact) Positioning Strategy');
INSERT INTO product_features (variant_id, feature_text, sort_order) VALUES (125, 'Architecture alignment for Technology Governance (High-Impact)', 0);
INSERT INTO product_features (variant_id, feature_text, sort_order) VALUES (125, 'Dedicated TMaaS specialist team', 1);
INSERT INTO product_features (variant_id, feature_text, sort_order) VALUES (125, 'SLA-backed governance and reporting', 2);
INSERT INTO product_features (variant_id, feature_text, sort_order) VALUES (125, 'Phased delivery and milestone tracking', 3);
INSERT INTO product_tags (variant_id, tag_name) VALUES (125, 'security');
INSERT INTO product_tags (variant_id, tag_name) VALUES (125, 'ai_deploy');
INSERT INTO product_tags (variant_id, tag_name) VALUES (125, 'transformation');
INSERT INTO product_tags (variant_id, tag_name) VALUES (125, 'high-impact');
INSERT INTO product_timeline_milestones (variant_id, milestone_text, sort_order) VALUES (125, 'Phase 1: Discovery & Alignment', 0);
INSERT INTO product_timeline_milestones (variant_id, milestone_text, sort_order) VALUES (125, 'Phase 2: Execution', 1);
INSERT INTO product_timeline_milestones (variant_id, milestone_text, sort_order) VALUES (125, 'Phase 3: Governance & Review', 2);
INSERT INTO product_timeline_milestones (variant_id, milestone_text, sort_order) VALUES (125, 'Phase 4: Operational Handover', 3);
INSERT INTO product_variants (id, product_id, sku, slug, variant_name, service_type_id, duration_display, duration_weeks_min, duration_weeks_max, delivery_complexity, implementation_model, badge, positioning, is_default_variant, status) VALUES (126, 20, 'SEC-MAN-126', 'technology-governance-high-impact-managed-service-126', 'Managed Service', 'manage', 'Ongoing', NULL, NULL, 'medium', 'TMaaS Managed Delivery', 'Manage', '(High-Impact) Positioning Strategy', false, 'published');
INSERT INTO marketplace_listings (id, merchant_id, variant_id, listing_status, purchasability, popularity_score) VALUES (120, 1, 126, 'active', 'buy_now', 95);
INSERT INTO variant_prices (listing_id, price_type, amount, price_display, billing_period, is_current) VALUES (120, 'list', NULL, 'Custom Monthly Plans', 'monthly', true);
INSERT INTO product_content (variant_id, description, positioning) VALUES (126, 'Managed governance operations, compliance monitoring, standards optimisation, operational assurance support, and continuous governance improvement services.', '(High-Impact) Positioning Strategy');
INSERT INTO product_features (variant_id, feature_text, sort_order) VALUES (126, 'Architecture alignment for Technology Governance (High-Impact)', 0);
INSERT INTO product_features (variant_id, feature_text, sort_order) VALUES (126, 'Dedicated TMaaS specialist team', 1);
INSERT INTO product_features (variant_id, feature_text, sort_order) VALUES (126, 'SLA-backed governance and reporting', 2);
INSERT INTO product_features (variant_id, feature_text, sort_order) VALUES (126, 'Phased delivery and milestone tracking', 3);
INSERT INTO product_tags (variant_id, tag_name) VALUES (126, 'security');
INSERT INTO product_tags (variant_id, tag_name) VALUES (126, 'manage');
INSERT INTO product_tags (variant_id, tag_name) VALUES (126, 'transformation');
INSERT INTO product_tags (variant_id, tag_name) VALUES (126, 'high-impact');
INSERT INTO product_tags (variant_id, tag_name) VALUES (126, 'operations');
INSERT INTO product_timeline_milestones (variant_id, milestone_text, sort_order) VALUES (126, 'Phase 1: Discovery & Alignment', 0);
INSERT INTO product_timeline_milestones (variant_id, milestone_text, sort_order) VALUES (126, 'Phase 2: Execution', 1);
INSERT INTO product_timeline_milestones (variant_id, milestone_text, sort_order) VALUES (126, 'Phase 3: Governance & Review', 2);
INSERT INTO product_timeline_milestones (variant_id, milestone_text, sort_order) VALUES (126, 'Phase 4: Operational Handover', 3);
INSERT INTO products (id, slug, title, short_description, collection_id, is_high_impact, audience, industry_relevance, department, business_impact, status) VALUES (21, 'devsecops-automation-high-impact', 'DevSecOps Automation (High-Impact)', 'Assessment of DevSecOps maturity, automation readiness, security operations, release management capabilities, and enterprise delivery optimization opportunities.', 'operations', true, 'Enterprise & Mid-Market', 'Cross-Industry', 'IT & Transformation', 'Significant operational improvements and risk reduction.', 'published');
INSERT INTO product_category_map (product_id, category_id) VALUES (21, 'modernise-technology') ON CONFLICT DO NOTHING;
INSERT INTO product_category_map (product_id, category_id) VALUES (21, 'improve-operations') ON CONFLICT DO NOTHING;
INSERT INTO product_variants (id, product_id, sku, slug, variant_name, service_type_id, duration_display, duration_weeks_min, duration_weeks_max, delivery_complexity, implementation_model, badge, positioning, is_default_variant, status) VALUES (127, 21, 'OPE-ADV-127', 'devsecops-automation-high-impact-assess-127', 'Assess', 'advisory', '1 Week', 1, 1, 'medium', 'TMaaS Managed Delivery', 'Advisory', '(High-Impact) Positioning Strategy', true, 'published');
INSERT INTO marketplace_listings (id, merchant_id, variant_id, listing_status, purchasability, popularity_score) VALUES (121, 1, 127, 'active', 'free', 100);
INSERT INTO variant_prices (listing_id, price_type, amount, price_display, billing_period, is_current) VALUES (121, 'list', 0, 'Free', 'one_time', true);
INSERT INTO product_content (variant_id, description, positioning) VALUES (127, 'Assessment of DevSecOps maturity, automation readiness, security operations, release management capabilities, and enterprise delivery optimization opportunities.', '(High-Impact) Positioning Strategy');
INSERT INTO product_features (variant_id, feature_text, sort_order) VALUES (127, 'Architecture alignment for DevSecOps Automation (High-Impact)', 0);
INSERT INTO product_features (variant_id, feature_text, sort_order) VALUES (127, 'Dedicated TMaaS specialist team', 1);
INSERT INTO product_features (variant_id, feature_text, sort_order) VALUES (127, 'SLA-backed governance and reporting', 2);
INSERT INTO product_features (variant_id, feature_text, sort_order) VALUES (127, 'Phased delivery and milestone tracking', 3);
INSERT INTO product_tags (variant_id, tag_name) VALUES (127, 'operations');
INSERT INTO product_tags (variant_id, tag_name) VALUES (127, 'advisory');
INSERT INTO product_tags (variant_id, tag_name) VALUES (127, 'transformation');
INSERT INTO product_tags (variant_id, tag_name) VALUES (127, 'high-impact');
INSERT INTO product_timeline_milestones (variant_id, milestone_text, sort_order) VALUES (127, 'Phase 1: Discovery & Alignment', 0);
INSERT INTO product_timeline_milestones (variant_id, milestone_text, sort_order) VALUES (127, 'Phase 2: Execution', 1);
INSERT INTO product_timeline_milestones (variant_id, milestone_text, sort_order) VALUES (127, 'Phase 3: Governance & Review', 2);
INSERT INTO product_timeline_milestones (variant_id, milestone_text, sort_order) VALUES (127, 'Phase 4: Operational Handover', 3);
INSERT INTO product_variants (id, product_id, sku, slug, variant_name, service_type_id, duration_display, duration_weeks_min, duration_weeks_max, delivery_complexity, implementation_model, badge, positioning, is_default_variant, status) VALUES (128, 21, 'OPE-DES-128', 'devsecops-automation-high-impact-design-128', 'Design', 'design', '4 Weeks', 4, 4, 'high', 'TMaaS Managed Delivery', 'Design', '(High-Impact) Positioning Strategy', false, 'published');
INSERT INTO marketplace_listings (id, merchant_id, variant_id, listing_status, purchasability, popularity_score) VALUES (122, 1, 128, 'active', 'buy_now', 99);
INSERT INTO variant_prices (listing_id, price_type, amount, price_display, billing_period, is_current) VALUES (122, 'from', 1000, 'From $1,000', 'one_time', true);
INSERT INTO product_content (variant_id, description, positioning) VALUES (128, 'Design of DevSecOps architectures, automation pipelines, infrastructure-as-code frameworks, secure delivery operating models, and release orchestration environments.', '(High-Impact) Positioning Strategy');
INSERT INTO product_features (variant_id, feature_text, sort_order) VALUES (128, 'Architecture alignment for DevSecOps Automation (High-Impact)', 0);
INSERT INTO product_features (variant_id, feature_text, sort_order) VALUES (128, 'Dedicated TMaaS specialist team', 1);
INSERT INTO product_features (variant_id, feature_text, sort_order) VALUES (128, 'SLA-backed governance and reporting', 2);
INSERT INTO product_features (variant_id, feature_text, sort_order) VALUES (128, 'Phased delivery and milestone tracking', 3);
INSERT INTO product_tags (variant_id, tag_name) VALUES (128, 'operations');
INSERT INTO product_tags (variant_id, tag_name) VALUES (128, 'design');
INSERT INTO product_tags (variant_id, tag_name) VALUES (128, 'transformation');
INSERT INTO product_tags (variant_id, tag_name) VALUES (128, 'high-impact');
INSERT INTO product_timeline_milestones (variant_id, milestone_text, sort_order) VALUES (128, 'Phase 1: Discovery & Alignment', 0);
INSERT INTO product_timeline_milestones (variant_id, milestone_text, sort_order) VALUES (128, 'Phase 2: Execution', 1);
INSERT INTO product_timeline_milestones (variant_id, milestone_text, sort_order) VALUES (128, 'Phase 3: Governance & Review', 2);
INSERT INTO product_timeline_milestones (variant_id, milestone_text, sort_order) VALUES (128, 'Phase 4: Operational Handover', 3);
INSERT INTO product_variants (id, product_id, sku, slug, variant_name, service_type_id, duration_display, duration_weeks_min, duration_weeks_max, delivery_complexity, implementation_model, badge, positioning, is_default_variant, status) VALUES (129, 21, 'OPE-AI_-129', 'devsecops-automation-high-impact-ai-design-129', 'AI Design', 'ai_design', '4 Weeks', 4, 4, 'high', 'TMaaS Managed Delivery', 'Ai Design', '(High-Impact) Positioning Strategy', false, 'published');
INSERT INTO marketplace_listings (id, merchant_id, variant_id, listing_status, purchasability, popularity_score) VALUES (123, 1, 129, 'active', 'buy_now', 98);
INSERT INTO variant_prices (listing_id, price_type, amount, price_display, billing_period, is_current) VALUES (123, 'from', 1000, 'From $1,000', 'one_time', true);
INSERT INTO product_content (variant_id, description, positioning) VALUES (129, 'Design of AI-powered DevSecOps capabilities including intelligent pipelines, AI-assisted testing, automation orchestration, operational intelligence, and predictive delivery optimization.', '(High-Impact) Positioning Strategy');
INSERT INTO product_features (variant_id, feature_text, sort_order) VALUES (129, 'Architecture alignment for DevSecOps Automation (High-Impact)', 0);
INSERT INTO product_features (variant_id, feature_text, sort_order) VALUES (129, 'Dedicated TMaaS specialist team', 1);
INSERT INTO product_features (variant_id, feature_text, sort_order) VALUES (129, 'SLA-backed governance and reporting', 2);
INSERT INTO product_features (variant_id, feature_text, sort_order) VALUES (129, 'Phased delivery and milestone tracking', 3);
INSERT INTO product_tags (variant_id, tag_name) VALUES (129, 'operations');
INSERT INTO product_tags (variant_id, tag_name) VALUES (129, 'ai_design');
INSERT INTO product_tags (variant_id, tag_name) VALUES (129, 'transformation');
INSERT INTO product_tags (variant_id, tag_name) VALUES (129, 'high-impact');
INSERT INTO product_timeline_milestones (variant_id, milestone_text, sort_order) VALUES (129, 'Phase 1: Discovery & Alignment', 0);
INSERT INTO product_timeline_milestones (variant_id, milestone_text, sort_order) VALUES (129, 'Phase 2: Execution', 1);
INSERT INTO product_timeline_milestones (variant_id, milestone_text, sort_order) VALUES (129, 'Phase 3: Governance & Review', 2);
INSERT INTO product_timeline_milestones (variant_id, milestone_text, sort_order) VALUES (129, 'Phase 4: Operational Handover', 3);
INSERT INTO product_variants (id, product_id, sku, slug, variant_name, service_type_id, duration_display, duration_weeks_min, duration_weeks_max, delivery_complexity, implementation_model, badge, positioning, is_default_variant, status) VALUES (130, 21, 'OPE-DEP-130', 'devsecops-automation-high-impact-implementation-130', 'Implementation', 'deploy', '12 Weeks', 12, 12, 'high', 'TMaaS Managed Delivery', 'Deploy', '(High-Impact) Positioning Strategy', false, 'published');
INSERT INTO marketplace_listings (id, merchant_id, variant_id, listing_status, purchasability, popularity_score) VALUES (124, 1, 130, 'active', 'request_quote', 97);
INSERT INTO variant_prices (listing_id, price_type, amount, price_display, billing_period, is_current) VALUES (124, 'custom_floor', NULL, 'Custom', 'one_time', true);
INSERT INTO product_content (variant_id, description, positioning) VALUES (130, 'Deployment and implementation of DevSecOps pipelines, automation frameworks, infrastructure delivery environments, secure operational workflows, and release orchestration platforms.', '(High-Impact) Positioning Strategy');
INSERT INTO product_features (variant_id, feature_text, sort_order) VALUES (130, 'Architecture alignment for DevSecOps Automation (High-Impact)', 0);
INSERT INTO product_features (variant_id, feature_text, sort_order) VALUES (130, 'Dedicated TMaaS specialist team', 1);
INSERT INTO product_features (variant_id, feature_text, sort_order) VALUES (130, 'SLA-backed governance and reporting', 2);
INSERT INTO product_features (variant_id, feature_text, sort_order) VALUES (130, 'Phased delivery and milestone tracking', 3);
INSERT INTO product_tags (variant_id, tag_name) VALUES (130, 'operations');
INSERT INTO product_tags (variant_id, tag_name) VALUES (130, 'deploy');
INSERT INTO product_tags (variant_id, tag_name) VALUES (130, 'transformation');
INSERT INTO product_tags (variant_id, tag_name) VALUES (130, 'high-impact');
INSERT INTO product_timeline_milestones (variant_id, milestone_text, sort_order) VALUES (130, 'Phase 1: Discovery & Alignment', 0);
INSERT INTO product_timeline_milestones (variant_id, milestone_text, sort_order) VALUES (130, 'Phase 2: Execution', 1);
INSERT INTO product_timeline_milestones (variant_id, milestone_text, sort_order) VALUES (130, 'Phase 3: Governance & Review', 2);
INSERT INTO product_timeline_milestones (variant_id, milestone_text, sort_order) VALUES (130, 'Phase 4: Operational Handover', 3);
INSERT INTO product_variants (id, product_id, sku, slug, variant_name, service_type_id, duration_display, duration_weeks_min, duration_weeks_max, delivery_complexity, implementation_model, badge, positioning, is_default_variant, status) VALUES (131, 21, 'OPE-AI_-131', 'devsecops-automation-high-impact-ai-implementation-131', 'AI Implementation', 'ai_deploy', '12 Weeks', 12, 12, 'high', 'TMaaS Managed Delivery', 'Ai Deploy', '(High-Impact) Positioning Strategy', false, 'published');
INSERT INTO marketplace_listings (id, merchant_id, variant_id, listing_status, purchasability, popularity_score) VALUES (125, 1, 131, 'active', 'request_quote', 96);
INSERT INTO variant_prices (listing_id, price_type, amount, price_display, billing_period, is_current) VALUES (125, 'custom_floor', NULL, 'Custom', 'one_time', true);
INSERT INTO product_content (variant_id, description, positioning) VALUES (131, 'Deployment of AI-powered DevSecOps automation, intelligent testing, predictive delivery optimization, operational orchestration, and secure automation capabilities.', '(High-Impact) Positioning Strategy');
INSERT INTO product_features (variant_id, feature_text, sort_order) VALUES (131, 'Architecture alignment for DevSecOps Automation (High-Impact)', 0);
INSERT INTO product_features (variant_id, feature_text, sort_order) VALUES (131, 'Dedicated TMaaS specialist team', 1);
INSERT INTO product_features (variant_id, feature_text, sort_order) VALUES (131, 'SLA-backed governance and reporting', 2);
INSERT INTO product_features (variant_id, feature_text, sort_order) VALUES (131, 'Phased delivery and milestone tracking', 3);
INSERT INTO product_tags (variant_id, tag_name) VALUES (131, 'operations');
INSERT INTO product_tags (variant_id, tag_name) VALUES (131, 'ai_deploy');
INSERT INTO product_tags (variant_id, tag_name) VALUES (131, 'transformation');
INSERT INTO product_tags (variant_id, tag_name) VALUES (131, 'high-impact');
INSERT INTO product_timeline_milestones (variant_id, milestone_text, sort_order) VALUES (131, 'Phase 1: Discovery & Alignment', 0);
INSERT INTO product_timeline_milestones (variant_id, milestone_text, sort_order) VALUES (131, 'Phase 2: Execution', 1);
INSERT INTO product_timeline_milestones (variant_id, milestone_text, sort_order) VALUES (131, 'Phase 3: Governance & Review', 2);
INSERT INTO product_timeline_milestones (variant_id, milestone_text, sort_order) VALUES (131, 'Phase 4: Operational Handover', 3);
INSERT INTO product_variants (id, product_id, sku, slug, variant_name, service_type_id, duration_display, duration_weeks_min, duration_weeks_max, delivery_complexity, implementation_model, badge, positioning, is_default_variant, status) VALUES (132, 21, 'OPE-MAN-132', 'devsecops-automation-high-impact-managed-service-132', 'Managed Service', 'manage', 'Ongoing', NULL, NULL, 'medium', 'TMaaS Managed Delivery', 'Manage', '(High-Impact) Positioning Strategy', false, 'published');
INSERT INTO marketplace_listings (id, merchant_id, variant_id, listing_status, purchasability, popularity_score) VALUES (126, 1, 132, 'active', 'buy_now', 95);
INSERT INTO variant_prices (listing_id, price_type, amount, price_display, billing_period, is_current) VALUES (126, 'list', NULL, 'Custom Monthly Plans', 'monthly', true);
INSERT INTO product_content (variant_id, description, positioning) VALUES (132, 'Managed DevSecOps operations, pipeline monitoring, automation support, release optimisation, security operations support, and continuous delivery improvement services.', '(High-Impact) Positioning Strategy');
INSERT INTO product_features (variant_id, feature_text, sort_order) VALUES (132, 'Architecture alignment for DevSecOps Automation (High-Impact)', 0);
INSERT INTO product_features (variant_id, feature_text, sort_order) VALUES (132, 'Dedicated TMaaS specialist team', 1);
INSERT INTO product_features (variant_id, feature_text, sort_order) VALUES (132, 'SLA-backed governance and reporting', 2);
INSERT INTO product_features (variant_id, feature_text, sort_order) VALUES (132, 'Phased delivery and milestone tracking', 3);
INSERT INTO product_tags (variant_id, tag_name) VALUES (132, 'manage');
INSERT INTO product_tags (variant_id, tag_name) VALUES (132, 'transformation');
INSERT INTO product_tags (variant_id, tag_name) VALUES (132, 'high-impact');
INSERT INTO product_tags (variant_id, tag_name) VALUES (132, 'operations');
INSERT INTO product_timeline_milestones (variant_id, milestone_text, sort_order) VALUES (132, 'Phase 1: Discovery & Alignment', 0);
INSERT INTO product_timeline_milestones (variant_id, milestone_text, sort_order) VALUES (132, 'Phase 2: Execution', 1);
INSERT INTO product_timeline_milestones (variant_id, milestone_text, sort_order) VALUES (132, 'Phase 3: Governance & Review', 2);
INSERT INTO product_timeline_milestones (variant_id, milestone_text, sort_order) VALUES (132, 'Phase 4: Operational Handover', 3);
INSERT INTO products (id, slug, title, short_description, collection_id, is_high_impact, audience, industry_relevance, department, business_impact, status) VALUES (22, 'it-operations-support-high-impact', 'IT Operations & Support (High-Impact)', 'Assessment of IT operational maturity, support workflows, service management capabilities, operational resilience, and enterprise support optimization opportunities.', 'experience', true, 'Enterprise & Mid-Market', 'Cross-Industry', 'IT & Transformation', 'Significant operational improvements and risk reduction.', 'published');
INSERT INTO product_category_map (product_id, category_id) VALUES (22, 'modernise-technology') ON CONFLICT DO NOTHING;
INSERT INTO product_category_map (product_id, category_id) VALUES (22, 'improve-operations') ON CONFLICT DO NOTHING;
INSERT INTO product_variants (id, product_id, sku, slug, variant_name, service_type_id, duration_display, duration_weeks_min, duration_weeks_max, delivery_complexity, implementation_model, badge, positioning, is_default_variant, status) VALUES (133, 22, 'EXP-ADV-133', 'it-operations-support-high-impact-assess-133', 'Assess', 'advisory', '1 Week', 1, 1, 'medium', 'TMaaS Managed Delivery', 'Advisory', '(High-Impact) Positioning Strategy', true, 'published');
INSERT INTO marketplace_listings (id, merchant_id, variant_id, listing_status, purchasability, popularity_score) VALUES (127, 1, 133, 'active', 'free', 100);
INSERT INTO variant_prices (listing_id, price_type, amount, price_display, billing_period, is_current) VALUES (127, 'list', 0, 'Free', 'one_time', true);
INSERT INTO product_content (variant_id, description, positioning) VALUES (133, 'Assessment of IT operational maturity, support workflows, service management capabilities, operational resilience, and enterprise support optimization opportunities.', '(High-Impact) Positioning Strategy');
INSERT INTO product_features (variant_id, feature_text, sort_order) VALUES (133, 'Architecture alignment for IT Operations & Support (High-Impact)', 0);
INSERT INTO product_features (variant_id, feature_text, sort_order) VALUES (133, 'Dedicated TMaaS specialist team', 1);
INSERT INTO product_features (variant_id, feature_text, sort_order) VALUES (133, 'SLA-backed governance and reporting', 2);
INSERT INTO product_features (variant_id, feature_text, sort_order) VALUES (133, 'Phased delivery and milestone tracking', 3);
INSERT INTO product_tags (variant_id, tag_name) VALUES (133, 'experience');
INSERT INTO product_tags (variant_id, tag_name) VALUES (133, 'advisory');
INSERT INTO product_tags (variant_id, tag_name) VALUES (133, 'transformation');
INSERT INTO product_tags (variant_id, tag_name) VALUES (133, 'high-impact');
INSERT INTO product_timeline_milestones (variant_id, milestone_text, sort_order) VALUES (133, 'Phase 1: Discovery & Alignment', 0);
INSERT INTO product_timeline_milestones (variant_id, milestone_text, sort_order) VALUES (133, 'Phase 2: Execution', 1);
INSERT INTO product_timeline_milestones (variant_id, milestone_text, sort_order) VALUES (133, 'Phase 3: Governance & Review', 2);
INSERT INTO product_timeline_milestones (variant_id, milestone_text, sort_order) VALUES (133, 'Phase 4: Operational Handover', 3);
INSERT INTO product_variants (id, product_id, sku, slug, variant_name, service_type_id, duration_display, duration_weeks_min, duration_weeks_max, delivery_complexity, implementation_model, badge, positioning, is_default_variant, status) VALUES (134, 22, 'EXP-DES-134', 'it-operations-support-high-impact-design-134', 'Design', 'design', '4 Weeks', 4, 4, 'high', 'TMaaS Managed Delivery', 'Design', '(High-Impact) Positioning Strategy', false, 'published');
INSERT INTO marketplace_listings (id, merchant_id, variant_id, listing_status, purchasability, popularity_score) VALUES (128, 1, 134, 'active', 'buy_now', 99);
INSERT INTO variant_prices (listing_id, price_type, amount, price_display, billing_period, is_current) VALUES (128, 'from', 1000, 'From $1,000', 'one_time', true);
INSERT INTO product_content (variant_id, description, positioning) VALUES (134, 'Design of IT operations models, service management workflows, operational monitoring environments, support structures, and enterprise operational governance strategies.', '(High-Impact) Positioning Strategy');
INSERT INTO product_features (variant_id, feature_text, sort_order) VALUES (134, 'Architecture alignment for IT Operations & Support (High-Impact)', 0);
INSERT INTO product_features (variant_id, feature_text, sort_order) VALUES (134, 'Dedicated TMaaS specialist team', 1);
INSERT INTO product_features (variant_id, feature_text, sort_order) VALUES (134, 'SLA-backed governance and reporting', 2);
INSERT INTO product_features (variant_id, feature_text, sort_order) VALUES (134, 'Phased delivery and milestone tracking', 3);
INSERT INTO product_tags (variant_id, tag_name) VALUES (134, 'experience');
INSERT INTO product_tags (variant_id, tag_name) VALUES (134, 'design');
INSERT INTO product_tags (variant_id, tag_name) VALUES (134, 'transformation');
INSERT INTO product_tags (variant_id, tag_name) VALUES (134, 'high-impact');
INSERT INTO product_timeline_milestones (variant_id, milestone_text, sort_order) VALUES (134, 'Phase 1: Discovery & Alignment', 0);
INSERT INTO product_timeline_milestones (variant_id, milestone_text, sort_order) VALUES (134, 'Phase 2: Execution', 1);
INSERT INTO product_timeline_milestones (variant_id, milestone_text, sort_order) VALUES (134, 'Phase 3: Governance & Review', 2);
INSERT INTO product_timeline_milestones (variant_id, milestone_text, sort_order) VALUES (134, 'Phase 4: Operational Handover', 3);
INSERT INTO product_variants (id, product_id, sku, slug, variant_name, service_type_id, duration_display, duration_weeks_min, duration_weeks_max, delivery_complexity, implementation_model, badge, positioning, is_default_variant, status) VALUES (135, 22, 'EXP-AI_-135', 'it-operations-support-high-impact-ai-design-135', 'AI Design', 'ai_design', '4 Weeks', 4, 4, 'high', 'TMaaS Managed Delivery', 'Ai Design', '(High-Impact) Positioning Strategy', false, 'published');
INSERT INTO marketplace_listings (id, merchant_id, variant_id, listing_status, purchasability, popularity_score) VALUES (129, 1, 135, 'active', 'buy_now', 98);
INSERT INTO variant_prices (listing_id, price_type, amount, price_display, billing_period, is_current) VALUES (129, 'from', 1000, 'From $1,000', 'one_time', true);
INSERT INTO product_content (variant_id, description, positioning) VALUES (135, 'Design of AI-powered IT operations capabilities including intelligent monitoring, automated support, AI service desks, predictive operations, and operational intelligence workflows.', '(High-Impact) Positioning Strategy');
INSERT INTO product_features (variant_id, feature_text, sort_order) VALUES (135, 'Architecture alignment for IT Operations & Support (High-Impact)', 0);
INSERT INTO product_features (variant_id, feature_text, sort_order) VALUES (135, 'Dedicated TMaaS specialist team', 1);
INSERT INTO product_features (variant_id, feature_text, sort_order) VALUES (135, 'SLA-backed governance and reporting', 2);
INSERT INTO product_features (variant_id, feature_text, sort_order) VALUES (135, 'Phased delivery and milestone tracking', 3);
INSERT INTO product_tags (variant_id, tag_name) VALUES (135, 'experience');
INSERT INTO product_tags (variant_id, tag_name) VALUES (135, 'ai_design');
INSERT INTO product_tags (variant_id, tag_name) VALUES (135, 'transformation');
INSERT INTO product_tags (variant_id, tag_name) VALUES (135, 'high-impact');
INSERT INTO product_timeline_milestones (variant_id, milestone_text, sort_order) VALUES (135, 'Phase 1: Discovery & Alignment', 0);
INSERT INTO product_timeline_milestones (variant_id, milestone_text, sort_order) VALUES (135, 'Phase 2: Execution', 1);
INSERT INTO product_timeline_milestones (variant_id, milestone_text, sort_order) VALUES (135, 'Phase 3: Governance & Review', 2);
INSERT INTO product_timeline_milestones (variant_id, milestone_text, sort_order) VALUES (135, 'Phase 4: Operational Handover', 3);
INSERT INTO product_variants (id, product_id, sku, slug, variant_name, service_type_id, duration_display, duration_weeks_min, duration_weeks_max, delivery_complexity, implementation_model, badge, positioning, is_default_variant, status) VALUES (136, 22, 'EXP-DEP-136', 'it-operations-support-high-impact-implementation-136', 'Implementation', 'deploy', '12 Weeks', 12, 12, 'high', 'TMaaS Managed Delivery', 'Deploy', '(High-Impact) Positioning Strategy', false, 'published');
INSERT INTO marketplace_listings (id, merchant_id, variant_id, listing_status, purchasability, popularity_score) VALUES (130, 1, 136, 'active', 'request_quote', 97);
INSERT INTO variant_prices (listing_id, price_type, amount, price_display, billing_period, is_current) VALUES (130, 'custom_floor', NULL, 'Custom', 'one_time', true);
INSERT INTO product_content (variant_id, description, positioning) VALUES (136, 'Deployment and implementation of IT operations platforms, service desk environments, monitoring systems, operational support workflows, and enterprise support capabilities.', '(High-Impact) Positioning Strategy');
INSERT INTO product_features (variant_id, feature_text, sort_order) VALUES (136, 'Architecture alignment for IT Operations & Support (High-Impact)', 0);
INSERT INTO product_features (variant_id, feature_text, sort_order) VALUES (136, 'Dedicated TMaaS specialist team', 1);
INSERT INTO product_features (variant_id, feature_text, sort_order) VALUES (136, 'SLA-backed governance and reporting', 2);
INSERT INTO product_features (variant_id, feature_text, sort_order) VALUES (136, 'Phased delivery and milestone tracking', 3);
INSERT INTO product_tags (variant_id, tag_name) VALUES (136, 'experience');
INSERT INTO product_tags (variant_id, tag_name) VALUES (136, 'deploy');
INSERT INTO product_tags (variant_id, tag_name) VALUES (136, 'transformation');
INSERT INTO product_tags (variant_id, tag_name) VALUES (136, 'high-impact');
INSERT INTO product_timeline_milestones (variant_id, milestone_text, sort_order) VALUES (136, 'Phase 1: Discovery & Alignment', 0);
INSERT INTO product_timeline_milestones (variant_id, milestone_text, sort_order) VALUES (136, 'Phase 2: Execution', 1);
INSERT INTO product_timeline_milestones (variant_id, milestone_text, sort_order) VALUES (136, 'Phase 3: Governance & Review', 2);
INSERT INTO product_timeline_milestones (variant_id, milestone_text, sort_order) VALUES (136, 'Phase 4: Operational Handover', 3);
INSERT INTO product_variants (id, product_id, sku, slug, variant_name, service_type_id, duration_display, duration_weeks_min, duration_weeks_max, delivery_complexity, implementation_model, badge, positioning, is_default_variant, status) VALUES (137, 22, 'EXP-AI_-137', 'it-operations-support-high-impact-ai-implementation-137', 'AI Implementation', 'ai_deploy', '12 Weeks', 12, 12, 'high', 'TMaaS Managed Delivery', 'Ai Deploy', '(High-Impact) Positioning Strategy', false, 'published');
INSERT INTO marketplace_listings (id, merchant_id, variant_id, listing_status, purchasability, popularity_score) VALUES (131, 1, 137, 'active', 'request_quote', 96);
INSERT INTO variant_prices (listing_id, price_type, amount, price_display, billing_period, is_current) VALUES (131, 'custom_floor', NULL, 'Custom', 'one_time', true);
INSERT INTO product_content (variant_id, description, positioning) VALUES (137, 'Deployment of AI-powered operational automation, intelligent monitoring, predictive support, AI service assistants, and enterprise operational intelligence capabilities.', '(High-Impact) Positioning Strategy');
INSERT INTO product_features (variant_id, feature_text, sort_order) VALUES (137, 'Architecture alignment for IT Operations & Support (High-Impact)', 0);
INSERT INTO product_features (variant_id, feature_text, sort_order) VALUES (137, 'Dedicated TMaaS specialist team', 1);
INSERT INTO product_features (variant_id, feature_text, sort_order) VALUES (137, 'SLA-backed governance and reporting', 2);
INSERT INTO product_features (variant_id, feature_text, sort_order) VALUES (137, 'Phased delivery and milestone tracking', 3);
INSERT INTO product_tags (variant_id, tag_name) VALUES (137, 'experience');
INSERT INTO product_tags (variant_id, tag_name) VALUES (137, 'ai_deploy');
INSERT INTO product_tags (variant_id, tag_name) VALUES (137, 'transformation');
INSERT INTO product_tags (variant_id, tag_name) VALUES (137, 'high-impact');
INSERT INTO product_timeline_milestones (variant_id, milestone_text, sort_order) VALUES (137, 'Phase 1: Discovery & Alignment', 0);
INSERT INTO product_timeline_milestones (variant_id, milestone_text, sort_order) VALUES (137, 'Phase 2: Execution', 1);
INSERT INTO product_timeline_milestones (variant_id, milestone_text, sort_order) VALUES (137, 'Phase 3: Governance & Review', 2);
INSERT INTO product_timeline_milestones (variant_id, milestone_text, sort_order) VALUES (137, 'Phase 4: Operational Handover', 3);
INSERT INTO product_variants (id, product_id, sku, slug, variant_name, service_type_id, duration_display, duration_weeks_min, duration_weeks_max, delivery_complexity, implementation_model, badge, positioning, is_default_variant, status) VALUES (138, 22, 'EXP-MAN-138', 'it-operations-support-high-impact-managed-service-138', 'Managed Service', 'manage', 'Ongoing', NULL, NULL, 'medium', 'TMaaS Managed Delivery', 'Manage', '(High-Impact) Positioning Strategy', false, 'published');
INSERT INTO marketplace_listings (id, merchant_id, variant_id, listing_status, purchasability, popularity_score) VALUES (132, 1, 138, 'active', 'buy_now', 95);
INSERT INTO variant_prices (listing_id, price_type, amount, price_display, billing_period, is_current) VALUES (132, 'list', NULL, 'Custom Monthly Plans', 'monthly', true);
INSERT INTO product_content (variant_id, description, positioning) VALUES (138, 'Managed IT operations, monitoring, incident management, support optimisation, operational reporting, and continuous enterprise support improvement services.', '(High-Impact) Positioning Strategy');
INSERT INTO product_features (variant_id, feature_text, sort_order) VALUES (138, 'Architecture alignment for IT Operations & Support (High-Impact)', 0);
INSERT INTO product_features (variant_id, feature_text, sort_order) VALUES (138, 'Dedicated TMaaS specialist team', 1);
INSERT INTO product_features (variant_id, feature_text, sort_order) VALUES (138, 'SLA-backed governance and reporting', 2);
INSERT INTO product_features (variant_id, feature_text, sort_order) VALUES (138, 'Phased delivery and milestone tracking', 3);
INSERT INTO product_tags (variant_id, tag_name) VALUES (138, 'experience');
INSERT INTO product_tags (variant_id, tag_name) VALUES (138, 'manage');
INSERT INTO product_tags (variant_id, tag_name) VALUES (138, 'transformation');
INSERT INTO product_tags (variant_id, tag_name) VALUES (138, 'high-impact');
INSERT INTO product_tags (variant_id, tag_name) VALUES (138, 'operations');
INSERT INTO product_timeline_milestones (variant_id, milestone_text, sort_order) VALUES (138, 'Phase 1: Discovery & Alignment', 0);
INSERT INTO product_timeline_milestones (variant_id, milestone_text, sort_order) VALUES (138, 'Phase 2: Execution', 1);
INSERT INTO product_timeline_milestones (variant_id, milestone_text, sort_order) VALUES (138, 'Phase 3: Governance & Review', 2);
INSERT INTO product_timeline_milestones (variant_id, milestone_text, sort_order) VALUES (138, 'Phase 4: Operational Handover', 3);
INSERT INTO products (id, slug, title, short_description, collection_id, is_high_impact, audience, industry_relevance, department, business_impact, status) VALUES (23, 'farming-operations-high-impact', 'Farming Operations (High-Impact)', 'Assessment of farming operations, agricultural workflows, production environments, operational maturity, and digital agriculture transformation opportunities.', 'operations', true, 'Enterprise & Mid-Market', 'Farming 4.0', 'IT & Transformation', 'Significant operational improvements and risk reduction.', 'published');
INSERT INTO product_category_map (product_id, category_id) VALUES (23, 'modernise-technology') ON CONFLICT DO NOTHING;
INSERT INTO product_category_map (product_id, category_id) VALUES (23, 'improve-operations') ON CONFLICT DO NOTHING;
INSERT INTO product_variants (id, product_id, sku, slug, variant_name, service_type_id, duration_display, duration_weeks_min, duration_weeks_max, delivery_complexity, implementation_model, badge, positioning, is_default_variant, status) VALUES (149, 23, 'OPE-ADV-149', 'farming-operations-high-impact-assess-149', 'Assess', 'advisory', '1 Week', 1, 1, 'medium', 'TMaaS Managed Delivery', 'Advisory', '(High-Impact) Positioning Strategy', true, 'published');
INSERT INTO marketplace_listings (id, merchant_id, variant_id, listing_status, purchasability, popularity_score) VALUES (133, 1, 149, 'active', 'free', 100);
INSERT INTO variant_prices (listing_id, price_type, amount, price_display, billing_period, is_current) VALUES (133, 'list', 0, 'Free', 'one_time', true);
INSERT INTO product_content (variant_id, description, positioning) VALUES (149, 'Assessment of farming operations, agricultural workflows, production environments, operational maturity, and digital agriculture transformation opportunities.', '(High-Impact) Positioning Strategy');
INSERT INTO product_features (variant_id, feature_text, sort_order) VALUES (149, 'Architecture alignment for Farming Operations (High-Impact)', 0);
INSERT INTO product_features (variant_id, feature_text, sort_order) VALUES (149, 'Dedicated TMaaS specialist team', 1);
INSERT INTO product_features (variant_id, feature_text, sort_order) VALUES (149, 'SLA-backed governance and reporting', 2);
INSERT INTO product_features (variant_id, feature_text, sort_order) VALUES (149, 'Phased delivery and milestone tracking', 3);
INSERT INTO product_tags (variant_id, tag_name) VALUES (149, 'advisory');
INSERT INTO product_tags (variant_id, tag_name) VALUES (149, 'transformation');
INSERT INTO product_tags (variant_id, tag_name) VALUES (149, 'high-impact');
INSERT INTO product_tags (variant_id, tag_name) VALUES (149, 'farming-4.0');
INSERT INTO product_tags (variant_id, tag_name) VALUES (149, 'operations');
INSERT INTO product_timeline_milestones (variant_id, milestone_text, sort_order) VALUES (149, 'Phase 1: Discovery & Alignment', 0);
INSERT INTO product_timeline_milestones (variant_id, milestone_text, sort_order) VALUES (149, 'Phase 2: Execution', 1);
INSERT INTO product_timeline_milestones (variant_id, milestone_text, sort_order) VALUES (149, 'Phase 3: Governance & Review', 2);
INSERT INTO product_timeline_milestones (variant_id, milestone_text, sort_order) VALUES (149, 'Phase 4: Operational Handover', 3);
INSERT INTO product_variants (id, product_id, sku, slug, variant_name, service_type_id, duration_display, duration_weeks_min, duration_weeks_max, delivery_complexity, implementation_model, badge, positioning, is_default_variant, status) VALUES (150, 23, 'OPE-DES-150', 'farming-operations-high-impact-design-150', 'Design', 'design', '4 Weeks', 4, 4, 'high', 'TMaaS Managed Delivery', 'Design', '(High-Impact) Positioning Strategy', false, 'published');
INSERT INTO marketplace_listings (id, merchant_id, variant_id, listing_status, purchasability, popularity_score) VALUES (134, 1, 150, 'active', 'buy_now', 99);
INSERT INTO variant_prices (listing_id, price_type, amount, price_display, billing_period, is_current) VALUES (134, 'from', 1000, 'From $1,000', 'one_time', true);
INSERT INTO product_content (variant_id, description, positioning) VALUES (150, 'Design of digital farming operations, agricultural workflows, smart farming models, operational coordination structures, and production enablement strategies.', '(High-Impact) Positioning Strategy');
INSERT INTO product_features (variant_id, feature_text, sort_order) VALUES (150, 'Architecture alignment for Farming Operations (High-Impact)', 0);
INSERT INTO product_features (variant_id, feature_text, sort_order) VALUES (150, 'Dedicated TMaaS specialist team', 1);
INSERT INTO product_features (variant_id, feature_text, sort_order) VALUES (150, 'SLA-backed governance and reporting', 2);
INSERT INTO product_features (variant_id, feature_text, sort_order) VALUES (150, 'Phased delivery and milestone tracking', 3);
INSERT INTO product_tags (variant_id, tag_name) VALUES (150, 'design');
INSERT INTO product_tags (variant_id, tag_name) VALUES (150, 'transformation');
INSERT INTO product_tags (variant_id, tag_name) VALUES (150, 'high-impact');
INSERT INTO product_tags (variant_id, tag_name) VALUES (150, 'farming-4.0');
INSERT INTO product_tags (variant_id, tag_name) VALUES (150, 'operations');
INSERT INTO product_timeline_milestones (variant_id, milestone_text, sort_order) VALUES (150, 'Phase 1: Discovery & Alignment', 0);
INSERT INTO product_timeline_milestones (variant_id, milestone_text, sort_order) VALUES (150, 'Phase 2: Execution', 1);
INSERT INTO product_timeline_milestones (variant_id, milestone_text, sort_order) VALUES (150, 'Phase 3: Governance & Review', 2);
INSERT INTO product_timeline_milestones (variant_id, milestone_text, sort_order) VALUES (150, 'Phase 4: Operational Handover', 3);
INSERT INTO product_variants (id, product_id, sku, slug, variant_name, service_type_id, duration_display, duration_weeks_min, duration_weeks_max, delivery_complexity, implementation_model, badge, positioning, is_default_variant, status) VALUES (151, 23, 'OPE-AI_-151', 'farming-operations-high-impact-ai-design-151', 'AI Design', 'ai_design', '4 Weeks', 4, 4, 'high', 'TMaaS Managed Delivery', 'Ai Design', '(High-Impact) Positioning Strategy', false, 'published');
INSERT INTO marketplace_listings (id, merchant_id, variant_id, listing_status, purchasability, popularity_score) VALUES (135, 1, 151, 'active', 'buy_now', 98);
INSERT INTO variant_prices (listing_id, price_type, amount, price_display, billing_period, is_current) VALUES (135, 'from', 1000, 'From $1,000', 'one_time', true);
INSERT INTO product_content (variant_id, description, positioning) VALUES (151, 'Design of AI-powered agricultural capabilities including predictive farming, intelligent monitoring, automation, crop intelligence, and operational analytics.', '(High-Impact) Positioning Strategy');
INSERT INTO product_features (variant_id, feature_text, sort_order) VALUES (151, 'Architecture alignment for Farming Operations (High-Impact)', 0);
INSERT INTO product_features (variant_id, feature_text, sort_order) VALUES (151, 'Dedicated TMaaS specialist team', 1);
INSERT INTO product_features (variant_id, feature_text, sort_order) VALUES (151, 'SLA-backed governance and reporting', 2);
INSERT INTO product_features (variant_id, feature_text, sort_order) VALUES (151, 'Phased delivery and milestone tracking', 3);
INSERT INTO product_tags (variant_id, tag_name) VALUES (151, 'ai_design');
INSERT INTO product_tags (variant_id, tag_name) VALUES (151, 'transformation');
INSERT INTO product_tags (variant_id, tag_name) VALUES (151, 'high-impact');
INSERT INTO product_tags (variant_id, tag_name) VALUES (151, 'farming-4.0');
INSERT INTO product_tags (variant_id, tag_name) VALUES (151, 'operations');
INSERT INTO product_timeline_milestones (variant_id, milestone_text, sort_order) VALUES (151, 'Phase 1: Discovery & Alignment', 0);
INSERT INTO product_timeline_milestones (variant_id, milestone_text, sort_order) VALUES (151, 'Phase 2: Execution', 1);
INSERT INTO product_timeline_milestones (variant_id, milestone_text, sort_order) VALUES (151, 'Phase 3: Governance & Review', 2);
INSERT INTO product_timeline_milestones (variant_id, milestone_text, sort_order) VALUES (151, 'Phase 4: Operational Handover', 3);
INSERT INTO product_variants (id, product_id, sku, slug, variant_name, service_type_id, duration_display, duration_weeks_min, duration_weeks_max, delivery_complexity, implementation_model, badge, positioning, is_default_variant, status) VALUES (152, 23, 'OPE-DEP-152', 'farming-operations-high-impact-implementation-152', 'Implementation', 'deploy', '12 Weeks', 12, 12, 'high', 'TMaaS Managed Delivery', 'Deploy', '(High-Impact) Positioning Strategy', false, 'published');
INSERT INTO marketplace_listings (id, merchant_id, variant_id, listing_status, purchasability, popularity_score) VALUES (136, 1, 152, 'active', 'request_quote', 97);
INSERT INTO variant_prices (listing_id, price_type, amount, price_display, billing_period, is_current) VALUES (136, 'custom_floor', NULL, 'Custom', 'one_time', true);
INSERT INTO product_content (variant_id, description, positioning) VALUES (152, 'Deployment and implementation of digital farming platforms, agricultural operations systems, smart agriculture environments, and operational coordination capabilities.', '(High-Impact) Positioning Strategy');
INSERT INTO product_features (variant_id, feature_text, sort_order) VALUES (152, 'Architecture alignment for Farming Operations (High-Impact)', 0);
INSERT INTO product_features (variant_id, feature_text, sort_order) VALUES (152, 'Dedicated TMaaS specialist team', 1);
INSERT INTO product_features (variant_id, feature_text, sort_order) VALUES (152, 'SLA-backed governance and reporting', 2);
INSERT INTO product_features (variant_id, feature_text, sort_order) VALUES (152, 'Phased delivery and milestone tracking', 3);
INSERT INTO product_tags (variant_id, tag_name) VALUES (152, 'deploy');
INSERT INTO product_tags (variant_id, tag_name) VALUES (152, 'transformation');
INSERT INTO product_tags (variant_id, tag_name) VALUES (152, 'high-impact');
INSERT INTO product_tags (variant_id, tag_name) VALUES (152, 'farming-4.0');
INSERT INTO product_tags (variant_id, tag_name) VALUES (152, 'operations');
INSERT INTO product_timeline_milestones (variant_id, milestone_text, sort_order) VALUES (152, 'Phase 1: Discovery & Alignment', 0);
INSERT INTO product_timeline_milestones (variant_id, milestone_text, sort_order) VALUES (152, 'Phase 2: Execution', 1);
INSERT INTO product_timeline_milestones (variant_id, milestone_text, sort_order) VALUES (152, 'Phase 3: Governance & Review', 2);
INSERT INTO product_timeline_milestones (variant_id, milestone_text, sort_order) VALUES (152, 'Phase 4: Operational Handover', 3);
INSERT INTO product_variants (id, product_id, sku, slug, variant_name, service_type_id, duration_display, duration_weeks_min, duration_weeks_max, delivery_complexity, implementation_model, badge, positioning, is_default_variant, status) VALUES (153, 23, 'OPE-AI_-153', 'farming-operations-high-impact-ai-implementation-153', 'AI Implementation', 'ai_deploy', '12 Weeks', 12, 12, 'high', 'TMaaS Managed Delivery', 'Ai Deploy', '(High-Impact) Positioning Strategy', false, 'published');
INSERT INTO marketplace_listings (id, merchant_id, variant_id, listing_status, purchasability, popularity_score) VALUES (137, 1, 153, 'active', 'request_quote', 96);
INSERT INTO variant_prices (listing_id, price_type, amount, price_display, billing_period, is_current) VALUES (137, 'custom_floor', NULL, 'Custom', 'one_time', true);
INSERT INTO product_content (variant_id, description, positioning) VALUES (153, 'Deployment of AI-powered farming automation, predictive agriculture, intelligent monitoring, operational analytics, and agricultural optimization capabilities.', '(High-Impact) Positioning Strategy');
INSERT INTO product_features (variant_id, feature_text, sort_order) VALUES (153, 'Architecture alignment for Farming Operations (High-Impact)', 0);
INSERT INTO product_features (variant_id, feature_text, sort_order) VALUES (153, 'Dedicated TMaaS specialist team', 1);
INSERT INTO product_features (variant_id, feature_text, sort_order) VALUES (153, 'SLA-backed governance and reporting', 2);
INSERT INTO product_features (variant_id, feature_text, sort_order) VALUES (153, 'Phased delivery and milestone tracking', 3);
INSERT INTO product_tags (variant_id, tag_name) VALUES (153, 'ai_deploy');
INSERT INTO product_tags (variant_id, tag_name) VALUES (153, 'transformation');
INSERT INTO product_tags (variant_id, tag_name) VALUES (153, 'high-impact');
INSERT INTO product_tags (variant_id, tag_name) VALUES (153, 'farming-4.0');
INSERT INTO product_tags (variant_id, tag_name) VALUES (153, 'operations');
INSERT INTO product_timeline_milestones (variant_id, milestone_text, sort_order) VALUES (153, 'Phase 1: Discovery & Alignment', 0);
INSERT INTO product_timeline_milestones (variant_id, milestone_text, sort_order) VALUES (153, 'Phase 2: Execution', 1);
INSERT INTO product_timeline_milestones (variant_id, milestone_text, sort_order) VALUES (153, 'Phase 3: Governance & Review', 2);
INSERT INTO product_timeline_milestones (variant_id, milestone_text, sort_order) VALUES (153, 'Phase 4: Operational Handover', 3);
INSERT INTO product_variants (id, product_id, sku, slug, variant_name, service_type_id, duration_display, duration_weeks_min, duration_weeks_max, delivery_complexity, implementation_model, badge, positioning, is_default_variant, status) VALUES (154, 23, 'OPE-MAN-154', 'farming-operations-high-impact-managed-service-154', 'Managed Service', 'manage', 'Ongoing', NULL, NULL, 'medium', 'TMaaS Managed Delivery', 'Manage', '(High-Impact) Positioning Strategy', false, 'published');
INSERT INTO marketplace_listings (id, merchant_id, variant_id, listing_status, purchasability, popularity_score) VALUES (138, 1, 154, 'active', 'buy_now', 95);
INSERT INTO variant_prices (listing_id, price_type, amount, price_display, billing_period, is_current) VALUES (138, 'list', NULL, 'Custom Monthly Plans', 'monthly', true);
INSERT INTO product_content (variant_id, description, positioning) VALUES (154, 'Managed operations, optimisation, monitoring, support, and continuous improvement of digital farming and agricultural operational environments.', '(High-Impact) Positioning Strategy');
INSERT INTO product_features (variant_id, feature_text, sort_order) VALUES (154, 'Architecture alignment for Farming Operations (High-Impact)', 0);
INSERT INTO product_features (variant_id, feature_text, sort_order) VALUES (154, 'Dedicated TMaaS specialist team', 1);
INSERT INTO product_features (variant_id, feature_text, sort_order) VALUES (154, 'SLA-backed governance and reporting', 2);
INSERT INTO product_features (variant_id, feature_text, sort_order) VALUES (154, 'Phased delivery and milestone tracking', 3);
INSERT INTO product_tags (variant_id, tag_name) VALUES (154, 'manage');
INSERT INTO product_tags (variant_id, tag_name) VALUES (154, 'transformation');
INSERT INTO product_tags (variant_id, tag_name) VALUES (154, 'high-impact');
INSERT INTO product_tags (variant_id, tag_name) VALUES (154, 'farming-4.0');
INSERT INTO product_tags (variant_id, tag_name) VALUES (154, 'operations');
INSERT INTO product_timeline_milestones (variant_id, milestone_text, sort_order) VALUES (154, 'Phase 1: Discovery & Alignment', 0);
INSERT INTO product_timeline_milestones (variant_id, milestone_text, sort_order) VALUES (154, 'Phase 2: Execution', 1);
INSERT INTO product_timeline_milestones (variant_id, milestone_text, sort_order) VALUES (154, 'Phase 3: Governance & Review', 2);
INSERT INTO product_timeline_milestones (variant_id, milestone_text, sort_order) VALUES (154, 'Phase 4: Operational Handover', 3);
INSERT INTO products (id, slug, title, short_description, collection_id, is_high_impact, audience, industry_relevance, department, business_impact, status) VALUES (24, 'manufacturing-operations-high-impact', 'Manufacturing Operations (High-Impact)', 'Assessment of manufacturing operations, production workflows, factory efficiency, operational maturity, and Industry 4.0 transformation opportunities.', 'operations', true, 'Enterprise & Mid-Market', 'Plant 4.0', 'IT & Transformation', 'Significant operational improvements and risk reduction.', 'published');
INSERT INTO product_category_map (product_id, category_id) VALUES (24, 'modernise-technology') ON CONFLICT DO NOTHING;
INSERT INTO product_category_map (product_id, category_id) VALUES (24, 'improve-operations') ON CONFLICT DO NOTHING;
INSERT INTO product_variants (id, product_id, sku, slug, variant_name, service_type_id, duration_display, duration_weeks_min, duration_weeks_max, delivery_complexity, implementation_model, badge, positioning, is_default_variant, status) VALUES (155, 24, 'OPE-ADV-155', 'manufacturing-operations-high-impact-assess-155', 'Assess', 'advisory', '1 Week', 1, 1, 'medium', 'TMaaS Managed Delivery', 'Advisory', '(High-Impact) Positioning Strategy', true, 'published');
INSERT INTO marketplace_listings (id, merchant_id, variant_id, listing_status, purchasability, popularity_score) VALUES (139, 1, 155, 'active', 'free', 100);
INSERT INTO variant_prices (listing_id, price_type, amount, price_display, billing_period, is_current) VALUES (139, 'list', 0, 'Free', 'one_time', true);
INSERT INTO product_content (variant_id, description, positioning) VALUES (155, 'Assessment of manufacturing operations, production workflows, factory efficiency, operational maturity, and Industry 4.0 transformation opportunities.', '(High-Impact) Positioning Strategy');
INSERT INTO product_features (variant_id, feature_text, sort_order) VALUES (155, 'Architecture alignment for Manufacturing Operations (High-Impact)', 0);
INSERT INTO product_features (variant_id, feature_text, sort_order) VALUES (155, 'Dedicated TMaaS specialist team', 1);
INSERT INTO product_features (variant_id, feature_text, sort_order) VALUES (155, 'SLA-backed governance and reporting', 2);
INSERT INTO product_features (variant_id, feature_text, sort_order) VALUES (155, 'Phased delivery and milestone tracking', 3);
INSERT INTO product_tags (variant_id, tag_name) VALUES (155, 'advisory');
INSERT INTO product_tags (variant_id, tag_name) VALUES (155, 'transformation');
INSERT INTO product_tags (variant_id, tag_name) VALUES (155, 'high-impact');
INSERT INTO product_tags (variant_id, tag_name) VALUES (155, 'plant-4.0');
INSERT INTO product_tags (variant_id, tag_name) VALUES (155, 'operations');
INSERT INTO product_timeline_milestones (variant_id, milestone_text, sort_order) VALUES (155, 'Phase 1: Discovery & Alignment', 0);
INSERT INTO product_timeline_milestones (variant_id, milestone_text, sort_order) VALUES (155, 'Phase 2: Execution', 1);
INSERT INTO product_timeline_milestones (variant_id, milestone_text, sort_order) VALUES (155, 'Phase 3: Governance & Review', 2);
INSERT INTO product_timeline_milestones (variant_id, milestone_text, sort_order) VALUES (155, 'Phase 4: Operational Handover', 3);
INSERT INTO product_variants (id, product_id, sku, slug, variant_name, service_type_id, duration_display, duration_weeks_min, duration_weeks_max, delivery_complexity, implementation_model, badge, positioning, is_default_variant, status) VALUES (156, 24, 'OPE-DES-156', 'manufacturing-operations-high-impact-design-156', 'Design', 'design', '4 Weeks', 4, 4, 'high', 'TMaaS Managed Delivery', 'Design', '(High-Impact) Positioning Strategy', false, 'published');
INSERT INTO marketplace_listings (id, merchant_id, variant_id, listing_status, purchasability, popularity_score) VALUES (140, 1, 156, 'active', 'buy_now', 99);
INSERT INTO variant_prices (listing_id, price_type, amount, price_display, billing_period, is_current) VALUES (140, 'from', 1000, 'From $1,000', 'one_time', true);
INSERT INTO product_content (variant_id, description, positioning) VALUES (156, 'Design of manufacturing operating models, production workflows, factory operations, industrial coordination environments, and operational enablement strategies.', '(High-Impact) Positioning Strategy');
INSERT INTO product_features (variant_id, feature_text, sort_order) VALUES (156, 'Architecture alignment for Manufacturing Operations (High-Impact)', 0);
INSERT INTO product_features (variant_id, feature_text, sort_order) VALUES (156, 'Dedicated TMaaS specialist team', 1);
INSERT INTO product_features (variant_id, feature_text, sort_order) VALUES (156, 'SLA-backed governance and reporting', 2);
INSERT INTO product_features (variant_id, feature_text, sort_order) VALUES (156, 'Phased delivery and milestone tracking', 3);
INSERT INTO product_tags (variant_id, tag_name) VALUES (156, 'design');
INSERT INTO product_tags (variant_id, tag_name) VALUES (156, 'transformation');
INSERT INTO product_tags (variant_id, tag_name) VALUES (156, 'high-impact');
INSERT INTO product_tags (variant_id, tag_name) VALUES (156, 'plant-4.0');
INSERT INTO product_tags (variant_id, tag_name) VALUES (156, 'operations');
INSERT INTO product_timeline_milestones (variant_id, milestone_text, sort_order) VALUES (156, 'Phase 1: Discovery & Alignment', 0);
INSERT INTO product_timeline_milestones (variant_id, milestone_text, sort_order) VALUES (156, 'Phase 2: Execution', 1);
INSERT INTO product_timeline_milestones (variant_id, milestone_text, sort_order) VALUES (156, 'Phase 3: Governance & Review', 2);
INSERT INTO product_timeline_milestones (variant_id, milestone_text, sort_order) VALUES (156, 'Phase 4: Operational Handover', 3);
INSERT INTO product_variants (id, product_id, sku, slug, variant_name, service_type_id, duration_display, duration_weeks_min, duration_weeks_max, delivery_complexity, implementation_model, badge, positioning, is_default_variant, status) VALUES (157, 24, 'OPE-AI_-157', 'manufacturing-operations-high-impact-ai-design-157', 'AI Design', 'ai_design', '4 Weeks', 4, 4, 'high', 'TMaaS Managed Delivery', 'Ai Design', '(High-Impact) Positioning Strategy', false, 'published');
INSERT INTO marketplace_listings (id, merchant_id, variant_id, listing_status, purchasability, popularity_score) VALUES (141, 1, 157, 'active', 'buy_now', 98);
INSERT INTO variant_prices (listing_id, price_type, amount, price_display, billing_period, is_current) VALUES (141, 'from', 1000, 'From $1,000', 'one_time', true);
INSERT INTO product_content (variant_id, description, positioning) VALUES (157, 'Design of AI-powered manufacturing capabilities including predictive maintenance, intelligent automation, operational analytics, and smart factory optimization.', '(High-Impact) Positioning Strategy');
INSERT INTO product_features (variant_id, feature_text, sort_order) VALUES (157, 'Architecture alignment for Manufacturing Operations (High-Impact)', 0);
INSERT INTO product_features (variant_id, feature_text, sort_order) VALUES (157, 'Dedicated TMaaS specialist team', 1);
INSERT INTO product_features (variant_id, feature_text, sort_order) VALUES (157, 'SLA-backed governance and reporting', 2);
INSERT INTO product_features (variant_id, feature_text, sort_order) VALUES (157, 'Phased delivery and milestone tracking', 3);
INSERT INTO product_tags (variant_id, tag_name) VALUES (157, 'ai_design');
INSERT INTO product_tags (variant_id, tag_name) VALUES (157, 'transformation');
INSERT INTO product_tags (variant_id, tag_name) VALUES (157, 'high-impact');
INSERT INTO product_tags (variant_id, tag_name) VALUES (157, 'plant-4.0');
INSERT INTO product_tags (variant_id, tag_name) VALUES (157, 'operations');
INSERT INTO product_timeline_milestones (variant_id, milestone_text, sort_order) VALUES (157, 'Phase 1: Discovery & Alignment', 0);
INSERT INTO product_timeline_milestones (variant_id, milestone_text, sort_order) VALUES (157, 'Phase 2: Execution', 1);
INSERT INTO product_timeline_milestones (variant_id, milestone_text, sort_order) VALUES (157, 'Phase 3: Governance & Review', 2);
INSERT INTO product_timeline_milestones (variant_id, milestone_text, sort_order) VALUES (157, 'Phase 4: Operational Handover', 3);
INSERT INTO product_variants (id, product_id, sku, slug, variant_name, service_type_id, duration_display, duration_weeks_min, duration_weeks_max, delivery_complexity, implementation_model, badge, positioning, is_default_variant, status) VALUES (158, 24, 'OPE-DEP-158', 'manufacturing-operations-high-impact-implementation-158', 'Implementation', 'deploy', '12 Weeks', 12, 12, 'high', 'TMaaS Managed Delivery', 'Deploy', '(High-Impact) Positioning Strategy', false, 'published');
INSERT INTO marketplace_listings (id, merchant_id, variant_id, listing_status, purchasability, popularity_score) VALUES (142, 1, 158, 'active', 'request_quote', 97);
INSERT INTO variant_prices (listing_id, price_type, amount, price_display, billing_period, is_current) VALUES (142, 'custom_floor', NULL, 'Custom', 'one_time', true);
INSERT INTO product_content (variant_id, description, positioning) VALUES (158, 'Deployment and implementation of manufacturing systems, production platforms, factory operational environments, and Industry 4.0 capabilities.', '(High-Impact) Positioning Strategy');
INSERT INTO product_features (variant_id, feature_text, sort_order) VALUES (158, 'Architecture alignment for Manufacturing Operations (High-Impact)', 0);
INSERT INTO product_features (variant_id, feature_text, sort_order) VALUES (158, 'Dedicated TMaaS specialist team', 1);
INSERT INTO product_features (variant_id, feature_text, sort_order) VALUES (158, 'SLA-backed governance and reporting', 2);
INSERT INTO product_features (variant_id, feature_text, sort_order) VALUES (158, 'Phased delivery and milestone tracking', 3);
INSERT INTO product_tags (variant_id, tag_name) VALUES (158, 'deploy');
INSERT INTO product_tags (variant_id, tag_name) VALUES (158, 'transformation');
INSERT INTO product_tags (variant_id, tag_name) VALUES (158, 'high-impact');
INSERT INTO product_tags (variant_id, tag_name) VALUES (158, 'plant-4.0');
INSERT INTO product_tags (variant_id, tag_name) VALUES (158, 'operations');
INSERT INTO product_timeline_milestones (variant_id, milestone_text, sort_order) VALUES (158, 'Phase 1: Discovery & Alignment', 0);
INSERT INTO product_timeline_milestones (variant_id, milestone_text, sort_order) VALUES (158, 'Phase 2: Execution', 1);
INSERT INTO product_timeline_milestones (variant_id, milestone_text, sort_order) VALUES (158, 'Phase 3: Governance & Review', 2);
INSERT INTO product_timeline_milestones (variant_id, milestone_text, sort_order) VALUES (158, 'Phase 4: Operational Handover', 3);
INSERT INTO product_variants (id, product_id, sku, slug, variant_name, service_type_id, duration_display, duration_weeks_min, duration_weeks_max, delivery_complexity, implementation_model, badge, positioning, is_default_variant, status) VALUES (159, 24, 'OPE-AI_-159', 'manufacturing-operations-high-impact-ai-implementation-159', 'AI Implementation', 'ai_deploy', '12 Weeks', 12, 12, 'high', 'TMaaS Managed Delivery', 'Ai Deploy', '(High-Impact) Positioning Strategy', false, 'published');
INSERT INTO marketplace_listings (id, merchant_id, variant_id, listing_status, purchasability, popularity_score) VALUES (143, 1, 159, 'active', 'request_quote', 96);
INSERT INTO variant_prices (listing_id, price_type, amount, price_display, billing_period, is_current) VALUES (143, 'custom_floor', NULL, 'Custom', 'one_time', true);
INSERT INTO product_content (variant_id, description, positioning) VALUES (159, 'Deployment of AI-powered manufacturing automation, predictive maintenance, intelligent monitoring, operational analytics, and production optimization capabilities.', '(High-Impact) Positioning Strategy');
INSERT INTO product_features (variant_id, feature_text, sort_order) VALUES (159, 'Architecture alignment for Manufacturing Operations (High-Impact)', 0);
INSERT INTO product_features (variant_id, feature_text, sort_order) VALUES (159, 'Dedicated TMaaS specialist team', 1);
INSERT INTO product_features (variant_id, feature_text, sort_order) VALUES (159, 'SLA-backed governance and reporting', 2);
INSERT INTO product_features (variant_id, feature_text, sort_order) VALUES (159, 'Phased delivery and milestone tracking', 3);
INSERT INTO product_tags (variant_id, tag_name) VALUES (159, 'ai_deploy');
INSERT INTO product_tags (variant_id, tag_name) VALUES (159, 'transformation');
INSERT INTO product_tags (variant_id, tag_name) VALUES (159, 'high-impact');
INSERT INTO product_tags (variant_id, tag_name) VALUES (159, 'plant-4.0');
INSERT INTO product_tags (variant_id, tag_name) VALUES (159, 'operations');
INSERT INTO product_timeline_milestones (variant_id, milestone_text, sort_order) VALUES (159, 'Phase 1: Discovery & Alignment', 0);
INSERT INTO product_timeline_milestones (variant_id, milestone_text, sort_order) VALUES (159, 'Phase 2: Execution', 1);
INSERT INTO product_timeline_milestones (variant_id, milestone_text, sort_order) VALUES (159, 'Phase 3: Governance & Review', 2);
INSERT INTO product_timeline_milestones (variant_id, milestone_text, sort_order) VALUES (159, 'Phase 4: Operational Handover', 3);
INSERT INTO product_variants (id, product_id, sku, slug, variant_name, service_type_id, duration_display, duration_weeks_min, duration_weeks_max, delivery_complexity, implementation_model, badge, positioning, is_default_variant, status) VALUES (160, 24, 'OPE-MAN-160', 'manufacturing-operations-high-impact-managed-service-160', 'Managed Service', 'manage', 'Ongoing', NULL, NULL, 'medium', 'TMaaS Managed Delivery', 'Manage', '(High-Impact) Positioning Strategy', false, 'published');
INSERT INTO marketplace_listings (id, merchant_id, variant_id, listing_status, purchasability, popularity_score) VALUES (144, 1, 160, 'active', 'buy_now', 95);
INSERT INTO variant_prices (listing_id, price_type, amount, price_display, billing_period, is_current) VALUES (144, 'list', NULL, 'Custom Monthly Plans', 'monthly', true);
INSERT INTO product_content (variant_id, description, positioning) VALUES (160, 'Managed manufacturing operations, production monitoring, optimisation, support, and continuous industrial operational improvement services.', '(High-Impact) Positioning Strategy');
INSERT INTO product_features (variant_id, feature_text, sort_order) VALUES (160, 'Architecture alignment for Manufacturing Operations (High-Impact)', 0);
INSERT INTO product_features (variant_id, feature_text, sort_order) VALUES (160, 'Dedicated TMaaS specialist team', 1);
INSERT INTO product_features (variant_id, feature_text, sort_order) VALUES (160, 'SLA-backed governance and reporting', 2);
INSERT INTO product_features (variant_id, feature_text, sort_order) VALUES (160, 'Phased delivery and milestone tracking', 3);
INSERT INTO product_tags (variant_id, tag_name) VALUES (160, 'manage');
INSERT INTO product_tags (variant_id, tag_name) VALUES (160, 'transformation');
INSERT INTO product_tags (variant_id, tag_name) VALUES (160, 'high-impact');
INSERT INTO product_tags (variant_id, tag_name) VALUES (160, 'plant-4.0');
INSERT INTO product_tags (variant_id, tag_name) VALUES (160, 'operations');
INSERT INTO product_timeline_milestones (variant_id, milestone_text, sort_order) VALUES (160, 'Phase 1: Discovery & Alignment', 0);
INSERT INTO product_timeline_milestones (variant_id, milestone_text, sort_order) VALUES (160, 'Phase 2: Execution', 1);
INSERT INTO product_timeline_milestones (variant_id, milestone_text, sort_order) VALUES (160, 'Phase 3: Governance & Review', 2);
INSERT INTO product_timeline_milestones (variant_id, milestone_text, sort_order) VALUES (160, 'Phase 4: Operational Handover', 3);
INSERT INTO products (id, slug, title, short_description, collection_id, is_high_impact, audience, industry_relevance, department, business_impact, status) VALUES (25, 'infrastructure-operations-high-impact', 'Infrastructure Operations (High-Impact)', 'Assessment of infrastructure operations, asset management maturity, operational resilience, maintenance workflows, and infrastructure transformation opportunities.', 'operations', true, 'Enterprise & Mid-Market', 'Infrastructure 4.0', 'IT & Transformation', 'Significant operational improvements and risk reduction.', 'published');
INSERT INTO product_category_map (product_id, category_id) VALUES (25, 'modernise-technology') ON CONFLICT DO NOTHING;
INSERT INTO product_category_map (product_id, category_id) VALUES (25, 'improve-operations') ON CONFLICT DO NOTHING;
INSERT INTO product_variants (id, product_id, sku, slug, variant_name, service_type_id, duration_display, duration_weeks_min, duration_weeks_max, delivery_complexity, implementation_model, badge, positioning, is_default_variant, status) VALUES (161, 25, 'OPE-ADV-161', 'infrastructure-operations-high-impact-assess-161', 'Assess', 'advisory', '1 Week', 1, 1, 'medium', 'TMaaS Managed Delivery', 'Advisory', '(High-Impact) Positioning Strategy', true, 'published');
INSERT INTO marketplace_listings (id, merchant_id, variant_id, listing_status, purchasability, popularity_score) VALUES (145, 1, 161, 'active', 'free', 100);
INSERT INTO variant_prices (listing_id, price_type, amount, price_display, billing_period, is_current) VALUES (145, 'list', 0, 'Free', 'one_time', true);
INSERT INTO product_content (variant_id, description, positioning) VALUES (161, 'Assessment of infrastructure operations, asset management maturity, operational resilience, maintenance workflows, and infrastructure transformation opportunities.', '(High-Impact) Positioning Strategy');
INSERT INTO product_features (variant_id, feature_text, sort_order) VALUES (161, 'Architecture alignment for Infrastructure Operations (High-Impact)', 0);
INSERT INTO product_features (variant_id, feature_text, sort_order) VALUES (161, 'Dedicated TMaaS specialist team', 1);
INSERT INTO product_features (variant_id, feature_text, sort_order) VALUES (161, 'SLA-backed governance and reporting', 2);
INSERT INTO product_features (variant_id, feature_text, sort_order) VALUES (161, 'Phased delivery and milestone tracking', 3);
INSERT INTO product_tags (variant_id, tag_name) VALUES (161, 'advisory');
INSERT INTO product_tags (variant_id, tag_name) VALUES (161, 'transformation');
INSERT INTO product_tags (variant_id, tag_name) VALUES (161, 'high-impact');
INSERT INTO product_tags (variant_id, tag_name) VALUES (161, 'infrastructure-4.0');
INSERT INTO product_tags (variant_id, tag_name) VALUES (161, 'operations');
INSERT INTO product_timeline_milestones (variant_id, milestone_text, sort_order) VALUES (161, 'Phase 1: Discovery & Alignment', 0);
INSERT INTO product_timeline_milestones (variant_id, milestone_text, sort_order) VALUES (161, 'Phase 2: Execution', 1);
INSERT INTO product_timeline_milestones (variant_id, milestone_text, sort_order) VALUES (161, 'Phase 3: Governance & Review', 2);
INSERT INTO product_timeline_milestones (variant_id, milestone_text, sort_order) VALUES (161, 'Phase 4: Operational Handover', 3);
INSERT INTO product_variants (id, product_id, sku, slug, variant_name, service_type_id, duration_display, duration_weeks_min, duration_weeks_max, delivery_complexity, implementation_model, badge, positioning, is_default_variant, status) VALUES (162, 25, 'OPE-DES-162', 'infrastructure-operations-high-impact-design-162', 'Design', 'design', '4 Weeks', 4, 4, 'high', 'TMaaS Managed Delivery', 'Design', '(High-Impact) Positioning Strategy', false, 'published');
INSERT INTO marketplace_listings (id, merchant_id, variant_id, listing_status, purchasability, popularity_score) VALUES (146, 1, 162, 'active', 'buy_now', 99);
INSERT INTO variant_prices (listing_id, price_type, amount, price_display, billing_period, is_current) VALUES (146, 'from', 1000, 'From $1,000', 'one_time', true);
INSERT INTO product_content (variant_id, description, positioning) VALUES (162, 'Design of infrastructure operating models, operational workflows, asset coordination environments, maintenance strategies, and infrastructure enablement capabilities.', '(High-Impact) Positioning Strategy');
INSERT INTO product_features (variant_id, feature_text, sort_order) VALUES (162, 'Architecture alignment for Infrastructure Operations (High-Impact)', 0);
INSERT INTO product_features (variant_id, feature_text, sort_order) VALUES (162, 'Dedicated TMaaS specialist team', 1);
INSERT INTO product_features (variant_id, feature_text, sort_order) VALUES (162, 'SLA-backed governance and reporting', 2);
INSERT INTO product_features (variant_id, feature_text, sort_order) VALUES (162, 'Phased delivery and milestone tracking', 3);
INSERT INTO product_tags (variant_id, tag_name) VALUES (162, 'design');
INSERT INTO product_tags (variant_id, tag_name) VALUES (162, 'transformation');
INSERT INTO product_tags (variant_id, tag_name) VALUES (162, 'high-impact');
INSERT INTO product_tags (variant_id, tag_name) VALUES (162, 'infrastructure-4.0');
INSERT INTO product_tags (variant_id, tag_name) VALUES (162, 'operations');
INSERT INTO product_timeline_milestones (variant_id, milestone_text, sort_order) VALUES (162, 'Phase 1: Discovery & Alignment', 0);
INSERT INTO product_timeline_milestones (variant_id, milestone_text, sort_order) VALUES (162, 'Phase 2: Execution', 1);
INSERT INTO product_timeline_milestones (variant_id, milestone_text, sort_order) VALUES (162, 'Phase 3: Governance & Review', 2);
INSERT INTO product_timeline_milestones (variant_id, milestone_text, sort_order) VALUES (162, 'Phase 4: Operational Handover', 3);
INSERT INTO product_variants (id, product_id, sku, slug, variant_name, service_type_id, duration_display, duration_weeks_min, duration_weeks_max, delivery_complexity, implementation_model, badge, positioning, is_default_variant, status) VALUES (163, 25, 'OPE-AI_-163', 'infrastructure-operations-high-impact-ai-design-163', 'AI Design', 'ai_design', '4 Weeks', 4, 4, 'high', 'TMaaS Managed Delivery', 'Ai Design', '(High-Impact) Positioning Strategy', false, 'published');
INSERT INTO marketplace_listings (id, merchant_id, variant_id, listing_status, purchasability, popularity_score) VALUES (147, 1, 163, 'active', 'buy_now', 98);
INSERT INTO variant_prices (listing_id, price_type, amount, price_display, billing_period, is_current) VALUES (147, 'from', 1000, 'From $1,000', 'one_time', true);
INSERT INTO product_content (variant_id, description, positioning) VALUES (163, 'Design of AI-powered infrastructure capabilities including predictive maintenance, intelligent monitoring, automation, operational analytics, and infrastructure intelligence.', '(High-Impact) Positioning Strategy');
INSERT INTO product_features (variant_id, feature_text, sort_order) VALUES (163, 'Architecture alignment for Infrastructure Operations (High-Impact)', 0);
INSERT INTO product_features (variant_id, feature_text, sort_order) VALUES (163, 'Dedicated TMaaS specialist team', 1);
INSERT INTO product_features (variant_id, feature_text, sort_order) VALUES (163, 'SLA-backed governance and reporting', 2);
INSERT INTO product_features (variant_id, feature_text, sort_order) VALUES (163, 'Phased delivery and milestone tracking', 3);
INSERT INTO product_tags (variant_id, tag_name) VALUES (163, 'ai_design');
INSERT INTO product_tags (variant_id, tag_name) VALUES (163, 'transformation');
INSERT INTO product_tags (variant_id, tag_name) VALUES (163, 'high-impact');
INSERT INTO product_tags (variant_id, tag_name) VALUES (163, 'infrastructure-4.0');
INSERT INTO product_tags (variant_id, tag_name) VALUES (163, 'operations');
INSERT INTO product_timeline_milestones (variant_id, milestone_text, sort_order) VALUES (163, 'Phase 1: Discovery & Alignment', 0);
INSERT INTO product_timeline_milestones (variant_id, milestone_text, sort_order) VALUES (163, 'Phase 2: Execution', 1);
INSERT INTO product_timeline_milestones (variant_id, milestone_text, sort_order) VALUES (163, 'Phase 3: Governance & Review', 2);
INSERT INTO product_timeline_milestones (variant_id, milestone_text, sort_order) VALUES (163, 'Phase 4: Operational Handover', 3);
INSERT INTO product_variants (id, product_id, sku, slug, variant_name, service_type_id, duration_display, duration_weeks_min, duration_weeks_max, delivery_complexity, implementation_model, badge, positioning, is_default_variant, status) VALUES (164, 25, 'OPE-DEP-164', 'infrastructure-operations-high-impact-implementation-164', 'Implementation', 'deploy', '12 Weeks', 12, 12, 'high', 'TMaaS Managed Delivery', 'Deploy', '(High-Impact) Positioning Strategy', false, 'published');
INSERT INTO marketplace_listings (id, merchant_id, variant_id, listing_status, purchasability, popularity_score) VALUES (148, 1, 164, 'active', 'request_quote', 97);
INSERT INTO variant_prices (listing_id, price_type, amount, price_display, billing_period, is_current) VALUES (148, 'custom_floor', NULL, 'Custom', 'one_time', true);
INSERT INTO product_content (variant_id, description, positioning) VALUES (164, 'Deployment and implementation of infrastructure operations systems, monitoring platforms, operational environments, and asset management capabilities.', '(High-Impact) Positioning Strategy');
INSERT INTO product_features (variant_id, feature_text, sort_order) VALUES (164, 'Architecture alignment for Infrastructure Operations (High-Impact)', 0);
INSERT INTO product_features (variant_id, feature_text, sort_order) VALUES (164, 'Dedicated TMaaS specialist team', 1);
INSERT INTO product_features (variant_id, feature_text, sort_order) VALUES (164, 'SLA-backed governance and reporting', 2);
INSERT INTO product_features (variant_id, feature_text, sort_order) VALUES (164, 'Phased delivery and milestone tracking', 3);
INSERT INTO product_tags (variant_id, tag_name) VALUES (164, 'deploy');
INSERT INTO product_tags (variant_id, tag_name) VALUES (164, 'transformation');
INSERT INTO product_tags (variant_id, tag_name) VALUES (164, 'high-impact');
INSERT INTO product_tags (variant_id, tag_name) VALUES (164, 'infrastructure-4.0');
INSERT INTO product_tags (variant_id, tag_name) VALUES (164, 'operations');
INSERT INTO product_timeline_milestones (variant_id, milestone_text, sort_order) VALUES (164, 'Phase 1: Discovery & Alignment', 0);
INSERT INTO product_timeline_milestones (variant_id, milestone_text, sort_order) VALUES (164, 'Phase 2: Execution', 1);
INSERT INTO product_timeline_milestones (variant_id, milestone_text, sort_order) VALUES (164, 'Phase 3: Governance & Review', 2);
INSERT INTO product_timeline_milestones (variant_id, milestone_text, sort_order) VALUES (164, 'Phase 4: Operational Handover', 3);
INSERT INTO product_variants (id, product_id, sku, slug, variant_name, service_type_id, duration_display, duration_weeks_min, duration_weeks_max, delivery_complexity, implementation_model, badge, positioning, is_default_variant, status) VALUES (165, 25, 'OPE-AI_-165', 'infrastructure-operations-high-impact-ai-implementation-165', 'AI Implementation', 'ai_deploy', '12 Weeks', 12, 12, 'high', 'TMaaS Managed Delivery', 'Ai Deploy', '(High-Impact) Positioning Strategy', false, 'published');
INSERT INTO marketplace_listings (id, merchant_id, variant_id, listing_status, purchasability, popularity_score) VALUES (149, 1, 165, 'active', 'request_quote', 96);
INSERT INTO variant_prices (listing_id, price_type, amount, price_display, billing_period, is_current) VALUES (149, 'custom_floor', NULL, 'Custom', 'one_time', true);
INSERT INTO product_content (variant_id, description, positioning) VALUES (165, 'Deployment of AI-powered infrastructure automation, predictive monitoring, intelligent maintenance, operational analytics, and infrastructure optimization capabilities.', '(High-Impact) Positioning Strategy');
INSERT INTO product_features (variant_id, feature_text, sort_order) VALUES (165, 'Architecture alignment for Infrastructure Operations (High-Impact)', 0);
INSERT INTO product_features (variant_id, feature_text, sort_order) VALUES (165, 'Dedicated TMaaS specialist team', 1);
INSERT INTO product_features (variant_id, feature_text, sort_order) VALUES (165, 'SLA-backed governance and reporting', 2);
INSERT INTO product_features (variant_id, feature_text, sort_order) VALUES (165, 'Phased delivery and milestone tracking', 3);
INSERT INTO product_tags (variant_id, tag_name) VALUES (165, 'ai_deploy');
INSERT INTO product_tags (variant_id, tag_name) VALUES (165, 'transformation');
INSERT INTO product_tags (variant_id, tag_name) VALUES (165, 'high-impact');
INSERT INTO product_tags (variant_id, tag_name) VALUES (165, 'infrastructure-4.0');
INSERT INTO product_tags (variant_id, tag_name) VALUES (165, 'operations');
INSERT INTO product_timeline_milestones (variant_id, milestone_text, sort_order) VALUES (165, 'Phase 1: Discovery & Alignment', 0);
INSERT INTO product_timeline_milestones (variant_id, milestone_text, sort_order) VALUES (165, 'Phase 2: Execution', 1);
INSERT INTO product_timeline_milestones (variant_id, milestone_text, sort_order) VALUES (165, 'Phase 3: Governance & Review', 2);
INSERT INTO product_timeline_milestones (variant_id, milestone_text, sort_order) VALUES (165, 'Phase 4: Operational Handover', 3);
INSERT INTO product_variants (id, product_id, sku, slug, variant_name, service_type_id, duration_display, duration_weeks_min, duration_weeks_max, delivery_complexity, implementation_model, badge, positioning, is_default_variant, status) VALUES (166, 25, 'OPE-MAN-166', 'infrastructure-operations-high-impact-managed-service-166', 'Managed Service', 'manage', 'Ongoing', NULL, NULL, 'medium', 'TMaaS Managed Delivery', 'Manage', '(High-Impact) Positioning Strategy', false, 'published');
INSERT INTO marketplace_listings (id, merchant_id, variant_id, listing_status, purchasability, popularity_score) VALUES (150, 1, 166, 'active', 'buy_now', 95);
INSERT INTO variant_prices (listing_id, price_type, amount, price_display, billing_period, is_current) VALUES (150, 'list', NULL, 'Custom Monthly Plans', 'monthly', true);
INSERT INTO product_content (variant_id, description, positioning) VALUES (166, 'Managed infrastructure operations, monitoring, optimisation, maintenance support, and continuous operational improvement services.', '(High-Impact) Positioning Strategy');
INSERT INTO product_features (variant_id, feature_text, sort_order) VALUES (166, 'Architecture alignment for Infrastructure Operations (High-Impact)', 0);
INSERT INTO product_features (variant_id, feature_text, sort_order) VALUES (166, 'Dedicated TMaaS specialist team', 1);
INSERT INTO product_features (variant_id, feature_text, sort_order) VALUES (166, 'SLA-backed governance and reporting', 2);
INSERT INTO product_features (variant_id, feature_text, sort_order) VALUES (166, 'Phased delivery and milestone tracking', 3);
INSERT INTO product_tags (variant_id, tag_name) VALUES (166, 'manage');
INSERT INTO product_tags (variant_id, tag_name) VALUES (166, 'transformation');
INSERT INTO product_tags (variant_id, tag_name) VALUES (166, 'high-impact');
INSERT INTO product_tags (variant_id, tag_name) VALUES (166, 'infrastructure-4.0');
INSERT INTO product_tags (variant_id, tag_name) VALUES (166, 'operations');
INSERT INTO product_timeline_milestones (variant_id, milestone_text, sort_order) VALUES (166, 'Phase 1: Discovery & Alignment', 0);
INSERT INTO product_timeline_milestones (variant_id, milestone_text, sort_order) VALUES (166, 'Phase 2: Execution', 1);
INSERT INTO product_timeline_milestones (variant_id, milestone_text, sort_order) VALUES (166, 'Phase 3: Governance & Review', 2);
INSERT INTO product_timeline_milestones (variant_id, milestone_text, sort_order) VALUES (166, 'Phase 4: Operational Handover', 3);
INSERT INTO products (id, slug, title, short_description, collection_id, is_high_impact, audience, industry_relevance, department, business_impact, status) VALUES (26, 'government-operations-high-impact', 'Government Operations (High-Impact)', 'Assessment of public sector operations, citizen service workflows, operational maturity, governance environments, and government transformation opportunities.', 'operations', true, 'Enterprise & Mid-Market', 'Government 4.0', 'IT & Transformation', 'Significant operational improvements and risk reduction.', 'published');
INSERT INTO product_category_map (product_id, category_id) VALUES (26, 'modernise-technology') ON CONFLICT DO NOTHING;
INSERT INTO product_category_map (product_id, category_id) VALUES (26, 'improve-operations') ON CONFLICT DO NOTHING;
INSERT INTO product_variants (id, product_id, sku, slug, variant_name, service_type_id, duration_display, duration_weeks_min, duration_weeks_max, delivery_complexity, implementation_model, badge, positioning, is_default_variant, status) VALUES (167, 26, 'OPE-ADV-167', 'government-operations-high-impact-assess-167', 'Assess', 'advisory', '1 Week', 1, 1, 'medium', 'TMaaS Managed Delivery', 'Advisory', '(High-Impact) Positioning Strategy', true, 'published');
INSERT INTO marketplace_listings (id, merchant_id, variant_id, listing_status, purchasability, popularity_score) VALUES (151, 1, 167, 'active', 'free', 100);
INSERT INTO variant_prices (listing_id, price_type, amount, price_display, billing_period, is_current) VALUES (151, 'list', 0, 'Free', 'one_time', true);
INSERT INTO product_content (variant_id, description, positioning) VALUES (167, 'Assessment of public sector operations, citizen service workflows, operational maturity, governance environments, and government transformation opportunities.', '(High-Impact) Positioning Strategy');
INSERT INTO product_features (variant_id, feature_text, sort_order) VALUES (167, 'Architecture alignment for Government Operations (High-Impact)', 0);
INSERT INTO product_features (variant_id, feature_text, sort_order) VALUES (167, 'Dedicated TMaaS specialist team', 1);
INSERT INTO product_features (variant_id, feature_text, sort_order) VALUES (167, 'SLA-backed governance and reporting', 2);
INSERT INTO product_features (variant_id, feature_text, sort_order) VALUES (167, 'Phased delivery and milestone tracking', 3);
INSERT INTO product_tags (variant_id, tag_name) VALUES (167, 'advisory');
INSERT INTO product_tags (variant_id, tag_name) VALUES (167, 'transformation');
INSERT INTO product_tags (variant_id, tag_name) VALUES (167, 'high-impact');
INSERT INTO product_tags (variant_id, tag_name) VALUES (167, 'government-4.0');
INSERT INTO product_tags (variant_id, tag_name) VALUES (167, 'operations');
INSERT INTO product_timeline_milestones (variant_id, milestone_text, sort_order) VALUES (167, 'Phase 1: Discovery & Alignment', 0);
INSERT INTO product_timeline_milestones (variant_id, milestone_text, sort_order) VALUES (167, 'Phase 2: Execution', 1);
INSERT INTO product_timeline_milestones (variant_id, milestone_text, sort_order) VALUES (167, 'Phase 3: Governance & Review', 2);
INSERT INTO product_timeline_milestones (variant_id, milestone_text, sort_order) VALUES (167, 'Phase 4: Operational Handover', 3);
INSERT INTO product_variants (id, product_id, sku, slug, variant_name, service_type_id, duration_display, duration_weeks_min, duration_weeks_max, delivery_complexity, implementation_model, badge, positioning, is_default_variant, status) VALUES (168, 26, 'OPE-DES-168', 'government-operations-high-impact-design-168', 'Design', 'design', '4 Weeks', 4, 4, 'high', 'TMaaS Managed Delivery', 'Design', '(High-Impact) Positioning Strategy', false, 'published');
INSERT INTO marketplace_listings (id, merchant_id, variant_id, listing_status, purchasability, popularity_score) VALUES (152, 1, 168, 'active', 'buy_now', 99);
INSERT INTO variant_prices (listing_id, price_type, amount, price_display, billing_period, is_current) VALUES (152, 'from', 1000, 'From $1,000', 'one_time', true);
INSERT INTO product_content (variant_id, description, positioning) VALUES (168, 'Design of government operating models, citizen engagement workflows, public service coordination environments, and operational governance structures.', '(High-Impact) Positioning Strategy');
INSERT INTO product_features (variant_id, feature_text, sort_order) VALUES (168, 'Architecture alignment for Government Operations (High-Impact)', 0);
INSERT INTO product_features (variant_id, feature_text, sort_order) VALUES (168, 'Dedicated TMaaS specialist team', 1);
INSERT INTO product_features (variant_id, feature_text, sort_order) VALUES (168, 'SLA-backed governance and reporting', 2);
INSERT INTO product_features (variant_id, feature_text, sort_order) VALUES (168, 'Phased delivery and milestone tracking', 3);
INSERT INTO product_tags (variant_id, tag_name) VALUES (168, 'design');
INSERT INTO product_tags (variant_id, tag_name) VALUES (168, 'transformation');
INSERT INTO product_tags (variant_id, tag_name) VALUES (168, 'high-impact');
INSERT INTO product_tags (variant_id, tag_name) VALUES (168, 'government-4.0');
INSERT INTO product_tags (variant_id, tag_name) VALUES (168, 'operations');
INSERT INTO product_timeline_milestones (variant_id, milestone_text, sort_order) VALUES (168, 'Phase 1: Discovery & Alignment', 0);
INSERT INTO product_timeline_milestones (variant_id, milestone_text, sort_order) VALUES (168, 'Phase 2: Execution', 1);
INSERT INTO product_timeline_milestones (variant_id, milestone_text, sort_order) VALUES (168, 'Phase 3: Governance & Review', 2);
INSERT INTO product_timeline_milestones (variant_id, milestone_text, sort_order) VALUES (168, 'Phase 4: Operational Handover', 3);
INSERT INTO product_variants (id, product_id, sku, slug, variant_name, service_type_id, duration_display, duration_weeks_min, duration_weeks_max, delivery_complexity, implementation_model, badge, positioning, is_default_variant, status) VALUES (169, 26, 'OPE-AI_-169', 'government-operations-high-impact-ai-design-169', 'AI Design', 'ai_design', '4 Weeks', 4, 4, 'high', 'TMaaS Managed Delivery', 'Ai Design', '(High-Impact) Positioning Strategy', false, 'published');
INSERT INTO marketplace_listings (id, merchant_id, variant_id, listing_status, purchasability, popularity_score) VALUES (153, 1, 169, 'active', 'buy_now', 98);
INSERT INTO variant_prices (listing_id, price_type, amount, price_display, billing_period, is_current) VALUES (153, 'from', 1000, 'From $1,000', 'one_time', true);
INSERT INTO product_content (variant_id, description, positioning) VALUES (169, 'Design of AI-powered government capabilities including intelligent citizen services, automation, compliance intelligence, operational analytics, and public sector optimization.', '(High-Impact) Positioning Strategy');
INSERT INTO product_features (variant_id, feature_text, sort_order) VALUES (169, 'Architecture alignment for Government Operations (High-Impact)', 0);
INSERT INTO product_features (variant_id, feature_text, sort_order) VALUES (169, 'Dedicated TMaaS specialist team', 1);
INSERT INTO product_features (variant_id, feature_text, sort_order) VALUES (169, 'SLA-backed governance and reporting', 2);
INSERT INTO product_features (variant_id, feature_text, sort_order) VALUES (169, 'Phased delivery and milestone tracking', 3);
INSERT INTO product_tags (variant_id, tag_name) VALUES (169, 'ai_design');
INSERT INTO product_tags (variant_id, tag_name) VALUES (169, 'transformation');
INSERT INTO product_tags (variant_id, tag_name) VALUES (169, 'high-impact');
INSERT INTO product_tags (variant_id, tag_name) VALUES (169, 'government-4.0');
INSERT INTO product_tags (variant_id, tag_name) VALUES (169, 'operations');
INSERT INTO product_timeline_milestones (variant_id, milestone_text, sort_order) VALUES (169, 'Phase 1: Discovery & Alignment', 0);
INSERT INTO product_timeline_milestones (variant_id, milestone_text, sort_order) VALUES (169, 'Phase 2: Execution', 1);
INSERT INTO product_timeline_milestones (variant_id, milestone_text, sort_order) VALUES (169, 'Phase 3: Governance & Review', 2);
INSERT INTO product_timeline_milestones (variant_id, milestone_text, sort_order) VALUES (169, 'Phase 4: Operational Handover', 3);
INSERT INTO product_variants (id, product_id, sku, slug, variant_name, service_type_id, duration_display, duration_weeks_min, duration_weeks_max, delivery_complexity, implementation_model, badge, positioning, is_default_variant, status) VALUES (170, 26, 'OPE-DEP-170', 'government-operations-high-impact-implementation-170', 'Implementation', 'deploy', '12 Weeks', 12, 12, 'high', 'TMaaS Managed Delivery', 'Deploy', '(High-Impact) Positioning Strategy', false, 'published');
INSERT INTO marketplace_listings (id, merchant_id, variant_id, listing_status, purchasability, popularity_score) VALUES (154, 1, 170, 'active', 'request_quote', 97);
INSERT INTO variant_prices (listing_id, price_type, amount, price_display, billing_period, is_current) VALUES (154, 'custom_floor', NULL, 'Custom', 'one_time', true);
INSERT INTO product_content (variant_id, description, positioning) VALUES (170, 'Deployment and implementation of government operational systems, citizen engagement platforms, service delivery environments, and public sector operational capabilities.', '(High-Impact) Positioning Strategy');
INSERT INTO product_features (variant_id, feature_text, sort_order) VALUES (170, 'Architecture alignment for Government Operations (High-Impact)', 0);
INSERT INTO product_features (variant_id, feature_text, sort_order) VALUES (170, 'Dedicated TMaaS specialist team', 1);
INSERT INTO product_features (variant_id, feature_text, sort_order) VALUES (170, 'SLA-backed governance and reporting', 2);
INSERT INTO product_features (variant_id, feature_text, sort_order) VALUES (170, 'Phased delivery and milestone tracking', 3);
INSERT INTO product_tags (variant_id, tag_name) VALUES (170, 'deploy');
INSERT INTO product_tags (variant_id, tag_name) VALUES (170, 'transformation');
INSERT INTO product_tags (variant_id, tag_name) VALUES (170, 'high-impact');
INSERT INTO product_tags (variant_id, tag_name) VALUES (170, 'government-4.0');
INSERT INTO product_tags (variant_id, tag_name) VALUES (170, 'operations');
INSERT INTO product_timeline_milestones (variant_id, milestone_text, sort_order) VALUES (170, 'Phase 1: Discovery & Alignment', 0);
INSERT INTO product_timeline_milestones (variant_id, milestone_text, sort_order) VALUES (170, 'Phase 2: Execution', 1);
INSERT INTO product_timeline_milestones (variant_id, milestone_text, sort_order) VALUES (170, 'Phase 3: Governance & Review', 2);
INSERT INTO product_timeline_milestones (variant_id, milestone_text, sort_order) VALUES (170, 'Phase 4: Operational Handover', 3);
INSERT INTO product_variants (id, product_id, sku, slug, variant_name, service_type_id, duration_display, duration_weeks_min, duration_weeks_max, delivery_complexity, implementation_model, badge, positioning, is_default_variant, status) VALUES (171, 26, 'OPE-AI_-171', 'government-operations-high-impact-ai-implementation-171', 'AI Implementation', 'ai_deploy', '12 Weeks', 12, 12, 'high', 'TMaaS Managed Delivery', 'Ai Deploy', '(High-Impact) Positioning Strategy', false, 'published');
INSERT INTO marketplace_listings (id, merchant_id, variant_id, listing_status, purchasability, popularity_score) VALUES (155, 1, 171, 'active', 'request_quote', 96);
INSERT INTO variant_prices (listing_id, price_type, amount, price_display, billing_period, is_current) VALUES (155, 'custom_floor', NULL, 'Custom', 'one_time', true);
INSERT INTO product_content (variant_id, description, positioning) VALUES (171, 'Deployment of AI-powered government automation, intelligent service delivery, predictive operations, compliance analytics, and citizen engagement capabilities.', '(High-Impact) Positioning Strategy');
INSERT INTO product_features (variant_id, feature_text, sort_order) VALUES (171, 'Architecture alignment for Government Operations (High-Impact)', 0);
INSERT INTO product_features (variant_id, feature_text, sort_order) VALUES (171, 'Dedicated TMaaS specialist team', 1);
INSERT INTO product_features (variant_id, feature_text, sort_order) VALUES (171, 'SLA-backed governance and reporting', 2);
INSERT INTO product_features (variant_id, feature_text, sort_order) VALUES (171, 'Phased delivery and milestone tracking', 3);
INSERT INTO product_tags (variant_id, tag_name) VALUES (171, 'ai_deploy');
INSERT INTO product_tags (variant_id, tag_name) VALUES (171, 'transformation');
INSERT INTO product_tags (variant_id, tag_name) VALUES (171, 'high-impact');
INSERT INTO product_tags (variant_id, tag_name) VALUES (171, 'government-4.0');
INSERT INTO product_tags (variant_id, tag_name) VALUES (171, 'operations');
INSERT INTO product_timeline_milestones (variant_id, milestone_text, sort_order) VALUES (171, 'Phase 1: Discovery & Alignment', 0);
INSERT INTO product_timeline_milestones (variant_id, milestone_text, sort_order) VALUES (171, 'Phase 2: Execution', 1);
INSERT INTO product_timeline_milestones (variant_id, milestone_text, sort_order) VALUES (171, 'Phase 3: Governance & Review', 2);
INSERT INTO product_timeline_milestones (variant_id, milestone_text, sort_order) VALUES (171, 'Phase 4: Operational Handover', 3);
INSERT INTO product_variants (id, product_id, sku, slug, variant_name, service_type_id, duration_display, duration_weeks_min, duration_weeks_max, delivery_complexity, implementation_model, badge, positioning, is_default_variant, status) VALUES (172, 26, 'OPE-MAN-172', 'government-operations-high-impact-managed-service-172', 'Managed Service', 'manage', 'Ongoing', NULL, NULL, 'medium', 'TMaaS Managed Delivery', 'Manage', '(High-Impact) Positioning Strategy', false, 'published');
INSERT INTO marketplace_listings (id, merchant_id, variant_id, listing_status, purchasability, popularity_score) VALUES (156, 1, 172, 'active', 'buy_now', 95);
INSERT INTO variant_prices (listing_id, price_type, amount, price_display, billing_period, is_current) VALUES (156, 'list', NULL, 'Custom Monthly Plans', 'monthly', true);
INSERT INTO product_content (variant_id, description, positioning) VALUES (172, 'Managed government operations, monitoring, optimisation, support, governance management, and continuous public service improvement services.', '(High-Impact) Positioning Strategy');
INSERT INTO product_features (variant_id, feature_text, sort_order) VALUES (172, 'Architecture alignment for Government Operations (High-Impact)', 0);
INSERT INTO product_features (variant_id, feature_text, sort_order) VALUES (172, 'Dedicated TMaaS specialist team', 1);
INSERT INTO product_features (variant_id, feature_text, sort_order) VALUES (172, 'SLA-backed governance and reporting', 2);
INSERT INTO product_features (variant_id, feature_text, sort_order) VALUES (172, 'Phased delivery and milestone tracking', 3);
INSERT INTO product_tags (variant_id, tag_name) VALUES (172, 'manage');
INSERT INTO product_tags (variant_id, tag_name) VALUES (172, 'transformation');
INSERT INTO product_tags (variant_id, tag_name) VALUES (172, 'high-impact');
INSERT INTO product_tags (variant_id, tag_name) VALUES (172, 'government-4.0');
INSERT INTO product_tags (variant_id, tag_name) VALUES (172, 'operations');
INSERT INTO product_timeline_milestones (variant_id, milestone_text, sort_order) VALUES (172, 'Phase 1: Discovery & Alignment', 0);
INSERT INTO product_timeline_milestones (variant_id, milestone_text, sort_order) VALUES (172, 'Phase 2: Execution', 1);
INSERT INTO product_timeline_milestones (variant_id, milestone_text, sort_order) VALUES (172, 'Phase 3: Governance & Review', 2);
INSERT INTO product_timeline_milestones (variant_id, milestone_text, sort_order) VALUES (172, 'Phase 4: Operational Handover', 3);
INSERT INTO products (id, slug, title, short_description, collection_id, is_high_impact, audience, industry_relevance, department, business_impact, status) VALUES (27, 'hospitality-operations-high-impact', 'Hospitality Operations (High-Impact)', 'Assessment of hospitality operations, guest engagement maturity, service workflows, operational efficiency, and hospitality transformation opportunities.', 'operations', true, 'Enterprise & Mid-Market', 'Hospitality 4.0', 'IT & Transformation', 'Significant operational improvements and risk reduction.', 'published');
INSERT INTO product_category_map (product_id, category_id) VALUES (27, 'modernise-technology') ON CONFLICT DO NOTHING;
INSERT INTO product_category_map (product_id, category_id) VALUES (27, 'improve-operations') ON CONFLICT DO NOTHING;
INSERT INTO product_variants (id, product_id, sku, slug, variant_name, service_type_id, duration_display, duration_weeks_min, duration_weeks_max, delivery_complexity, implementation_model, badge, positioning, is_default_variant, status) VALUES (173, 27, 'OPE-ADV-173', 'hospitality-operations-high-impact-assess-173', 'Assess', 'advisory', '1 Week', 1, 1, 'medium', 'TMaaS Managed Delivery', 'Advisory', '(High-Impact) Positioning Strategy', true, 'published');
INSERT INTO marketplace_listings (id, merchant_id, variant_id, listing_status, purchasability, popularity_score) VALUES (157, 1, 173, 'active', 'free', 100);
INSERT INTO variant_prices (listing_id, price_type, amount, price_display, billing_period, is_current) VALUES (157, 'list', 0, 'Free', 'one_time', true);
INSERT INTO product_content (variant_id, description, positioning) VALUES (173, 'Assessment of hospitality operations, guest engagement maturity, service workflows, operational efficiency, and hospitality transformation opportunities.', '(High-Impact) Positioning Strategy');
INSERT INTO product_features (variant_id, feature_text, sort_order) VALUES (173, 'Architecture alignment for Hospitality Operations (High-Impact)', 0);
INSERT INTO product_features (variant_id, feature_text, sort_order) VALUES (173, 'Dedicated TMaaS specialist team', 1);
INSERT INTO product_features (variant_id, feature_text, sort_order) VALUES (173, 'SLA-backed governance and reporting', 2);
INSERT INTO product_features (variant_id, feature_text, sort_order) VALUES (173, 'Phased delivery and milestone tracking', 3);
INSERT INTO product_tags (variant_id, tag_name) VALUES (173, 'advisory');
INSERT INTO product_tags (variant_id, tag_name) VALUES (173, 'transformation');
INSERT INTO product_tags (variant_id, tag_name) VALUES (173, 'high-impact');
INSERT INTO product_tags (variant_id, tag_name) VALUES (173, 'hospitality-4.0');
INSERT INTO product_tags (variant_id, tag_name) VALUES (173, 'operations');
INSERT INTO product_timeline_milestones (variant_id, milestone_text, sort_order) VALUES (173, 'Phase 1: Discovery & Alignment', 0);
INSERT INTO product_timeline_milestones (variant_id, milestone_text, sort_order) VALUES (173, 'Phase 2: Execution', 1);
INSERT INTO product_timeline_milestones (variant_id, milestone_text, sort_order) VALUES (173, 'Phase 3: Governance & Review', 2);
INSERT INTO product_timeline_milestones (variant_id, milestone_text, sort_order) VALUES (173, 'Phase 4: Operational Handover', 3);
INSERT INTO product_variants (id, product_id, sku, slug, variant_name, service_type_id, duration_display, duration_weeks_min, duration_weeks_max, delivery_complexity, implementation_model, badge, positioning, is_default_variant, status) VALUES (174, 27, 'OPE-DES-174', 'hospitality-operations-high-impact-design-174', 'Design', 'design', '4 Weeks', 4, 4, 'high', 'TMaaS Managed Delivery', 'Design', '(High-Impact) Positioning Strategy', false, 'published');
INSERT INTO marketplace_listings (id, merchant_id, variant_id, listing_status, purchasability, popularity_score) VALUES (158, 1, 174, 'active', 'buy_now', 99);
INSERT INTO variant_prices (listing_id, price_type, amount, price_display, billing_period, is_current) VALUES (158, 'from', 1000, 'From $1,000', 'one_time', true);
INSERT INTO product_content (variant_id, description, positioning) VALUES (174, 'Design of hospitality operating models, guest service workflows, operational coordination environments, and hospitality enablement strategies.', '(High-Impact) Positioning Strategy');
INSERT INTO product_features (variant_id, feature_text, sort_order) VALUES (174, 'Architecture alignment for Hospitality Operations (High-Impact)', 0);
INSERT INTO product_features (variant_id, feature_text, sort_order) VALUES (174, 'Dedicated TMaaS specialist team', 1);
INSERT INTO product_features (variant_id, feature_text, sort_order) VALUES (174, 'SLA-backed governance and reporting', 2);
INSERT INTO product_features (variant_id, feature_text, sort_order) VALUES (174, 'Phased delivery and milestone tracking', 3);
INSERT INTO product_tags (variant_id, tag_name) VALUES (174, 'design');
INSERT INTO product_tags (variant_id, tag_name) VALUES (174, 'transformation');
INSERT INTO product_tags (variant_id, tag_name) VALUES (174, 'high-impact');
INSERT INTO product_tags (variant_id, tag_name) VALUES (174, 'hospitality-4.0');
INSERT INTO product_tags (variant_id, tag_name) VALUES (174, 'operations');
INSERT INTO product_timeline_milestones (variant_id, milestone_text, sort_order) VALUES (174, 'Phase 1: Discovery & Alignment', 0);
INSERT INTO product_timeline_milestones (variant_id, milestone_text, sort_order) VALUES (174, 'Phase 2: Execution', 1);
INSERT INTO product_timeline_milestones (variant_id, milestone_text, sort_order) VALUES (174, 'Phase 3: Governance & Review', 2);
INSERT INTO product_timeline_milestones (variant_id, milestone_text, sort_order) VALUES (174, 'Phase 4: Operational Handover', 3);
INSERT INTO product_variants (id, product_id, sku, slug, variant_name, service_type_id, duration_display, duration_weeks_min, duration_weeks_max, delivery_complexity, implementation_model, badge, positioning, is_default_variant, status) VALUES (175, 27, 'OPE-AI_-175', 'hospitality-operations-high-impact-ai-design-175', 'AI Design', 'ai_design', '4 Weeks', 4, 4, 'high', 'TMaaS Managed Delivery', 'Ai Design', '(High-Impact) Positioning Strategy', false, 'published');
INSERT INTO marketplace_listings (id, merchant_id, variant_id, listing_status, purchasability, popularity_score) VALUES (159, 1, 175, 'active', 'buy_now', 98);
INSERT INTO variant_prices (listing_id, price_type, amount, price_display, billing_period, is_current) VALUES (159, 'from', 1000, 'From $1,000', 'one_time', true);
INSERT INTO product_content (variant_id, description, positioning) VALUES (175, 'Design of AI-powered hospitality capabilities including intelligent guest engagement, automation, operational analytics, predictive services, and hospitality intelligence.', '(High-Impact) Positioning Strategy');
INSERT INTO product_features (variant_id, feature_text, sort_order) VALUES (175, 'Architecture alignment for Hospitality Operations (High-Impact)', 0);
INSERT INTO product_features (variant_id, feature_text, sort_order) VALUES (175, 'Dedicated TMaaS specialist team', 1);
INSERT INTO product_features (variant_id, feature_text, sort_order) VALUES (175, 'SLA-backed governance and reporting', 2);
INSERT INTO product_features (variant_id, feature_text, sort_order) VALUES (175, 'Phased delivery and milestone tracking', 3);
INSERT INTO product_tags (variant_id, tag_name) VALUES (175, 'ai_design');
INSERT INTO product_tags (variant_id, tag_name) VALUES (175, 'transformation');
INSERT INTO product_tags (variant_id, tag_name) VALUES (175, 'high-impact');
INSERT INTO product_tags (variant_id, tag_name) VALUES (175, 'hospitality-4.0');
INSERT INTO product_tags (variant_id, tag_name) VALUES (175, 'operations');
INSERT INTO product_timeline_milestones (variant_id, milestone_text, sort_order) VALUES (175, 'Phase 1: Discovery & Alignment', 0);
INSERT INTO product_timeline_milestones (variant_id, milestone_text, sort_order) VALUES (175, 'Phase 2: Execution', 1);
INSERT INTO product_timeline_milestones (variant_id, milestone_text, sort_order) VALUES (175, 'Phase 3: Governance & Review', 2);
INSERT INTO product_timeline_milestones (variant_id, milestone_text, sort_order) VALUES (175, 'Phase 4: Operational Handover', 3);
INSERT INTO product_variants (id, product_id, sku, slug, variant_name, service_type_id, duration_display, duration_weeks_min, duration_weeks_max, delivery_complexity, implementation_model, badge, positioning, is_default_variant, status) VALUES (176, 27, 'OPE-DEP-176', 'hospitality-operations-high-impact-implementation-176', 'Implementation', 'deploy', '12 Weeks', 12, 12, 'high', 'TMaaS Managed Delivery', 'Deploy', '(High-Impact) Positioning Strategy', false, 'published');
INSERT INTO marketplace_listings (id, merchant_id, variant_id, listing_status, purchasability, popularity_score) VALUES (160, 1, 176, 'active', 'request_quote', 97);
INSERT INTO variant_prices (listing_id, price_type, amount, price_display, billing_period, is_current) VALUES (160, 'custom_floor', NULL, 'Custom', 'one_time', true);
INSERT INTO product_content (variant_id, description, positioning) VALUES (176, 'Deployment and implementation of hospitality systems, guest engagement platforms, service operations environments, and hospitality operational capabilities.', '(High-Impact) Positioning Strategy');
INSERT INTO product_features (variant_id, feature_text, sort_order) VALUES (176, 'Architecture alignment for Hospitality Operations (High-Impact)', 0);
INSERT INTO product_features (variant_id, feature_text, sort_order) VALUES (176, 'Dedicated TMaaS specialist team', 1);
INSERT INTO product_features (variant_id, feature_text, sort_order) VALUES (176, 'SLA-backed governance and reporting', 2);
INSERT INTO product_features (variant_id, feature_text, sort_order) VALUES (176, 'Phased delivery and milestone tracking', 3);
INSERT INTO product_tags (variant_id, tag_name) VALUES (176, 'deploy');
INSERT INTO product_tags (variant_id, tag_name) VALUES (176, 'transformation');
INSERT INTO product_tags (variant_id, tag_name) VALUES (176, 'high-impact');
INSERT INTO product_tags (variant_id, tag_name) VALUES (176, 'hospitality-4.0');
INSERT INTO product_tags (variant_id, tag_name) VALUES (176, 'operations');
INSERT INTO product_timeline_milestones (variant_id, milestone_text, sort_order) VALUES (176, 'Phase 1: Discovery & Alignment', 0);
INSERT INTO product_timeline_milestones (variant_id, milestone_text, sort_order) VALUES (176, 'Phase 2: Execution', 1);
INSERT INTO product_timeline_milestones (variant_id, milestone_text, sort_order) VALUES (176, 'Phase 3: Governance & Review', 2);
INSERT INTO product_timeline_milestones (variant_id, milestone_text, sort_order) VALUES (176, 'Phase 4: Operational Handover', 3);
INSERT INTO product_variants (id, product_id, sku, slug, variant_name, service_type_id, duration_display, duration_weeks_min, duration_weeks_max, delivery_complexity, implementation_model, badge, positioning, is_default_variant, status) VALUES (177, 27, 'OPE-AI_-177', 'hospitality-operations-high-impact-ai-implementation-177', 'AI Implementation', 'ai_deploy', '12 Weeks', 12, 12, 'high', 'TMaaS Managed Delivery', 'Ai Deploy', '(High-Impact) Positioning Strategy', false, 'published');
INSERT INTO marketplace_listings (id, merchant_id, variant_id, listing_status, purchasability, popularity_score) VALUES (161, 1, 177, 'active', 'request_quote', 96);
INSERT INTO variant_prices (listing_id, price_type, amount, price_display, billing_period, is_current) VALUES (161, 'custom_floor', NULL, 'Custom', 'one_time', true);
INSERT INTO product_content (variant_id, description, positioning) VALUES (177, 'Deployment of AI-powered hospitality automation, intelligent guest experiences, predictive operations, operational analytics, and hospitality optimization capabilities.', '(High-Impact) Positioning Strategy');
INSERT INTO product_features (variant_id, feature_text, sort_order) VALUES (177, 'Architecture alignment for Hospitality Operations (High-Impact)', 0);
INSERT INTO product_features (variant_id, feature_text, sort_order) VALUES (177, 'Dedicated TMaaS specialist team', 1);
INSERT INTO product_features (variant_id, feature_text, sort_order) VALUES (177, 'SLA-backed governance and reporting', 2);
INSERT INTO product_features (variant_id, feature_text, sort_order) VALUES (177, 'Phased delivery and milestone tracking', 3);
INSERT INTO product_tags (variant_id, tag_name) VALUES (177, 'ai_deploy');
INSERT INTO product_tags (variant_id, tag_name) VALUES (177, 'transformation');
INSERT INTO product_tags (variant_id, tag_name) VALUES (177, 'high-impact');
INSERT INTO product_tags (variant_id, tag_name) VALUES (177, 'hospitality-4.0');
INSERT INTO product_tags (variant_id, tag_name) VALUES (177, 'operations');
INSERT INTO product_timeline_milestones (variant_id, milestone_text, sort_order) VALUES (177, 'Phase 1: Discovery & Alignment', 0);
INSERT INTO product_timeline_milestones (variant_id, milestone_text, sort_order) VALUES (177, 'Phase 2: Execution', 1);
INSERT INTO product_timeline_milestones (variant_id, milestone_text, sort_order) VALUES (177, 'Phase 3: Governance & Review', 2);
INSERT INTO product_timeline_milestones (variant_id, milestone_text, sort_order) VALUES (177, 'Phase 4: Operational Handover', 3);
INSERT INTO product_variants (id, product_id, sku, slug, variant_name, service_type_id, duration_display, duration_weeks_min, duration_weeks_max, delivery_complexity, implementation_model, badge, positioning, is_default_variant, status) VALUES (178, 27, 'OPE-MAN-178', 'hospitality-operations-high-impact-managed-service-178', 'Managed Service', 'manage', 'Ongoing', NULL, NULL, 'medium', 'TMaaS Managed Delivery', 'Manage', '(High-Impact) Positioning Strategy', false, 'published');
INSERT INTO marketplace_listings (id, merchant_id, variant_id, listing_status, purchasability, popularity_score) VALUES (162, 1, 178, 'active', 'buy_now', 95);
INSERT INTO variant_prices (listing_id, price_type, amount, price_display, billing_period, is_current) VALUES (162, 'list', NULL, 'Custom Monthly Plans', 'monthly', true);
INSERT INTO product_content (variant_id, description, positioning) VALUES (178, 'Managed hospitality operations, guest service optimisation, monitoring, support, and continuous hospitality improvement services.', '(High-Impact) Positioning Strategy');
INSERT INTO product_features (variant_id, feature_text, sort_order) VALUES (178, 'Architecture alignment for Hospitality Operations (High-Impact)', 0);
INSERT INTO product_features (variant_id, feature_text, sort_order) VALUES (178, 'Dedicated TMaaS specialist team', 1);
INSERT INTO product_features (variant_id, feature_text, sort_order) VALUES (178, 'SLA-backed governance and reporting', 2);
INSERT INTO product_features (variant_id, feature_text, sort_order) VALUES (178, 'Phased delivery and milestone tracking', 3);
INSERT INTO product_tags (variant_id, tag_name) VALUES (178, 'manage');
INSERT INTO product_tags (variant_id, tag_name) VALUES (178, 'transformation');
INSERT INTO product_tags (variant_id, tag_name) VALUES (178, 'high-impact');
INSERT INTO product_tags (variant_id, tag_name) VALUES (178, 'hospitality-4.0');
INSERT INTO product_tags (variant_id, tag_name) VALUES (178, 'operations');
INSERT INTO product_timeline_milestones (variant_id, milestone_text, sort_order) VALUES (178, 'Phase 1: Discovery & Alignment', 0);
INSERT INTO product_timeline_milestones (variant_id, milestone_text, sort_order) VALUES (178, 'Phase 2: Execution', 1);
INSERT INTO product_timeline_milestones (variant_id, milestone_text, sort_order) VALUES (178, 'Phase 3: Governance & Review', 2);
INSERT INTO product_timeline_milestones (variant_id, milestone_text, sort_order) VALUES (178, 'Phase 4: Operational Handover', 3);
INSERT INTO products (id, slug, title, short_description, collection_id, is_high_impact, audience, industry_relevance, department, business_impact, status) VALUES (28, 'retail-operations-high-impact', 'Retail Operations (High-Impact)', 'Assessment of retail operations, commerce workflows, customer engagement maturity, store operations, and retail transformation opportunities.', 'operations', true, 'Enterprise & Mid-Market', 'Retail 4.0', 'IT & Transformation', 'Significant operational improvements and risk reduction.', 'published');
INSERT INTO product_category_map (product_id, category_id) VALUES (28, 'modernise-technology') ON CONFLICT DO NOTHING;
INSERT INTO product_category_map (product_id, category_id) VALUES (28, 'improve-operations') ON CONFLICT DO NOTHING;
INSERT INTO product_variants (id, product_id, sku, slug, variant_name, service_type_id, duration_display, duration_weeks_min, duration_weeks_max, delivery_complexity, implementation_model, badge, positioning, is_default_variant, status) VALUES (179, 28, 'OPE-ADV-179', 'retail-operations-high-impact-assess-179', 'Assess', 'advisory', '1 Week', 1, 1, 'medium', 'TMaaS Managed Delivery', 'Advisory', '(High-Impact) Positioning Strategy', true, 'published');
INSERT INTO marketplace_listings (id, merchant_id, variant_id, listing_status, purchasability, popularity_score) VALUES (163, 1, 179, 'active', 'free', 100);
INSERT INTO variant_prices (listing_id, price_type, amount, price_display, billing_period, is_current) VALUES (163, 'list', 0, 'Free', 'one_time', true);
INSERT INTO product_content (variant_id, description, positioning) VALUES (179, 'Assessment of retail operations, commerce workflows, customer engagement maturity, store operations, and retail transformation opportunities.', '(High-Impact) Positioning Strategy');
INSERT INTO product_features (variant_id, feature_text, sort_order) VALUES (179, 'Architecture alignment for Retail Operations (High-Impact)', 0);
INSERT INTO product_features (variant_id, feature_text, sort_order) VALUES (179, 'Dedicated TMaaS specialist team', 1);
INSERT INTO product_features (variant_id, feature_text, sort_order) VALUES (179, 'SLA-backed governance and reporting', 2);
INSERT INTO product_features (variant_id, feature_text, sort_order) VALUES (179, 'Phased delivery and milestone tracking', 3);
INSERT INTO product_tags (variant_id, tag_name) VALUES (179, 'advisory');
INSERT INTO product_tags (variant_id, tag_name) VALUES (179, 'transformation');
INSERT INTO product_tags (variant_id, tag_name) VALUES (179, 'high-impact');
INSERT INTO product_tags (variant_id, tag_name) VALUES (179, 'retail-4.0');
INSERT INTO product_tags (variant_id, tag_name) VALUES (179, 'operations');
INSERT INTO product_timeline_milestones (variant_id, milestone_text, sort_order) VALUES (179, 'Phase 1: Discovery & Alignment', 0);
INSERT INTO product_timeline_milestones (variant_id, milestone_text, sort_order) VALUES (179, 'Phase 2: Execution', 1);
INSERT INTO product_timeline_milestones (variant_id, milestone_text, sort_order) VALUES (179, 'Phase 3: Governance & Review', 2);
INSERT INTO product_timeline_milestones (variant_id, milestone_text, sort_order) VALUES (179, 'Phase 4: Operational Handover', 3);
INSERT INTO product_variants (id, product_id, sku, slug, variant_name, service_type_id, duration_display, duration_weeks_min, duration_weeks_max, delivery_complexity, implementation_model, badge, positioning, is_default_variant, status) VALUES (180, 28, 'OPE-DES-180', 'retail-operations-high-impact-design-180', 'Design', 'design', '4 Weeks', 4, 4, 'high', 'TMaaS Managed Delivery', 'Design', '(High-Impact) Positioning Strategy', false, 'published');
INSERT INTO marketplace_listings (id, merchant_id, variant_id, listing_status, purchasability, popularity_score) VALUES (164, 1, 180, 'active', 'buy_now', 99);
INSERT INTO variant_prices (listing_id, price_type, amount, price_display, billing_period, is_current) VALUES (164, 'from', 1000, 'From $1,000', 'one_time', true);
INSERT INTO product_content (variant_id, description, positioning) VALUES (180, 'Design of retail operating models, commerce workflows, customer engagement journeys, store coordination environments, and operational enablement strategies.', '(High-Impact) Positioning Strategy');
INSERT INTO product_features (variant_id, feature_text, sort_order) VALUES (180, 'Architecture alignment for Retail Operations (High-Impact)', 0);
INSERT INTO product_features (variant_id, feature_text, sort_order) VALUES (180, 'Dedicated TMaaS specialist team', 1);
INSERT INTO product_features (variant_id, feature_text, sort_order) VALUES (180, 'SLA-backed governance and reporting', 2);
INSERT INTO product_features (variant_id, feature_text, sort_order) VALUES (180, 'Phased delivery and milestone tracking', 3);
INSERT INTO product_tags (variant_id, tag_name) VALUES (180, 'design');
INSERT INTO product_tags (variant_id, tag_name) VALUES (180, 'transformation');
INSERT INTO product_tags (variant_id, tag_name) VALUES (180, 'high-impact');
INSERT INTO product_tags (variant_id, tag_name) VALUES (180, 'retail-4.0');
INSERT INTO product_tags (variant_id, tag_name) VALUES (180, 'operations');
INSERT INTO product_timeline_milestones (variant_id, milestone_text, sort_order) VALUES (180, 'Phase 1: Discovery & Alignment', 0);
INSERT INTO product_timeline_milestones (variant_id, milestone_text, sort_order) VALUES (180, 'Phase 2: Execution', 1);
INSERT INTO product_timeline_milestones (variant_id, milestone_text, sort_order) VALUES (180, 'Phase 3: Governance & Review', 2);
INSERT INTO product_timeline_milestones (variant_id, milestone_text, sort_order) VALUES (180, 'Phase 4: Operational Handover', 3);
INSERT INTO product_variants (id, product_id, sku, slug, variant_name, service_type_id, duration_display, duration_weeks_min, duration_weeks_max, delivery_complexity, implementation_model, badge, positioning, is_default_variant, status) VALUES (181, 28, 'OPE-AI_-181', 'retail-operations-high-impact-ai-design-181', 'AI Design', 'ai_design', '4 Weeks', 4, 4, 'high', 'TMaaS Managed Delivery', 'Ai Design', '(High-Impact) Positioning Strategy', false, 'published');
INSERT INTO marketplace_listings (id, merchant_id, variant_id, listing_status, purchasability, popularity_score) VALUES (165, 1, 181, 'active', 'buy_now', 98);
INSERT INTO variant_prices (listing_id, price_type, amount, price_display, billing_period, is_current) VALUES (165, 'from', 1000, 'From $1,000', 'one_time', true);
INSERT INTO product_content (variant_id, description, positioning) VALUES (181, 'Design of AI-powered retail capabilities including intelligent recommendations, predictive analytics, automation, customer intelligence, and retail optimization.', '(High-Impact) Positioning Strategy');
INSERT INTO product_features (variant_id, feature_text, sort_order) VALUES (181, 'Architecture alignment for Retail Operations (High-Impact)', 0);
INSERT INTO product_features (variant_id, feature_text, sort_order) VALUES (181, 'Dedicated TMaaS specialist team', 1);
INSERT INTO product_features (variant_id, feature_text, sort_order) VALUES (181, 'SLA-backed governance and reporting', 2);
INSERT INTO product_features (variant_id, feature_text, sort_order) VALUES (181, 'Phased delivery and milestone tracking', 3);
INSERT INTO product_tags (variant_id, tag_name) VALUES (181, 'ai_design');
INSERT INTO product_tags (variant_id, tag_name) VALUES (181, 'transformation');
INSERT INTO product_tags (variant_id, tag_name) VALUES (181, 'high-impact');
INSERT INTO product_tags (variant_id, tag_name) VALUES (181, 'retail-4.0');
INSERT INTO product_tags (variant_id, tag_name) VALUES (181, 'operations');
INSERT INTO product_timeline_milestones (variant_id, milestone_text, sort_order) VALUES (181, 'Phase 1: Discovery & Alignment', 0);
INSERT INTO product_timeline_milestones (variant_id, milestone_text, sort_order) VALUES (181, 'Phase 2: Execution', 1);
INSERT INTO product_timeline_milestones (variant_id, milestone_text, sort_order) VALUES (181, 'Phase 3: Governance & Review', 2);
INSERT INTO product_timeline_milestones (variant_id, milestone_text, sort_order) VALUES (181, 'Phase 4: Operational Handover', 3);
INSERT INTO product_variants (id, product_id, sku, slug, variant_name, service_type_id, duration_display, duration_weeks_min, duration_weeks_max, delivery_complexity, implementation_model, badge, positioning, is_default_variant, status) VALUES (182, 28, 'OPE-DEP-182', 'retail-operations-high-impact-implementation-182', 'Implementation', 'deploy', '12 Weeks', 12, 12, 'high', 'TMaaS Managed Delivery', 'Deploy', '(High-Impact) Positioning Strategy', false, 'published');
INSERT INTO marketplace_listings (id, merchant_id, variant_id, listing_status, purchasability, popularity_score) VALUES (166, 1, 182, 'active', 'request_quote', 97);
INSERT INTO variant_prices (listing_id, price_type, amount, price_display, billing_period, is_current) VALUES (166, 'custom_floor', NULL, 'Custom', 'one_time', true);
INSERT INTO product_content (variant_id, description, positioning) VALUES (182, 'Deployment and implementation of retail systems, commerce platforms, operational environments, customer engagement systems, and retail operational capabilities.', '(High-Impact) Positioning Strategy');
INSERT INTO product_features (variant_id, feature_text, sort_order) VALUES (182, 'Architecture alignment for Retail Operations (High-Impact)', 0);
INSERT INTO product_features (variant_id, feature_text, sort_order) VALUES (182, 'Dedicated TMaaS specialist team', 1);
INSERT INTO product_features (variant_id, feature_text, sort_order) VALUES (182, 'SLA-backed governance and reporting', 2);
INSERT INTO product_features (variant_id, feature_text, sort_order) VALUES (182, 'Phased delivery and milestone tracking', 3);
INSERT INTO product_tags (variant_id, tag_name) VALUES (182, 'deploy');
INSERT INTO product_tags (variant_id, tag_name) VALUES (182, 'transformation');
INSERT INTO product_tags (variant_id, tag_name) VALUES (182, 'high-impact');
INSERT INTO product_tags (variant_id, tag_name) VALUES (182, 'retail-4.0');
INSERT INTO product_tags (variant_id, tag_name) VALUES (182, 'operations');
INSERT INTO product_timeline_milestones (variant_id, milestone_text, sort_order) VALUES (182, 'Phase 1: Discovery & Alignment', 0);
INSERT INTO product_timeline_milestones (variant_id, milestone_text, sort_order) VALUES (182, 'Phase 2: Execution', 1);
INSERT INTO product_timeline_milestones (variant_id, milestone_text, sort_order) VALUES (182, 'Phase 3: Governance & Review', 2);
INSERT INTO product_timeline_milestones (variant_id, milestone_text, sort_order) VALUES (182, 'Phase 4: Operational Handover', 3);
INSERT INTO product_variants (id, product_id, sku, slug, variant_name, service_type_id, duration_display, duration_weeks_min, duration_weeks_max, delivery_complexity, implementation_model, badge, positioning, is_default_variant, status) VALUES (183, 28, 'OPE-AI_-183', 'retail-operations-high-impact-ai-implementation-183', 'AI Implementation', 'ai_deploy', '12 Weeks', 12, 12, 'high', 'TMaaS Managed Delivery', 'Ai Deploy', '(High-Impact) Positioning Strategy', false, 'published');
INSERT INTO marketplace_listings (id, merchant_id, variant_id, listing_status, purchasability, popularity_score) VALUES (167, 1, 183, 'active', 'request_quote', 96);
INSERT INTO variant_prices (listing_id, price_type, amount, price_display, billing_period, is_current) VALUES (167, 'custom_floor', NULL, 'Custom', 'one_time', true);
INSERT INTO product_content (variant_id, description, positioning) VALUES (183, 'Deployment of AI-powered retail automation, intelligent recommendations, predictive operations, customer analytics, and retail optimization capabilities.', '(High-Impact) Positioning Strategy');
INSERT INTO product_features (variant_id, feature_text, sort_order) VALUES (183, 'Architecture alignment for Retail Operations (High-Impact)', 0);
INSERT INTO product_features (variant_id, feature_text, sort_order) VALUES (183, 'Dedicated TMaaS specialist team', 1);
INSERT INTO product_features (variant_id, feature_text, sort_order) VALUES (183, 'SLA-backed governance and reporting', 2);
INSERT INTO product_features (variant_id, feature_text, sort_order) VALUES (183, 'Phased delivery and milestone tracking', 3);
INSERT INTO product_tags (variant_id, tag_name) VALUES (183, 'ai_deploy');
INSERT INTO product_tags (variant_id, tag_name) VALUES (183, 'transformation');
INSERT INTO product_tags (variant_id, tag_name) VALUES (183, 'high-impact');
INSERT INTO product_tags (variant_id, tag_name) VALUES (183, 'retail-4.0');
INSERT INTO product_tags (variant_id, tag_name) VALUES (183, 'operations');
INSERT INTO product_timeline_milestones (variant_id, milestone_text, sort_order) VALUES (183, 'Phase 1: Discovery & Alignment', 0);
INSERT INTO product_timeline_milestones (variant_id, milestone_text, sort_order) VALUES (183, 'Phase 2: Execution', 1);
INSERT INTO product_timeline_milestones (variant_id, milestone_text, sort_order) VALUES (183, 'Phase 3: Governance & Review', 2);
INSERT INTO product_timeline_milestones (variant_id, milestone_text, sort_order) VALUES (183, 'Phase 4: Operational Handover', 3);
INSERT INTO product_variants (id, product_id, sku, slug, variant_name, service_type_id, duration_display, duration_weeks_min, duration_weeks_max, delivery_complexity, implementation_model, badge, positioning, is_default_variant, status) VALUES (184, 28, 'OPE-MAN-184', 'retail-operations-high-impact-managed-service-184', 'Managed Service', 'manage', 'Ongoing', NULL, NULL, 'medium', 'TMaaS Managed Delivery', 'Manage', '(High-Impact) Positioning Strategy', false, 'published');
INSERT INTO marketplace_listings (id, merchant_id, variant_id, listing_status, purchasability, popularity_score) VALUES (168, 1, 184, 'active', 'buy_now', 95);
INSERT INTO variant_prices (listing_id, price_type, amount, price_display, billing_period, is_current) VALUES (168, 'list', NULL, 'Custom Monthly Plans', 'monthly', true);
INSERT INTO product_content (variant_id, description, positioning) VALUES (184, 'Managed retail operations, platform optimisation, monitoring, support, reporting, and continuous customer engagement improvement services.', '(High-Impact) Positioning Strategy');
INSERT INTO product_features (variant_id, feature_text, sort_order) VALUES (184, 'Architecture alignment for Retail Operations (High-Impact)', 0);
INSERT INTO product_features (variant_id, feature_text, sort_order) VALUES (184, 'Dedicated TMaaS specialist team', 1);
INSERT INTO product_features (variant_id, feature_text, sort_order) VALUES (184, 'SLA-backed governance and reporting', 2);
INSERT INTO product_features (variant_id, feature_text, sort_order) VALUES (184, 'Phased delivery and milestone tracking', 3);
INSERT INTO product_tags (variant_id, tag_name) VALUES (184, 'manage');
INSERT INTO product_tags (variant_id, tag_name) VALUES (184, 'transformation');
INSERT INTO product_tags (variant_id, tag_name) VALUES (184, 'high-impact');
INSERT INTO product_tags (variant_id, tag_name) VALUES (184, 'retail-4.0');
INSERT INTO product_tags (variant_id, tag_name) VALUES (184, 'operations');
INSERT INTO product_timeline_milestones (variant_id, milestone_text, sort_order) VALUES (184, 'Phase 1: Discovery & Alignment', 0);
INSERT INTO product_timeline_milestones (variant_id, milestone_text, sort_order) VALUES (184, 'Phase 2: Execution', 1);
INSERT INTO product_timeline_milestones (variant_id, milestone_text, sort_order) VALUES (184, 'Phase 3: Governance & Review', 2);
INSERT INTO product_timeline_milestones (variant_id, milestone_text, sort_order) VALUES (184, 'Phase 4: Operational Handover', 3);
INSERT INTO products (id, slug, title, short_description, collection_id, is_high_impact, audience, industry_relevance, department, business_impact, status) VALUES (29, 'service-operations-high-impact', 'Service Operations (High-Impact)', 'Assessment of service operations, customer delivery workflows, operational maturity, service coordination environments, and transformation opportunities.', 'operations', true, 'Enterprise & Mid-Market', 'Service 4.0', 'IT & Transformation', 'Significant operational improvements and risk reduction.', 'published');
INSERT INTO product_category_map (product_id, category_id) VALUES (29, 'modernise-technology') ON CONFLICT DO NOTHING;
INSERT INTO product_category_map (product_id, category_id) VALUES (29, 'improve-operations') ON CONFLICT DO NOTHING;
INSERT INTO product_variants (id, product_id, sku, slug, variant_name, service_type_id, duration_display, duration_weeks_min, duration_weeks_max, delivery_complexity, implementation_model, badge, positioning, is_default_variant, status) VALUES (185, 29, 'OPE-ADV-185', 'service-operations-high-impact-assess-185', 'Assess', 'advisory', '1 Week', 1, 1, 'medium', 'TMaaS Managed Delivery', 'Advisory', '(High-Impact) Positioning Strategy', true, 'published');
INSERT INTO marketplace_listings (id, merchant_id, variant_id, listing_status, purchasability, popularity_score) VALUES (169, 1, 185, 'active', 'free', 100);
INSERT INTO variant_prices (listing_id, price_type, amount, price_display, billing_period, is_current) VALUES (169, 'list', 0, 'Free', 'one_time', true);
INSERT INTO product_content (variant_id, description, positioning) VALUES (185, 'Assessment of service operations, customer delivery workflows, operational maturity, service coordination environments, and transformation opportunities.', '(High-Impact) Positioning Strategy');
INSERT INTO product_features (variant_id, feature_text, sort_order) VALUES (185, 'Architecture alignment for Service Operations (High-Impact)', 0);
INSERT INTO product_features (variant_id, feature_text, sort_order) VALUES (185, 'Dedicated TMaaS specialist team', 1);
INSERT INTO product_features (variant_id, feature_text, sort_order) VALUES (185, 'SLA-backed governance and reporting', 2);
INSERT INTO product_features (variant_id, feature_text, sort_order) VALUES (185, 'Phased delivery and milestone tracking', 3);
INSERT INTO product_tags (variant_id, tag_name) VALUES (185, 'advisory');
INSERT INTO product_tags (variant_id, tag_name) VALUES (185, 'transformation');
INSERT INTO product_tags (variant_id, tag_name) VALUES (185, 'high-impact');
INSERT INTO product_tags (variant_id, tag_name) VALUES (185, 'service-4.0');
INSERT INTO product_tags (variant_id, tag_name) VALUES (185, 'operations');
INSERT INTO product_timeline_milestones (variant_id, milestone_text, sort_order) VALUES (185, 'Phase 1: Discovery & Alignment', 0);
INSERT INTO product_timeline_milestones (variant_id, milestone_text, sort_order) VALUES (185, 'Phase 2: Execution', 1);
INSERT INTO product_timeline_milestones (variant_id, milestone_text, sort_order) VALUES (185, 'Phase 3: Governance & Review', 2);
INSERT INTO product_timeline_milestones (variant_id, milestone_text, sort_order) VALUES (185, 'Phase 4: Operational Handover', 3);
INSERT INTO product_variants (id, product_id, sku, slug, variant_name, service_type_id, duration_display, duration_weeks_min, duration_weeks_max, delivery_complexity, implementation_model, badge, positioning, is_default_variant, status) VALUES (186, 29, 'OPE-DES-186', 'service-operations-high-impact-design-186', 'Design', 'design', '4 Weeks', 4, 4, 'high', 'TMaaS Managed Delivery', 'Design', '(High-Impact) Positioning Strategy', false, 'published');
INSERT INTO marketplace_listings (id, merchant_id, variant_id, listing_status, purchasability, popularity_score) VALUES (170, 1, 186, 'active', 'buy_now', 99);
INSERT INTO variant_prices (listing_id, price_type, amount, price_display, billing_period, is_current) VALUES (170, 'from', 1000, 'From $1,000', 'one_time', true);
INSERT INTO product_content (variant_id, description, positioning) VALUES (186, 'Design of service delivery models, operational workflows, customer coordination structures, and service enablement strategies.', '(High-Impact) Positioning Strategy');
INSERT INTO product_features (variant_id, feature_text, sort_order) VALUES (186, 'Architecture alignment for Service Operations (High-Impact)', 0);
INSERT INTO product_features (variant_id, feature_text, sort_order) VALUES (186, 'Dedicated TMaaS specialist team', 1);
INSERT INTO product_features (variant_id, feature_text, sort_order) VALUES (186, 'SLA-backed governance and reporting', 2);
INSERT INTO product_features (variant_id, feature_text, sort_order) VALUES (186, 'Phased delivery and milestone tracking', 3);
INSERT INTO product_tags (variant_id, tag_name) VALUES (186, 'design');
INSERT INTO product_tags (variant_id, tag_name) VALUES (186, 'transformation');
INSERT INTO product_tags (variant_id, tag_name) VALUES (186, 'high-impact');
INSERT INTO product_tags (variant_id, tag_name) VALUES (186, 'service-4.0');
INSERT INTO product_tags (variant_id, tag_name) VALUES (186, 'operations');
INSERT INTO product_timeline_milestones (variant_id, milestone_text, sort_order) VALUES (186, 'Phase 1: Discovery & Alignment', 0);
INSERT INTO product_timeline_milestones (variant_id, milestone_text, sort_order) VALUES (186, 'Phase 2: Execution', 1);
INSERT INTO product_timeline_milestones (variant_id, milestone_text, sort_order) VALUES (186, 'Phase 3: Governance & Review', 2);
INSERT INTO product_timeline_milestones (variant_id, milestone_text, sort_order) VALUES (186, 'Phase 4: Operational Handover', 3);
INSERT INTO product_variants (id, product_id, sku, slug, variant_name, service_type_id, duration_display, duration_weeks_min, duration_weeks_max, delivery_complexity, implementation_model, badge, positioning, is_default_variant, status) VALUES (187, 29, 'OPE-AI_-187', 'service-operations-high-impact-ai-design-187', 'AI Design', 'ai_design', '4 Weeks', 4, 4, 'high', 'TMaaS Managed Delivery', 'Ai Design', '(High-Impact) Positioning Strategy', false, 'published');
INSERT INTO marketplace_listings (id, merchant_id, variant_id, listing_status, purchasability, popularity_score) VALUES (171, 1, 187, 'active', 'buy_now', 98);
INSERT INTO variant_prices (listing_id, price_type, amount, price_display, billing_period, is_current) VALUES (171, 'from', 1000, 'From $1,000', 'one_time', true);
INSERT INTO product_content (variant_id, description, positioning) VALUES (187, 'Design of AI-powered service capabilities including automation, intelligent engagement, operational analytics, predictive support, and service intelligence.', '(High-Impact) Positioning Strategy');
INSERT INTO product_features (variant_id, feature_text, sort_order) VALUES (187, 'Architecture alignment for Service Operations (High-Impact)', 0);
INSERT INTO product_features (variant_id, feature_text, sort_order) VALUES (187, 'Dedicated TMaaS specialist team', 1);
INSERT INTO product_features (variant_id, feature_text, sort_order) VALUES (187, 'SLA-backed governance and reporting', 2);
INSERT INTO product_features (variant_id, feature_text, sort_order) VALUES (187, 'Phased delivery and milestone tracking', 3);
INSERT INTO product_tags (variant_id, tag_name) VALUES (187, 'ai_design');
INSERT INTO product_tags (variant_id, tag_name) VALUES (187, 'transformation');
INSERT INTO product_tags (variant_id, tag_name) VALUES (187, 'high-impact');
INSERT INTO product_tags (variant_id, tag_name) VALUES (187, 'service-4.0');
INSERT INTO product_tags (variant_id, tag_name) VALUES (187, 'operations');
INSERT INTO product_timeline_milestones (variant_id, milestone_text, sort_order) VALUES (187, 'Phase 1: Discovery & Alignment', 0);
INSERT INTO product_timeline_milestones (variant_id, milestone_text, sort_order) VALUES (187, 'Phase 2: Execution', 1);
INSERT INTO product_timeline_milestones (variant_id, milestone_text, sort_order) VALUES (187, 'Phase 3: Governance & Review', 2);
INSERT INTO product_timeline_milestones (variant_id, milestone_text, sort_order) VALUES (187, 'Phase 4: Operational Handover', 3);
INSERT INTO product_variants (id, product_id, sku, slug, variant_name, service_type_id, duration_display, duration_weeks_min, duration_weeks_max, delivery_complexity, implementation_model, badge, positioning, is_default_variant, status) VALUES (188, 29, 'OPE-DEP-188', 'service-operations-high-impact-implementation-188', 'Implementation', 'deploy', '12 Weeks', 12, 12, 'high', 'TMaaS Managed Delivery', 'Deploy', '(High-Impact) Positioning Strategy', false, 'published');
INSERT INTO marketplace_listings (id, merchant_id, variant_id, listing_status, purchasability, popularity_score) VALUES (172, 1, 188, 'active', 'request_quote', 97);
INSERT INTO variant_prices (listing_id, price_type, amount, price_display, billing_period, is_current) VALUES (172, 'custom_floor', NULL, 'Custom', 'one_time', true);
INSERT INTO product_content (variant_id, description, positioning) VALUES (188, 'Deployment and implementation of service operations platforms, workflow systems, operational environments, and customer service capabilities.', '(High-Impact) Positioning Strategy');
INSERT INTO product_features (variant_id, feature_text, sort_order) VALUES (188, 'Architecture alignment for Service Operations (High-Impact)', 0);
INSERT INTO product_features (variant_id, feature_text, sort_order) VALUES (188, 'Dedicated TMaaS specialist team', 1);
INSERT INTO product_features (variant_id, feature_text, sort_order) VALUES (188, 'SLA-backed governance and reporting', 2);
INSERT INTO product_features (variant_id, feature_text, sort_order) VALUES (188, 'Phased delivery and milestone tracking', 3);
INSERT INTO product_tags (variant_id, tag_name) VALUES (188, 'deploy');
INSERT INTO product_tags (variant_id, tag_name) VALUES (188, 'transformation');
INSERT INTO product_tags (variant_id, tag_name) VALUES (188, 'high-impact');
INSERT INTO product_tags (variant_id, tag_name) VALUES (188, 'service-4.0');
INSERT INTO product_tags (variant_id, tag_name) VALUES (188, 'operations');
INSERT INTO product_timeline_milestones (variant_id, milestone_text, sort_order) VALUES (188, 'Phase 1: Discovery & Alignment', 0);
INSERT INTO product_timeline_milestones (variant_id, milestone_text, sort_order) VALUES (188, 'Phase 2: Execution', 1);
INSERT INTO product_timeline_milestones (variant_id, milestone_text, sort_order) VALUES (188, 'Phase 3: Governance & Review', 2);
INSERT INTO product_timeline_milestones (variant_id, milestone_text, sort_order) VALUES (188, 'Phase 4: Operational Handover', 3);
INSERT INTO product_variants (id, product_id, sku, slug, variant_name, service_type_id, duration_display, duration_weeks_min, duration_weeks_max, delivery_complexity, implementation_model, badge, positioning, is_default_variant, status) VALUES (189, 29, 'OPE-AI_-189', 'service-operations-high-impact-ai-implementation-189', 'AI Implementation', 'ai_deploy', '12 Weeks', 12, 12, 'high', 'TMaaS Managed Delivery', 'Ai Deploy', '(High-Impact) Positioning Strategy', false, 'published');
INSERT INTO marketplace_listings (id, merchant_id, variant_id, listing_status, purchasability, popularity_score) VALUES (173, 1, 189, 'active', 'request_quote', 96);
INSERT INTO variant_prices (listing_id, price_type, amount, price_display, billing_period, is_current) VALUES (173, 'custom_floor', NULL, 'Custom', 'one_time', true);
INSERT INTO product_content (variant_id, description, positioning) VALUES (189, 'Deployment of AI-powered service automation, intelligent engagement, predictive support, operational analytics, and service optimization capabilities.', '(High-Impact) Positioning Strategy');
INSERT INTO product_features (variant_id, feature_text, sort_order) VALUES (189, 'Architecture alignment for Service Operations (High-Impact)', 0);
INSERT INTO product_features (variant_id, feature_text, sort_order) VALUES (189, 'Dedicated TMaaS specialist team', 1);
INSERT INTO product_features (variant_id, feature_text, sort_order) VALUES (189, 'SLA-backed governance and reporting', 2);
INSERT INTO product_features (variant_id, feature_text, sort_order) VALUES (189, 'Phased delivery and milestone tracking', 3);
INSERT INTO product_tags (variant_id, tag_name) VALUES (189, 'ai_deploy');
INSERT INTO product_tags (variant_id, tag_name) VALUES (189, 'transformation');
INSERT INTO product_tags (variant_id, tag_name) VALUES (189, 'high-impact');
INSERT INTO product_tags (variant_id, tag_name) VALUES (189, 'service-4.0');
INSERT INTO product_tags (variant_id, tag_name) VALUES (189, 'operations');
INSERT INTO product_timeline_milestones (variant_id, milestone_text, sort_order) VALUES (189, 'Phase 1: Discovery & Alignment', 0);
INSERT INTO product_timeline_milestones (variant_id, milestone_text, sort_order) VALUES (189, 'Phase 2: Execution', 1);
INSERT INTO product_timeline_milestones (variant_id, milestone_text, sort_order) VALUES (189, 'Phase 3: Governance & Review', 2);
INSERT INTO product_timeline_milestones (variant_id, milestone_text, sort_order) VALUES (189, 'Phase 4: Operational Handover', 3);
INSERT INTO product_variants (id, product_id, sku, slug, variant_name, service_type_id, duration_display, duration_weeks_min, duration_weeks_max, delivery_complexity, implementation_model, badge, positioning, is_default_variant, status) VALUES (190, 29, 'OPE-MAN-190', 'service-operations-high-impact-managed-service-190', 'Managed Service', 'manage', 'Ongoing', NULL, NULL, 'medium', 'TMaaS Managed Delivery', 'Manage', '(High-Impact) Positioning Strategy', false, 'published');
INSERT INTO marketplace_listings (id, merchant_id, variant_id, listing_status, purchasability, popularity_score) VALUES (174, 1, 190, 'active', 'buy_now', 95);
INSERT INTO variant_prices (listing_id, price_type, amount, price_display, billing_period, is_current) VALUES (174, 'list', NULL, 'Custom Monthly Plans', 'monthly', true);
INSERT INTO product_content (variant_id, description, positioning) VALUES (190, 'Managed service operations, monitoring, optimisation, support, reporting, and continuous service delivery improvement services.', '(High-Impact) Positioning Strategy');
INSERT INTO product_features (variant_id, feature_text, sort_order) VALUES (190, 'Architecture alignment for Service Operations (High-Impact)', 0);
INSERT INTO product_features (variant_id, feature_text, sort_order) VALUES (190, 'Dedicated TMaaS specialist team', 1);
INSERT INTO product_features (variant_id, feature_text, sort_order) VALUES (190, 'SLA-backed governance and reporting', 2);
INSERT INTO product_features (variant_id, feature_text, sort_order) VALUES (190, 'Phased delivery and milestone tracking', 3);
INSERT INTO product_tags (variant_id, tag_name) VALUES (190, 'manage');
INSERT INTO product_tags (variant_id, tag_name) VALUES (190, 'transformation');
INSERT INTO product_tags (variant_id, tag_name) VALUES (190, 'high-impact');
INSERT INTO product_tags (variant_id, tag_name) VALUES (190, 'service-4.0');
INSERT INTO product_tags (variant_id, tag_name) VALUES (190, 'operations');
INSERT INTO product_timeline_milestones (variant_id, milestone_text, sort_order) VALUES (190, 'Phase 1: Discovery & Alignment', 0);
INSERT INTO product_timeline_milestones (variant_id, milestone_text, sort_order) VALUES (190, 'Phase 2: Execution', 1);
INSERT INTO product_timeline_milestones (variant_id, milestone_text, sort_order) VALUES (190, 'Phase 3: Governance & Review', 2);
INSERT INTO product_timeline_milestones (variant_id, milestone_text, sort_order) VALUES (190, 'Phase 4: Operational Handover', 3);
INSERT INTO products (id, slug, title, short_description, collection_id, is_high_impact, audience, industry_relevance, department, business_impact, status) VALUES (30, 'logistics-operations-high-impact', 'Logistics Operations (High-Impact)', 'Assessment of logistics operations, supply chain workflows, fulfillment maturity, operational efficiency, and logistics transformation opportunities.', 'operations', true, 'Enterprise & Mid-Market', 'Logistics 4.0', 'IT & Transformation', 'Significant operational improvements and risk reduction.', 'published');
INSERT INTO product_category_map (product_id, category_id) VALUES (30, 'modernise-technology') ON CONFLICT DO NOTHING;
INSERT INTO product_category_map (product_id, category_id) VALUES (30, 'improve-operations') ON CONFLICT DO NOTHING;
INSERT INTO product_variants (id, product_id, sku, slug, variant_name, service_type_id, duration_display, duration_weeks_min, duration_weeks_max, delivery_complexity, implementation_model, badge, positioning, is_default_variant, status) VALUES (191, 30, 'OPE-ADV-191', 'logistics-operations-high-impact-assess-191', 'Assess', 'advisory', '1 Week', 1, 1, 'medium', 'TMaaS Managed Delivery', 'Advisory', '(High-Impact) Positioning Strategy', true, 'published');
INSERT INTO marketplace_listings (id, merchant_id, variant_id, listing_status, purchasability, popularity_score) VALUES (175, 1, 191, 'active', 'free', 100);
INSERT INTO variant_prices (listing_id, price_type, amount, price_display, billing_period, is_current) VALUES (175, 'list', 0, 'Free', 'one_time', true);
INSERT INTO product_content (variant_id, description, positioning) VALUES (191, 'Assessment of logistics operations, supply chain workflows, fulfillment maturity, operational efficiency, and logistics transformation opportunities.', '(High-Impact) Positioning Strategy');
INSERT INTO product_features (variant_id, feature_text, sort_order) VALUES (191, 'Architecture alignment for Logistics Operations (High-Impact)', 0);
INSERT INTO product_features (variant_id, feature_text, sort_order) VALUES (191, 'Dedicated TMaaS specialist team', 1);
INSERT INTO product_features (variant_id, feature_text, sort_order) VALUES (191, 'SLA-backed governance and reporting', 2);
INSERT INTO product_features (variant_id, feature_text, sort_order) VALUES (191, 'Phased delivery and milestone tracking', 3);
INSERT INTO product_tags (variant_id, tag_name) VALUES (191, 'advisory');
INSERT INTO product_tags (variant_id, tag_name) VALUES (191, 'transformation');
INSERT INTO product_tags (variant_id, tag_name) VALUES (191, 'high-impact');
INSERT INTO product_tags (variant_id, tag_name) VALUES (191, 'logistics-4.0');
INSERT INTO product_tags (variant_id, tag_name) VALUES (191, 'operations');
INSERT INTO product_timeline_milestones (variant_id, milestone_text, sort_order) VALUES (191, 'Phase 1: Discovery & Alignment', 0);
INSERT INTO product_timeline_milestones (variant_id, milestone_text, sort_order) VALUES (191, 'Phase 2: Execution', 1);
INSERT INTO product_timeline_milestones (variant_id, milestone_text, sort_order) VALUES (191, 'Phase 3: Governance & Review', 2);
INSERT INTO product_timeline_milestones (variant_id, milestone_text, sort_order) VALUES (191, 'Phase 4: Operational Handover', 3);
INSERT INTO product_variants (id, product_id, sku, slug, variant_name, service_type_id, duration_display, duration_weeks_min, duration_weeks_max, delivery_complexity, implementation_model, badge, positioning, is_default_variant, status) VALUES (192, 30, 'OPE-DES-192', 'logistics-operations-high-impact-design-192', 'Design', 'design', '4 Weeks', 4, 4, 'high', 'TMaaS Managed Delivery', 'Design', '(High-Impact) Positioning Strategy', false, 'published');
INSERT INTO marketplace_listings (id, merchant_id, variant_id, listing_status, purchasability, popularity_score) VALUES (176, 1, 192, 'active', 'buy_now', 99);
INSERT INTO variant_prices (listing_id, price_type, amount, price_display, billing_period, is_current) VALUES (176, 'from', 1000, 'From $1,000', 'one_time', true);
INSERT INTO product_content (variant_id, description, positioning) VALUES (192, 'Design of logistics operating models, supply chain workflows, operational coordination environments, and fulfillment optimization strategies.', '(High-Impact) Positioning Strategy');
INSERT INTO product_features (variant_id, feature_text, sort_order) VALUES (192, 'Architecture alignment for Logistics Operations (High-Impact)', 0);
INSERT INTO product_features (variant_id, feature_text, sort_order) VALUES (192, 'Dedicated TMaaS specialist team', 1);
INSERT INTO product_features (variant_id, feature_text, sort_order) VALUES (192, 'SLA-backed governance and reporting', 2);
INSERT INTO product_features (variant_id, feature_text, sort_order) VALUES (192, 'Phased delivery and milestone tracking', 3);
INSERT INTO product_tags (variant_id, tag_name) VALUES (192, 'design');
INSERT INTO product_tags (variant_id, tag_name) VALUES (192, 'transformation');
INSERT INTO product_tags (variant_id, tag_name) VALUES (192, 'high-impact');
INSERT INTO product_tags (variant_id, tag_name) VALUES (192, 'logistics-4.0');
INSERT INTO product_tags (variant_id, tag_name) VALUES (192, 'operations');
INSERT INTO product_timeline_milestones (variant_id, milestone_text, sort_order) VALUES (192, 'Phase 1: Discovery & Alignment', 0);
INSERT INTO product_timeline_milestones (variant_id, milestone_text, sort_order) VALUES (192, 'Phase 2: Execution', 1);
INSERT INTO product_timeline_milestones (variant_id, milestone_text, sort_order) VALUES (192, 'Phase 3: Governance & Review', 2);
INSERT INTO product_timeline_milestones (variant_id, milestone_text, sort_order) VALUES (192, 'Phase 4: Operational Handover', 3);
INSERT INTO product_variants (id, product_id, sku, slug, variant_name, service_type_id, duration_display, duration_weeks_min, duration_weeks_max, delivery_complexity, implementation_model, badge, positioning, is_default_variant, status) VALUES (193, 30, 'OPE-AI_-193', 'logistics-operations-high-impact-ai-design-193', 'AI Design', 'ai_design', '4 Weeks', 4, 4, 'high', 'TMaaS Managed Delivery', 'Ai Design', '(High-Impact) Positioning Strategy', false, 'published');
INSERT INTO marketplace_listings (id, merchant_id, variant_id, listing_status, purchasability, popularity_score) VALUES (177, 1, 193, 'active', 'buy_now', 98);
INSERT INTO variant_prices (listing_id, price_type, amount, price_display, billing_period, is_current) VALUES (177, 'from', 1000, 'From $1,000', 'one_time', true);
INSERT INTO product_content (variant_id, description, positioning) VALUES (193, 'Design of AI-powered logistics capabilities including predictive routing, intelligent automation, supply chain analytics, and logistics intelligence.', '(High-Impact) Positioning Strategy');
INSERT INTO product_features (variant_id, feature_text, sort_order) VALUES (193, 'Architecture alignment for Logistics Operations (High-Impact)', 0);
INSERT INTO product_features (variant_id, feature_text, sort_order) VALUES (193, 'Dedicated TMaaS specialist team', 1);
INSERT INTO product_features (variant_id, feature_text, sort_order) VALUES (193, 'SLA-backed governance and reporting', 2);
INSERT INTO product_features (variant_id, feature_text, sort_order) VALUES (193, 'Phased delivery and milestone tracking', 3);
INSERT INTO product_tags (variant_id, tag_name) VALUES (193, 'ai_design');
INSERT INTO product_tags (variant_id, tag_name) VALUES (193, 'transformation');
INSERT INTO product_tags (variant_id, tag_name) VALUES (193, 'high-impact');
INSERT INTO product_tags (variant_id, tag_name) VALUES (193, 'logistics-4.0');
INSERT INTO product_tags (variant_id, tag_name) VALUES (193, 'operations');
INSERT INTO product_timeline_milestones (variant_id, milestone_text, sort_order) VALUES (193, 'Phase 1: Discovery & Alignment', 0);
INSERT INTO product_timeline_milestones (variant_id, milestone_text, sort_order) VALUES (193, 'Phase 2: Execution', 1);
INSERT INTO product_timeline_milestones (variant_id, milestone_text, sort_order) VALUES (193, 'Phase 3: Governance & Review', 2);
INSERT INTO product_timeline_milestones (variant_id, milestone_text, sort_order) VALUES (193, 'Phase 4: Operational Handover', 3);
INSERT INTO product_variants (id, product_id, sku, slug, variant_name, service_type_id, duration_display, duration_weeks_min, duration_weeks_max, delivery_complexity, implementation_model, badge, positioning, is_default_variant, status) VALUES (194, 30, 'OPE-DEP-194', 'logistics-operations-high-impact-implementation-194', 'Implementation', 'deploy', '12 Weeks', 12, 12, 'high', 'TMaaS Managed Delivery', 'Deploy', '(High-Impact) Positioning Strategy', false, 'published');
INSERT INTO marketplace_listings (id, merchant_id, variant_id, listing_status, purchasability, popularity_score) VALUES (178, 1, 194, 'active', 'request_quote', 97);
INSERT INTO variant_prices (listing_id, price_type, amount, price_display, billing_period, is_current) VALUES (178, 'custom_floor', NULL, 'Custom', 'one_time', true);
INSERT INTO product_content (variant_id, description, positioning) VALUES (194, 'Deployment and implementation of logistics systems, supply chain platforms, operational environments, and fulfillment coordination capabilities.', '(High-Impact) Positioning Strategy');
INSERT INTO product_features (variant_id, feature_text, sort_order) VALUES (194, 'Architecture alignment for Logistics Operations (High-Impact)', 0);
INSERT INTO product_features (variant_id, feature_text, sort_order) VALUES (194, 'Dedicated TMaaS specialist team', 1);
INSERT INTO product_features (variant_id, feature_text, sort_order) VALUES (194, 'SLA-backed governance and reporting', 2);
INSERT INTO product_features (variant_id, feature_text, sort_order) VALUES (194, 'Phased delivery and milestone tracking', 3);
INSERT INTO product_tags (variant_id, tag_name) VALUES (194, 'deploy');
INSERT INTO product_tags (variant_id, tag_name) VALUES (194, 'transformation');
INSERT INTO product_tags (variant_id, tag_name) VALUES (194, 'high-impact');
INSERT INTO product_tags (variant_id, tag_name) VALUES (194, 'logistics-4.0');
INSERT INTO product_tags (variant_id, tag_name) VALUES (194, 'operations');
INSERT INTO product_timeline_milestones (variant_id, milestone_text, sort_order) VALUES (194, 'Phase 1: Discovery & Alignment', 0);
INSERT INTO product_timeline_milestones (variant_id, milestone_text, sort_order) VALUES (194, 'Phase 2: Execution', 1);
INSERT INTO product_timeline_milestones (variant_id, milestone_text, sort_order) VALUES (194, 'Phase 3: Governance & Review', 2);
INSERT INTO product_timeline_milestones (variant_id, milestone_text, sort_order) VALUES (194, 'Phase 4: Operational Handover', 3);
INSERT INTO product_variants (id, product_id, sku, slug, variant_name, service_type_id, duration_display, duration_weeks_min, duration_weeks_max, delivery_complexity, implementation_model, badge, positioning, is_default_variant, status) VALUES (195, 30, 'OPE-AI_-195', 'logistics-operations-high-impact-ai-implementation-195', 'AI Implementation', 'ai_deploy', '12 Weeks', 12, 12, 'high', 'TMaaS Managed Delivery', 'Ai Deploy', '(High-Impact) Positioning Strategy', false, 'published');
INSERT INTO marketplace_listings (id, merchant_id, variant_id, listing_status, purchasability, popularity_score) VALUES (179, 1, 195, 'active', 'request_quote', 96);
INSERT INTO variant_prices (listing_id, price_type, amount, price_display, billing_period, is_current) VALUES (179, 'custom_floor', NULL, 'Custom', 'one_time', true);
INSERT INTO product_content (variant_id, description, positioning) VALUES (195, 'Deployment of AI-powered logistics automation, predictive routing, intelligent fulfillment, supply chain analytics, and operational optimization capabilities.', '(High-Impact) Positioning Strategy');
INSERT INTO product_features (variant_id, feature_text, sort_order) VALUES (195, 'Architecture alignment for Logistics Operations (High-Impact)', 0);
INSERT INTO product_features (variant_id, feature_text, sort_order) VALUES (195, 'Dedicated TMaaS specialist team', 1);
INSERT INTO product_features (variant_id, feature_text, sort_order) VALUES (195, 'SLA-backed governance and reporting', 2);
INSERT INTO product_features (variant_id, feature_text, sort_order) VALUES (195, 'Phased delivery and milestone tracking', 3);
INSERT INTO product_tags (variant_id, tag_name) VALUES (195, 'ai_deploy');
INSERT INTO product_tags (variant_id, tag_name) VALUES (195, 'transformation');
INSERT INTO product_tags (variant_id, tag_name) VALUES (195, 'high-impact');
INSERT INTO product_tags (variant_id, tag_name) VALUES (195, 'logistics-4.0');
INSERT INTO product_tags (variant_id, tag_name) VALUES (195, 'operations');
INSERT INTO product_timeline_milestones (variant_id, milestone_text, sort_order) VALUES (195, 'Phase 1: Discovery & Alignment', 0);
INSERT INTO product_timeline_milestones (variant_id, milestone_text, sort_order) VALUES (195, 'Phase 2: Execution', 1);
INSERT INTO product_timeline_milestones (variant_id, milestone_text, sort_order) VALUES (195, 'Phase 3: Governance & Review', 2);
INSERT INTO product_timeline_milestones (variant_id, milestone_text, sort_order) VALUES (195, 'Phase 4: Operational Handover', 3);
INSERT INTO product_variants (id, product_id, sku, slug, variant_name, service_type_id, duration_display, duration_weeks_min, duration_weeks_max, delivery_complexity, implementation_model, badge, positioning, is_default_variant, status) VALUES (196, 30, 'OPE-MAN-196', 'logistics-operations-high-impact-managed-service-196', 'Managed Service', 'manage', 'Ongoing', NULL, NULL, 'medium', 'TMaaS Managed Delivery', 'Manage', '(High-Impact) Positioning Strategy', false, 'published');
INSERT INTO marketplace_listings (id, merchant_id, variant_id, listing_status, purchasability, popularity_score) VALUES (180, 1, 196, 'active', 'buy_now', 95);
INSERT INTO variant_prices (listing_id, price_type, amount, price_display, billing_period, is_current) VALUES (180, 'list', NULL, 'Custom Monthly Plans', 'monthly', true);
INSERT INTO product_content (variant_id, description, positioning) VALUES (196, 'Managed logistics operations, supply chain optimisation, monitoring, support, reporting, and continuous logistics improvement services.', '(High-Impact) Positioning Strategy');
INSERT INTO product_features (variant_id, feature_text, sort_order) VALUES (196, 'Architecture alignment for Logistics Operations (High-Impact)', 0);
INSERT INTO product_features (variant_id, feature_text, sort_order) VALUES (196, 'Dedicated TMaaS specialist team', 1);
INSERT INTO product_features (variant_id, feature_text, sort_order) VALUES (196, 'SLA-backed governance and reporting', 2);
INSERT INTO product_features (variant_id, feature_text, sort_order) VALUES (196, 'Phased delivery and milestone tracking', 3);
INSERT INTO product_tags (variant_id, tag_name) VALUES (196, 'manage');
INSERT INTO product_tags (variant_id, tag_name) VALUES (196, 'transformation');
INSERT INTO product_tags (variant_id, tag_name) VALUES (196, 'high-impact');
INSERT INTO product_tags (variant_id, tag_name) VALUES (196, 'logistics-4.0');
INSERT INTO product_tags (variant_id, tag_name) VALUES (196, 'operations');
INSERT INTO product_timeline_milestones (variant_id, milestone_text, sort_order) VALUES (196, 'Phase 1: Discovery & Alignment', 0);
INSERT INTO product_timeline_milestones (variant_id, milestone_text, sort_order) VALUES (196, 'Phase 2: Execution', 1);
INSERT INTO product_timeline_milestones (variant_id, milestone_text, sort_order) VALUES (196, 'Phase 3: Governance & Review', 2);
INSERT INTO product_timeline_milestones (variant_id, milestone_text, sort_order) VALUES (196, 'Phase 4: Operational Handover', 3);
INSERT INTO products (id, slug, title, short_description, collection_id, is_high_impact, audience, industry_relevance, department, business_impact, status) VALUES (31, 'wellness-operations-high-impact', 'Wellness Operations (High-Impact)', 'Assessment of wellness operations, client or patient engagement workflows, operational maturity, service coordination environments, and wellness transformation opportunities.', 'operations', true, 'Enterprise & Mid-Market', 'Wellness 4.0', 'IT & Transformation', 'Significant operational improvements and risk reduction.', 'published');
INSERT INTO product_category_map (product_id, category_id) VALUES (31, 'modernise-technology') ON CONFLICT DO NOTHING;
INSERT INTO product_category_map (product_id, category_id) VALUES (31, 'improve-operations') ON CONFLICT DO NOTHING;
INSERT INTO product_variants (id, product_id, sku, slug, variant_name, service_type_id, duration_display, duration_weeks_min, duration_weeks_max, delivery_complexity, implementation_model, badge, positioning, is_default_variant, status) VALUES (197, 31, 'OPE-ADV-197', 'wellness-operations-high-impact-assess-197', 'Assess', 'advisory', '1 Week', 1, 1, 'medium', 'TMaaS Managed Delivery', 'Advisory', '(High-Impact) Positioning Strategy', true, 'published');
INSERT INTO marketplace_listings (id, merchant_id, variant_id, listing_status, purchasability, popularity_score) VALUES (181, 1, 197, 'active', 'free', 100);
INSERT INTO variant_prices (listing_id, price_type, amount, price_display, billing_period, is_current) VALUES (181, 'list', 0, 'Free', 'one_time', true);
INSERT INTO product_content (variant_id, description, positioning) VALUES (197, 'Assessment of wellness operations, client or patient engagement workflows, operational maturity, service coordination environments, and wellness transformation opportunities.', '(High-Impact) Positioning Strategy');
INSERT INTO product_features (variant_id, feature_text, sort_order) VALUES (197, 'Architecture alignment for Wellness Operations (High-Impact)', 0);
INSERT INTO product_features (variant_id, feature_text, sort_order) VALUES (197, 'Dedicated TMaaS specialist team', 1);
INSERT INTO product_features (variant_id, feature_text, sort_order) VALUES (197, 'SLA-backed governance and reporting', 2);
INSERT INTO product_features (variant_id, feature_text, sort_order) VALUES (197, 'Phased delivery and milestone tracking', 3);
INSERT INTO product_tags (variant_id, tag_name) VALUES (197, 'advisory');
INSERT INTO product_tags (variant_id, tag_name) VALUES (197, 'transformation');
INSERT INTO product_tags (variant_id, tag_name) VALUES (197, 'high-impact');
INSERT INTO product_tags (variant_id, tag_name) VALUES (197, 'wellness-4.0');
INSERT INTO product_tags (variant_id, tag_name) VALUES (197, 'operations');
INSERT INTO product_timeline_milestones (variant_id, milestone_text, sort_order) VALUES (197, 'Phase 1: Discovery & Alignment', 0);
INSERT INTO product_timeline_milestones (variant_id, milestone_text, sort_order) VALUES (197, 'Phase 2: Execution', 1);
INSERT INTO product_timeline_milestones (variant_id, milestone_text, sort_order) VALUES (197, 'Phase 3: Governance & Review', 2);
INSERT INTO product_timeline_milestones (variant_id, milestone_text, sort_order) VALUES (197, 'Phase 4: Operational Handover', 3);
INSERT INTO product_variants (id, product_id, sku, slug, variant_name, service_type_id, duration_display, duration_weeks_min, duration_weeks_max, delivery_complexity, implementation_model, badge, positioning, is_default_variant, status) VALUES (198, 31, 'OPE-DES-198', 'wellness-operations-high-impact-design-198', 'Design', 'design', '4 Weeks', 4, 4, 'high', 'TMaaS Managed Delivery', 'Design', '(High-Impact) Positioning Strategy', false, 'published');
INSERT INTO marketplace_listings (id, merchant_id, variant_id, listing_status, purchasability, popularity_score) VALUES (182, 1, 198, 'active', 'buy_now', 99);
INSERT INTO variant_prices (listing_id, price_type, amount, price_display, billing_period, is_current) VALUES (182, 'from', 1000, 'From $1,000', 'one_time', true);
INSERT INTO product_content (variant_id, description, positioning) VALUES (198, 'Design of wellness operating models, engagement workflows, operational coordination structures, and service enablement environments.', '(High-Impact) Positioning Strategy');
INSERT INTO product_features (variant_id, feature_text, sort_order) VALUES (198, 'Architecture alignment for Wellness Operations (High-Impact)', 0);
INSERT INTO product_features (variant_id, feature_text, sort_order) VALUES (198, 'Dedicated TMaaS specialist team', 1);
INSERT INTO product_features (variant_id, feature_text, sort_order) VALUES (198, 'SLA-backed governance and reporting', 2);
INSERT INTO product_features (variant_id, feature_text, sort_order) VALUES (198, 'Phased delivery and milestone tracking', 3);
INSERT INTO product_tags (variant_id, tag_name) VALUES (198, 'design');
INSERT INTO product_tags (variant_id, tag_name) VALUES (198, 'transformation');
INSERT INTO product_tags (variant_id, tag_name) VALUES (198, 'high-impact');
INSERT INTO product_tags (variant_id, tag_name) VALUES (198, 'wellness-4.0');
INSERT INTO product_tags (variant_id, tag_name) VALUES (198, 'operations');
INSERT INTO product_timeline_milestones (variant_id, milestone_text, sort_order) VALUES (198, 'Phase 1: Discovery & Alignment', 0);
INSERT INTO product_timeline_milestones (variant_id, milestone_text, sort_order) VALUES (198, 'Phase 2: Execution', 1);
INSERT INTO product_timeline_milestones (variant_id, milestone_text, sort_order) VALUES (198, 'Phase 3: Governance & Review', 2);
INSERT INTO product_timeline_milestones (variant_id, milestone_text, sort_order) VALUES (198, 'Phase 4: Operational Handover', 3);
INSERT INTO product_variants (id, product_id, sku, slug, variant_name, service_type_id, duration_display, duration_weeks_min, duration_weeks_max, delivery_complexity, implementation_model, badge, positioning, is_default_variant, status) VALUES (199, 31, 'OPE-AI_-199', 'wellness-operations-high-impact-ai-design-199', 'AI Design', 'ai_design', '4 Weeks', 4, 4, 'high', 'TMaaS Managed Delivery', 'Ai Design', '(High-Impact) Positioning Strategy', false, 'published');
INSERT INTO marketplace_listings (id, merchant_id, variant_id, listing_status, purchasability, popularity_score) VALUES (183, 1, 199, 'active', 'buy_now', 98);
INSERT INTO variant_prices (listing_id, price_type, amount, price_display, billing_period, is_current) VALUES (183, 'from', 1000, 'From $1,000', 'one_time', true);
INSERT INTO product_content (variant_id, description, positioning) VALUES (199, 'Design of AI-powered wellness capabilities including intelligent engagement, automation, predictive insights, operational analytics, and wellness intelligence.', '(High-Impact) Positioning Strategy');
INSERT INTO product_features (variant_id, feature_text, sort_order) VALUES (199, 'Architecture alignment for Wellness Operations (High-Impact)', 0);
INSERT INTO product_features (variant_id, feature_text, sort_order) VALUES (199, 'Dedicated TMaaS specialist team', 1);
INSERT INTO product_features (variant_id, feature_text, sort_order) VALUES (199, 'SLA-backed governance and reporting', 2);
INSERT INTO product_features (variant_id, feature_text, sort_order) VALUES (199, 'Phased delivery and milestone tracking', 3);
INSERT INTO product_tags (variant_id, tag_name) VALUES (199, 'ai_design');
INSERT INTO product_tags (variant_id, tag_name) VALUES (199, 'transformation');
INSERT INTO product_tags (variant_id, tag_name) VALUES (199, 'high-impact');
INSERT INTO product_tags (variant_id, tag_name) VALUES (199, 'wellness-4.0');
INSERT INTO product_tags (variant_id, tag_name) VALUES (199, 'operations');
INSERT INTO product_timeline_milestones (variant_id, milestone_text, sort_order) VALUES (199, 'Phase 1: Discovery & Alignment', 0);
INSERT INTO product_timeline_milestones (variant_id, milestone_text, sort_order) VALUES (199, 'Phase 2: Execution', 1);
INSERT INTO product_timeline_milestones (variant_id, milestone_text, sort_order) VALUES (199, 'Phase 3: Governance & Review', 2);
INSERT INTO product_timeline_milestones (variant_id, milestone_text, sort_order) VALUES (199, 'Phase 4: Operational Handover', 3);
INSERT INTO product_variants (id, product_id, sku, slug, variant_name, service_type_id, duration_display, duration_weeks_min, duration_weeks_max, delivery_complexity, implementation_model, badge, positioning, is_default_variant, status) VALUES (200, 31, 'OPE-DEP-200', 'wellness-operations-high-impact-implementation-200', 'Implementation', 'deploy', '12 Weeks', 12, 12, 'high', 'TMaaS Managed Delivery', 'Deploy', '(High-Impact) Positioning Strategy', false, 'published');
INSERT INTO marketplace_listings (id, merchant_id, variant_id, listing_status, purchasability, popularity_score) VALUES (184, 1, 200, 'active', 'request_quote', 97);
INSERT INTO variant_prices (listing_id, price_type, amount, price_display, billing_period, is_current) VALUES (184, 'custom_floor', NULL, 'Custom', 'one_time', true);
INSERT INTO product_content (variant_id, description, positioning) VALUES (200, 'Deployment and implementation of wellness platforms, operational systems, engagement environments, and service delivery capabilities.', '(High-Impact) Positioning Strategy');
INSERT INTO product_features (variant_id, feature_text, sort_order) VALUES (200, 'Architecture alignment for Wellness Operations (High-Impact)', 0);
INSERT INTO product_features (variant_id, feature_text, sort_order) VALUES (200, 'Dedicated TMaaS specialist team', 1);
INSERT INTO product_features (variant_id, feature_text, sort_order) VALUES (200, 'SLA-backed governance and reporting', 2);
INSERT INTO product_features (variant_id, feature_text, sort_order) VALUES (200, 'Phased delivery and milestone tracking', 3);
INSERT INTO product_tags (variant_id, tag_name) VALUES (200, 'deploy');
INSERT INTO product_tags (variant_id, tag_name) VALUES (200, 'transformation');
INSERT INTO product_tags (variant_id, tag_name) VALUES (200, 'high-impact');
INSERT INTO product_tags (variant_id, tag_name) VALUES (200, 'wellness-4.0');
INSERT INTO product_tags (variant_id, tag_name) VALUES (200, 'operations');
INSERT INTO product_timeline_milestones (variant_id, milestone_text, sort_order) VALUES (200, 'Phase 1: Discovery & Alignment', 0);
INSERT INTO product_timeline_milestones (variant_id, milestone_text, sort_order) VALUES (200, 'Phase 2: Execution', 1);
INSERT INTO product_timeline_milestones (variant_id, milestone_text, sort_order) VALUES (200, 'Phase 3: Governance & Review', 2);
INSERT INTO product_timeline_milestones (variant_id, milestone_text, sort_order) VALUES (200, 'Phase 4: Operational Handover', 3);
INSERT INTO product_variants (id, product_id, sku, slug, variant_name, service_type_id, duration_display, duration_weeks_min, duration_weeks_max, delivery_complexity, implementation_model, badge, positioning, is_default_variant, status) VALUES (201, 31, 'OPE-AI_-201', 'wellness-operations-high-impact-ai-implementation-201', 'AI Implementation', 'ai_deploy', '12 Weeks', 12, 12, 'high', 'TMaaS Managed Delivery', 'Ai Deploy', '(High-Impact) Positioning Strategy', false, 'published');
INSERT INTO marketplace_listings (id, merchant_id, variant_id, listing_status, purchasability, popularity_score) VALUES (185, 1, 201, 'active', 'request_quote', 96);
INSERT INTO variant_prices (listing_id, price_type, amount, price_display, billing_period, is_current) VALUES (185, 'custom_floor', NULL, 'Custom', 'one_time', true);
INSERT INTO product_content (variant_id, description, positioning) VALUES (201, 'Deployment of AI-powered wellness automation, intelligent engagement, predictive operations, operational analytics, and service optimization capabilities.', '(High-Impact) Positioning Strategy');
INSERT INTO product_features (variant_id, feature_text, sort_order) VALUES (201, 'Architecture alignment for Wellness Operations (High-Impact)', 0);
INSERT INTO product_features (variant_id, feature_text, sort_order) VALUES (201, 'Dedicated TMaaS specialist team', 1);
INSERT INTO product_features (variant_id, feature_text, sort_order) VALUES (201, 'SLA-backed governance and reporting', 2);
INSERT INTO product_features (variant_id, feature_text, sort_order) VALUES (201, 'Phased delivery and milestone tracking', 3);
INSERT INTO product_tags (variant_id, tag_name) VALUES (201, 'ai_deploy');
INSERT INTO product_tags (variant_id, tag_name) VALUES (201, 'transformation');
INSERT INTO product_tags (variant_id, tag_name) VALUES (201, 'high-impact');
INSERT INTO product_tags (variant_id, tag_name) VALUES (201, 'wellness-4.0');
INSERT INTO product_tags (variant_id, tag_name) VALUES (201, 'operations');
INSERT INTO product_timeline_milestones (variant_id, milestone_text, sort_order) VALUES (201, 'Phase 1: Discovery & Alignment', 0);
INSERT INTO product_timeline_milestones (variant_id, milestone_text, sort_order) VALUES (201, 'Phase 2: Execution', 1);
INSERT INTO product_timeline_milestones (variant_id, milestone_text, sort_order) VALUES (201, 'Phase 3: Governance & Review', 2);
INSERT INTO product_timeline_milestones (variant_id, milestone_text, sort_order) VALUES (201, 'Phase 4: Operational Handover', 3);
INSERT INTO product_variants (id, product_id, sku, slug, variant_name, service_type_id, duration_display, duration_weeks_min, duration_weeks_max, delivery_complexity, implementation_model, badge, positioning, is_default_variant, status) VALUES (202, 31, 'OPE-MAN-202', 'wellness-operations-high-impact-managed-service-202', 'Managed Service', 'manage', 'Ongoing', NULL, NULL, 'medium', 'TMaaS Managed Delivery', 'Manage', '(High-Impact) Positioning Strategy', false, 'published');
INSERT INTO marketplace_listings (id, merchant_id, variant_id, listing_status, purchasability, popularity_score) VALUES (186, 1, 202, 'active', 'buy_now', 95);
INSERT INTO variant_prices (listing_id, price_type, amount, price_display, billing_period, is_current) VALUES (186, 'list', NULL, 'Custom Monthly Plans', 'monthly', true);
INSERT INTO product_content (variant_id, description, positioning) VALUES (202, 'Managed wellness operations, optimisation, support, monitoring, reporting, and continuous wellness service improvement services.', '(High-Impact) Positioning Strategy');
INSERT INTO product_features (variant_id, feature_text, sort_order) VALUES (202, 'Architecture alignment for Wellness Operations (High-Impact)', 0);
INSERT INTO product_features (variant_id, feature_text, sort_order) VALUES (202, 'Dedicated TMaaS specialist team', 1);
INSERT INTO product_features (variant_id, feature_text, sort_order) VALUES (202, 'SLA-backed governance and reporting', 2);
INSERT INTO product_features (variant_id, feature_text, sort_order) VALUES (202, 'Phased delivery and milestone tracking', 3);
INSERT INTO product_tags (variant_id, tag_name) VALUES (202, 'manage');
INSERT INTO product_tags (variant_id, tag_name) VALUES (202, 'transformation');
INSERT INTO product_tags (variant_id, tag_name) VALUES (202, 'high-impact');
INSERT INTO product_tags (variant_id, tag_name) VALUES (202, 'wellness-4.0');
INSERT INTO product_tags (variant_id, tag_name) VALUES (202, 'operations');
INSERT INTO product_timeline_milestones (variant_id, milestone_text, sort_order) VALUES (202, 'Phase 1: Discovery & Alignment', 0);
INSERT INTO product_timeline_milestones (variant_id, milestone_text, sort_order) VALUES (202, 'Phase 2: Execution', 1);
INSERT INTO product_timeline_milestones (variant_id, milestone_text, sort_order) VALUES (202, 'Phase 3: Governance & Review', 2);
INSERT INTO product_timeline_milestones (variant_id, milestone_text, sort_order) VALUES (202, 'Phase 4: Operational Handover', 3);
INSERT INTO product_variants (id, product_id, sku, slug, variant_name, service_type_id, duration_display, duration_weeks_min, duration_weeks_max, delivery_complexity, implementation_model, badge, positioning, is_default_variant, status) VALUES (203, 1, 'EXP-BUN-203', 'online-web-presence-high-impact-transformation-bundle-203', 'Transformation Bundle', 'bundle', '16-24 Weeks', 16, 24, 'high', 'TMaaS Managed Delivery', 'Bundle', '(High-Impact) Positioning Strategy', false, 'published');
INSERT INTO marketplace_listings (id, merchant_id, variant_id, listing_status, purchasability, popularity_score) VALUES (187, 1, 203, 'active', 'request_quote', 200);
INSERT INTO variant_prices (listing_id, price_type, amount, price_display, billing_period, is_current) VALUES (187, 'custom_floor', NULL, 'Custom', 'one_time', true);
INSERT INTO product_content (variant_id, description, positioning) VALUES (203, 'End-to-end transformation bundle for Online Web Presence.', '(High-Impact) Positioning Strategy');
INSERT INTO product_features (variant_id, feature_text, sort_order) VALUES (203, 'Includes Design, AI Design, Implementation, AI Implementation, and Managed Services', 0);
INSERT INTO product_features (variant_id, feature_text, sort_order) VALUES (203, 'Architecture alignment', 1);
INSERT INTO product_features (variant_id, feature_text, sort_order) VALUES (203, 'Dedicated TMaaS specialist team', 2);
INSERT INTO product_features (variant_id, feature_text, sort_order) VALUES (203, 'SLA-backed governance and reporting', 3);
INSERT INTO product_features (variant_id, feature_text, sort_order) VALUES (203, 'Phased delivery and milestone tracking', 4);
INSERT INTO product_tags (variant_id, tag_name) VALUES (203, 'bundle');
INSERT INTO product_tags (variant_id, tag_name) VALUES (203, 'transformation');
INSERT INTO product_tags (variant_id, tag_name) VALUES (203, 'high-impact');
INSERT INTO product_tags (variant_id, tag_name) VALUES (203, 'experience');
INSERT INTO product_timeline_milestones (variant_id, milestone_text, sort_order) VALUES (203, 'Phase 1: Discovery & Alignment', 0);
INSERT INTO product_timeline_milestones (variant_id, milestone_text, sort_order) VALUES (203, 'Phase 2: Execution', 1);
INSERT INTO product_timeline_milestones (variant_id, milestone_text, sort_order) VALUES (203, 'Phase 3: Governance & Review', 2);
INSERT INTO product_timeline_milestones (variant_id, milestone_text, sort_order) VALUES (203, 'Phase 4: Operational Handover', 3);
INSERT INTO product_variants (id, product_id, sku, slug, variant_name, service_type_id, duration_display, duration_weeks_min, duration_weeks_max, delivery_complexity, implementation_model, badge, positioning, is_default_variant, status) VALUES (204, 2, 'EXP-BUN-204', 'online-social-presence-high-impact-transformation-bundle-204', 'Transformation Bundle', 'bundle', '16-24 Weeks', 16, 24, 'high', 'TMaaS Managed Delivery', 'Bundle', '(High-Impact) Positioning Strategy', false, 'published');
INSERT INTO marketplace_listings (id, merchant_id, variant_id, listing_status, purchasability, popularity_score) VALUES (188, 1, 204, 'active', 'request_quote', 200);
INSERT INTO variant_prices (listing_id, price_type, amount, price_display, billing_period, is_current) VALUES (188, 'custom_floor', NULL, 'Custom', 'one_time', true);
INSERT INTO product_content (variant_id, description, positioning) VALUES (204, 'End-to-end transformation bundle for Online Social Presence.', '(High-Impact) Positioning Strategy');
INSERT INTO product_features (variant_id, feature_text, sort_order) VALUES (204, 'Includes Design, AI Design, Implementation, AI Implementation, and Managed Services', 0);
INSERT INTO product_features (variant_id, feature_text, sort_order) VALUES (204, 'Architecture alignment', 1);
INSERT INTO product_features (variant_id, feature_text, sort_order) VALUES (204, 'Dedicated TMaaS specialist team', 2);
INSERT INTO product_features (variant_id, feature_text, sort_order) VALUES (204, 'SLA-backed governance and reporting', 3);
INSERT INTO product_features (variant_id, feature_text, sort_order) VALUES (204, 'Phased delivery and milestone tracking', 4);
INSERT INTO product_tags (variant_id, tag_name) VALUES (204, 'bundle');
INSERT INTO product_tags (variant_id, tag_name) VALUES (204, 'transformation');
INSERT INTO product_tags (variant_id, tag_name) VALUES (204, 'high-impact');
INSERT INTO product_tags (variant_id, tag_name) VALUES (204, 'experience');
INSERT INTO product_timeline_milestones (variant_id, milestone_text, sort_order) VALUES (204, 'Phase 1: Discovery & Alignment', 0);
INSERT INTO product_timeline_milestones (variant_id, milestone_text, sort_order) VALUES (204, 'Phase 2: Execution', 1);
INSERT INTO product_timeline_milestones (variant_id, milestone_text, sort_order) VALUES (204, 'Phase 3: Governance & Review', 2);
INSERT INTO product_timeline_milestones (variant_id, milestone_text, sort_order) VALUES (204, 'Phase 4: Operational Handover', 3);
INSERT INTO product_variants (id, product_id, sku, slug, variant_name, service_type_id, duration_display, duration_weeks_min, duration_weeks_max, delivery_complexity, implementation_model, badge, positioning, is_default_variant, status) VALUES (205, 3, 'EXP-BUN-205', 'mobile-apps-high-impact-transformation-bundle-205', 'Transformation Bundle', 'bundle', '16-24 Weeks', 16, 24, 'high', 'TMaaS Managed Delivery', 'Bundle', '(High-Impact) Positioning Strategy', false, 'published');
INSERT INTO marketplace_listings (id, merchant_id, variant_id, listing_status, purchasability, popularity_score) VALUES (189, 1, 205, 'active', 'request_quote', 200);
INSERT INTO variant_prices (listing_id, price_type, amount, price_display, billing_period, is_current) VALUES (189, 'custom_floor', NULL, 'Custom', 'one_time', true);
INSERT INTO product_content (variant_id, description, positioning) VALUES (205, 'End-to-end transformation bundle for Mobile Apps.', '(High-Impact) Positioning Strategy');
INSERT INTO product_features (variant_id, feature_text, sort_order) VALUES (205, 'Includes Design, AI Design, Implementation, AI Implementation, and Managed Services', 0);
INSERT INTO product_features (variant_id, feature_text, sort_order) VALUES (205, 'Architecture alignment', 1);
INSERT INTO product_features (variant_id, feature_text, sort_order) VALUES (205, 'Dedicated TMaaS specialist team', 2);
INSERT INTO product_features (variant_id, feature_text, sort_order) VALUES (205, 'SLA-backed governance and reporting', 3);
INSERT INTO product_features (variant_id, feature_text, sort_order) VALUES (205, 'Phased delivery and milestone tracking', 4);
INSERT INTO product_tags (variant_id, tag_name) VALUES (205, 'bundle');
INSERT INTO product_tags (variant_id, tag_name) VALUES (205, 'transformation');
INSERT INTO product_tags (variant_id, tag_name) VALUES (205, 'high-impact');
INSERT INTO product_tags (variant_id, tag_name) VALUES (205, 'experience');
INSERT INTO product_timeline_milestones (variant_id, milestone_text, sort_order) VALUES (205, 'Phase 1: Discovery & Alignment', 0);
INSERT INTO product_timeline_milestones (variant_id, milestone_text, sort_order) VALUES (205, 'Phase 2: Execution', 1);
INSERT INTO product_timeline_milestones (variant_id, milestone_text, sort_order) VALUES (205, 'Phase 3: Governance & Review', 2);
INSERT INTO product_timeline_milestones (variant_id, milestone_text, sort_order) VALUES (205, 'Phase 4: Operational Handover', 3);
INSERT INTO product_variants (id, product_id, sku, slug, variant_name, service_type_id, duration_display, duration_weeks_min, duration_weeks_max, delivery_complexity, implementation_model, badge, positioning, is_default_variant, status) VALUES (206, 4, 'EXP-BUN-206', 'physical-channels-high-impact-transformation-bundle-206', 'Transformation Bundle', 'bundle', '16-24 Weeks', 16, 24, 'high', 'TMaaS Managed Delivery', 'Bundle', '(High-Impact) Positioning Strategy', false, 'published');
INSERT INTO marketplace_listings (id, merchant_id, variant_id, listing_status, purchasability, popularity_score) VALUES (190, 1, 206, 'active', 'request_quote', 200);
INSERT INTO variant_prices (listing_id, price_type, amount, price_display, billing_period, is_current) VALUES (190, 'custom_floor', NULL, 'Custom', 'one_time', true);
INSERT INTO product_content (variant_id, description, positioning) VALUES (206, 'End-to-end transformation bundle for Physical Channels.', '(High-Impact) Positioning Strategy');
INSERT INTO product_features (variant_id, feature_text, sort_order) VALUES (206, 'Includes Design, AI Design, Implementation, AI Implementation, and Managed Services', 0);
INSERT INTO product_features (variant_id, feature_text, sort_order) VALUES (206, 'Architecture alignment', 1);
INSERT INTO product_features (variant_id, feature_text, sort_order) VALUES (206, 'Dedicated TMaaS specialist team', 2);
INSERT INTO product_features (variant_id, feature_text, sort_order) VALUES (206, 'SLA-backed governance and reporting', 3);
INSERT INTO product_features (variant_id, feature_text, sort_order) VALUES (206, 'Phased delivery and milestone tracking', 4);
INSERT INTO product_tags (variant_id, tag_name) VALUES (206, 'bundle');
INSERT INTO product_tags (variant_id, tag_name) VALUES (206, 'transformation');
INSERT INTO product_tags (variant_id, tag_name) VALUES (206, 'high-impact');
INSERT INTO product_tags (variant_id, tag_name) VALUES (206, 'experience');
INSERT INTO product_timeline_milestones (variant_id, milestone_text, sort_order) VALUES (206, 'Phase 1: Discovery & Alignment', 0);
INSERT INTO product_timeline_milestones (variant_id, milestone_text, sort_order) VALUES (206, 'Phase 2: Execution', 1);
INSERT INTO product_timeline_milestones (variant_id, milestone_text, sort_order) VALUES (206, 'Phase 3: Governance & Review', 2);
INSERT INTO product_timeline_milestones (variant_id, milestone_text, sort_order) VALUES (206, 'Phase 4: Operational Handover', 3);
INSERT INTO product_variants (id, product_id, sku, slug, variant_name, service_type_id, duration_display, duration_weeks_min, duration_weeks_max, delivery_complexity, implementation_model, badge, positioning, is_default_variant, status) VALUES (207, 5, 'EXP-BUN-207', 'experience-solutions-high-impact-transformation-bundle-207', 'Transformation Bundle', 'bundle', '16-24 Weeks', 16, 24, 'high', 'TMaaS Managed Delivery', 'Bundle', '(High-Impact) Positioning Strategy', false, 'published');
INSERT INTO marketplace_listings (id, merchant_id, variant_id, listing_status, purchasability, popularity_score) VALUES (191, 1, 207, 'active', 'request_quote', 200);
INSERT INTO variant_prices (listing_id, price_type, amount, price_display, billing_period, is_current) VALUES (191, 'custom_floor', NULL, 'Custom', 'one_time', true);
INSERT INTO product_content (variant_id, description, positioning) VALUES (207, 'End-to-end transformation bundle for Experience Solutions.', '(High-Impact) Positioning Strategy');
INSERT INTO product_features (variant_id, feature_text, sort_order) VALUES (207, 'Includes Design, AI Design, Implementation, AI Implementation, and Managed Services', 0);
INSERT INTO product_features (variant_id, feature_text, sort_order) VALUES (207, 'Architecture alignment', 1);
INSERT INTO product_features (variant_id, feature_text, sort_order) VALUES (207, 'Dedicated TMaaS specialist team', 2);
INSERT INTO product_features (variant_id, feature_text, sort_order) VALUES (207, 'SLA-backed governance and reporting', 3);
INSERT INTO product_features (variant_id, feature_text, sort_order) VALUES (207, 'Phased delivery and milestone tracking', 4);
INSERT INTO product_tags (variant_id, tag_name) VALUES (207, 'bundle');
INSERT INTO product_tags (variant_id, tag_name) VALUES (207, 'transformation');
INSERT INTO product_tags (variant_id, tag_name) VALUES (207, 'high-impact');
INSERT INTO product_tags (variant_id, tag_name) VALUES (207, 'experience');
INSERT INTO product_timeline_milestones (variant_id, milestone_text, sort_order) VALUES (207, 'Phase 1: Discovery & Alignment', 0);
INSERT INTO product_timeline_milestones (variant_id, milestone_text, sort_order) VALUES (207, 'Phase 2: Execution', 1);
INSERT INTO product_timeline_milestones (variant_id, milestone_text, sort_order) VALUES (207, 'Phase 3: Governance & Review', 2);
INSERT INTO product_timeline_milestones (variant_id, milestone_text, sort_order) VALUES (207, 'Phase 4: Operational Handover', 3);
INSERT INTO product_variants (id, product_id, sku, slug, variant_name, service_type_id, duration_display, duration_weeks_min, duration_weeks_max, delivery_complexity, implementation_model, badge, positioning, is_default_variant, status) VALUES (208, 6, 'EXP-BUN-208', 'crm-solutions-high-impact-transformation-bundle-208', 'Transformation Bundle', 'bundle', '16-24 Weeks', 16, 24, 'high', 'TMaaS Managed Delivery', 'Bundle', '(High-Impact) Positioning Strategy', false, 'published');
INSERT INTO marketplace_listings (id, merchant_id, variant_id, listing_status, purchasability, popularity_score) VALUES (192, 1, 208, 'active', 'request_quote', 200);
INSERT INTO variant_prices (listing_id, price_type, amount, price_display, billing_period, is_current) VALUES (192, 'custom_floor', NULL, 'Custom', 'one_time', true);
INSERT INTO product_content (variant_id, description, positioning) VALUES (208, 'End-to-end transformation bundle for CRM Solutions.', '(High-Impact) Positioning Strategy');
INSERT INTO product_features (variant_id, feature_text, sort_order) VALUES (208, 'Includes Design, AI Design, Implementation, AI Implementation, and Managed Services', 0);
INSERT INTO product_features (variant_id, feature_text, sort_order) VALUES (208, 'Architecture alignment', 1);
INSERT INTO product_features (variant_id, feature_text, sort_order) VALUES (208, 'Dedicated TMaaS specialist team', 2);
INSERT INTO product_features (variant_id, feature_text, sort_order) VALUES (208, 'SLA-backed governance and reporting', 3);
INSERT INTO product_features (variant_id, feature_text, sort_order) VALUES (208, 'Phased delivery and milestone tracking', 4);
INSERT INTO product_tags (variant_id, tag_name) VALUES (208, 'bundle');
INSERT INTO product_tags (variant_id, tag_name) VALUES (208, 'transformation');
INSERT INTO product_tags (variant_id, tag_name) VALUES (208, 'high-impact');
INSERT INTO product_tags (variant_id, tag_name) VALUES (208, 'experience');
INSERT INTO product_timeline_milestones (variant_id, milestone_text, sort_order) VALUES (208, 'Phase 1: Discovery & Alignment', 0);
INSERT INTO product_timeline_milestones (variant_id, milestone_text, sort_order) VALUES (208, 'Phase 2: Execution', 1);
INSERT INTO product_timeline_milestones (variant_id, milestone_text, sort_order) VALUES (208, 'Phase 3: Governance & Review', 2);
INSERT INTO product_timeline_milestones (variant_id, milestone_text, sort_order) VALUES (208, 'Phase 4: Operational Handover', 3);
INSERT INTO product_variants (id, product_id, sku, slug, variant_name, service_type_id, duration_display, duration_weeks_min, duration_weeks_max, delivery_complexity, implementation_model, badge, positioning, is_default_variant, status) VALUES (209, 7, 'EXP-BUN-209', 'marketing-solutions-high-impact-transformation-bundle-209', 'Transformation Bundle', 'bundle', '16-24 Weeks', 16, 24, 'high', 'TMaaS Managed Delivery', 'Bundle', '(High-Impact) Positioning Strategy', false, 'published');
INSERT INTO marketplace_listings (id, merchant_id, variant_id, listing_status, purchasability, popularity_score) VALUES (193, 1, 209, 'active', 'request_quote', 200);
INSERT INTO variant_prices (listing_id, price_type, amount, price_display, billing_period, is_current) VALUES (193, 'custom_floor', NULL, 'Custom', 'one_time', true);
INSERT INTO product_content (variant_id, description, positioning) VALUES (209, 'End-to-end transformation bundle for Marketing Solutions.', '(High-Impact) Positioning Strategy');
INSERT INTO product_features (variant_id, feature_text, sort_order) VALUES (209, 'Includes Design, AI Design, Implementation, AI Implementation, and Managed Services', 0);
INSERT INTO product_features (variant_id, feature_text, sort_order) VALUES (209, 'Architecture alignment', 1);
INSERT INTO product_features (variant_id, feature_text, sort_order) VALUES (209, 'Dedicated TMaaS specialist team', 2);
INSERT INTO product_features (variant_id, feature_text, sort_order) VALUES (209, 'SLA-backed governance and reporting', 3);
INSERT INTO product_features (variant_id, feature_text, sort_order) VALUES (209, 'Phased delivery and milestone tracking', 4);
INSERT INTO product_tags (variant_id, tag_name) VALUES (209, 'bundle');
INSERT INTO product_tags (variant_id, tag_name) VALUES (209, 'transformation');
INSERT INTO product_tags (variant_id, tag_name) VALUES (209, 'high-impact');
INSERT INTO product_tags (variant_id, tag_name) VALUES (209, 'experience');
INSERT INTO product_timeline_milestones (variant_id, milestone_text, sort_order) VALUES (209, 'Phase 1: Discovery & Alignment', 0);
INSERT INTO product_timeline_milestones (variant_id, milestone_text, sort_order) VALUES (209, 'Phase 2: Execution', 1);
INSERT INTO product_timeline_milestones (variant_id, milestone_text, sort_order) VALUES (209, 'Phase 3: Governance & Review', 2);
INSERT INTO product_timeline_milestones (variant_id, milestone_text, sort_order) VALUES (209, 'Phase 4: Operational Handover', 3);
INSERT INTO product_variants (id, product_id, sku, slug, variant_name, service_type_id, duration_display, duration_weeks_min, duration_weeks_max, delivery_complexity, implementation_model, badge, positioning, is_default_variant, status) VALUES (210, 8, 'EXP-BUN-210', 'smart-sales-quotation-high-impact-transformation-bundle-210', 'Transformation Bundle', 'bundle', '16-24 Weeks', 16, 24, 'high', 'TMaaS Managed Delivery', 'Bundle', '(High-Impact) Positioning Strategy', false, 'published');
INSERT INTO marketplace_listings (id, merchant_id, variant_id, listing_status, purchasability, popularity_score) VALUES (194, 1, 210, 'active', 'request_quote', 200);
INSERT INTO variant_prices (listing_id, price_type, amount, price_display, billing_period, is_current) VALUES (194, 'custom_floor', NULL, 'Custom', 'one_time', true);
INSERT INTO product_content (variant_id, description, positioning) VALUES (210, 'End-to-end transformation bundle for Smart Sales & Quotation.', '(High-Impact) Positioning Strategy');
INSERT INTO product_features (variant_id, feature_text, sort_order) VALUES (210, 'Includes Design, AI Design, Implementation, AI Implementation, and Managed Services', 0);
INSERT INTO product_features (variant_id, feature_text, sort_order) VALUES (210, 'Architecture alignment', 1);
INSERT INTO product_features (variant_id, feature_text, sort_order) VALUES (210, 'Dedicated TMaaS specialist team', 2);
INSERT INTO product_features (variant_id, feature_text, sort_order) VALUES (210, 'SLA-backed governance and reporting', 3);
INSERT INTO product_features (variant_id, feature_text, sort_order) VALUES (210, 'Phased delivery and milestone tracking', 4);
INSERT INTO product_tags (variant_id, tag_name) VALUES (210, 'bundle');
INSERT INTO product_tags (variant_id, tag_name) VALUES (210, 'transformation');
INSERT INTO product_tags (variant_id, tag_name) VALUES (210, 'high-impact');
INSERT INTO product_tags (variant_id, tag_name) VALUES (210, 'experience');
INSERT INTO product_timeline_milestones (variant_id, milestone_text, sort_order) VALUES (210, 'Phase 1: Discovery & Alignment', 0);
INSERT INTO product_timeline_milestones (variant_id, milestone_text, sort_order) VALUES (210, 'Phase 2: Execution', 1);
INSERT INTO product_timeline_milestones (variant_id, milestone_text, sort_order) VALUES (210, 'Phase 3: Governance & Review', 2);
INSERT INTO product_timeline_milestones (variant_id, milestone_text, sort_order) VALUES (210, 'Phase 4: Operational Handover', 3);
INSERT INTO product_variants (id, product_id, sku, slug, variant_name, service_type_id, duration_display, duration_weeks_min, duration_weeks_max, delivery_complexity, implementation_model, badge, positioning, is_default_variant, status) VALUES (211, 9, 'EXP-BUN-211', 'customer-support-success-high-impact-transformation-bundle-211', 'Transformation Bundle', 'bundle', '16-24 Weeks', 16, 24, 'high', 'TMaaS Managed Delivery', 'Bundle', '(High-Impact) Positioning Strategy', false, 'published');
INSERT INTO marketplace_listings (id, merchant_id, variant_id, listing_status, purchasability, popularity_score) VALUES (195, 1, 211, 'active', 'request_quote', 200);
INSERT INTO variant_prices (listing_id, price_type, amount, price_display, billing_period, is_current) VALUES (195, 'custom_floor', NULL, 'Custom', 'one_time', true);
INSERT INTO product_content (variant_id, description, positioning) VALUES (211, 'End-to-end transformation bundle for Customer Support & Success.', '(High-Impact) Positioning Strategy');
INSERT INTO product_features (variant_id, feature_text, sort_order) VALUES (211, 'Includes Design, AI Design, Implementation, AI Implementation, and Managed Services', 0);
INSERT INTO product_features (variant_id, feature_text, sort_order) VALUES (211, 'Architecture alignment', 1);
INSERT INTO product_features (variant_id, feature_text, sort_order) VALUES (211, 'Dedicated TMaaS specialist team', 2);
INSERT INTO product_features (variant_id, feature_text, sort_order) VALUES (211, 'SLA-backed governance and reporting', 3);
INSERT INTO product_features (variant_id, feature_text, sort_order) VALUES (211, 'Phased delivery and milestone tracking', 4);
INSERT INTO product_tags (variant_id, tag_name) VALUES (211, 'bundle');
INSERT INTO product_tags (variant_id, tag_name) VALUES (211, 'transformation');
INSERT INTO product_tags (variant_id, tag_name) VALUES (211, 'high-impact');
INSERT INTO product_tags (variant_id, tag_name) VALUES (211, 'experience');
INSERT INTO product_timeline_milestones (variant_id, milestone_text, sort_order) VALUES (211, 'Phase 1: Discovery & Alignment', 0);
INSERT INTO product_timeline_milestones (variant_id, milestone_text, sort_order) VALUES (211, 'Phase 2: Execution', 1);
INSERT INTO product_timeline_milestones (variant_id, milestone_text, sort_order) VALUES (211, 'Phase 3: Governance & Review', 2);
INSERT INTO product_timeline_milestones (variant_id, milestone_text, sort_order) VALUES (211, 'Phase 4: Operational Handover', 3);
INSERT INTO product_variants (id, product_id, sku, slug, variant_name, service_type_id, duration_display, duration_weeks_min, duration_weeks_max, delivery_complexity, implementation_model, badge, positioning, is_default_variant, status) VALUES (212, 10, 'OPE-BUN-212', 'digital-workplace-high-impact-transformation-bundle-212', 'Transformation Bundle', 'bundle', '16-24 Weeks', 16, 24, 'high', 'TMaaS Managed Delivery', 'Bundle', '(High-Impact) Positioning Strategy', false, 'published');
INSERT INTO marketplace_listings (id, merchant_id, variant_id, listing_status, purchasability, popularity_score) VALUES (196, 1, 212, 'active', 'request_quote', 200);
INSERT INTO variant_prices (listing_id, price_type, amount, price_display, billing_period, is_current) VALUES (196, 'custom_floor', NULL, 'Custom', 'one_time', true);
INSERT INTO product_content (variant_id, description, positioning) VALUES (212, 'End-to-end transformation bundle for Digital Workplace.', '(High-Impact) Positioning Strategy');
INSERT INTO product_features (variant_id, feature_text, sort_order) VALUES (212, 'Includes Design, AI Design, Implementation, AI Implementation, and Managed Services', 0);
INSERT INTO product_features (variant_id, feature_text, sort_order) VALUES (212, 'Architecture alignment', 1);
INSERT INTO product_features (variant_id, feature_text, sort_order) VALUES (212, 'Dedicated TMaaS specialist team', 2);
INSERT INTO product_features (variant_id, feature_text, sort_order) VALUES (212, 'SLA-backed governance and reporting', 3);
INSERT INTO product_features (variant_id, feature_text, sort_order) VALUES (212, 'Phased delivery and milestone tracking', 4);
INSERT INTO product_tags (variant_id, tag_name) VALUES (212, 'bundle');
INSERT INTO product_tags (variant_id, tag_name) VALUES (212, 'transformation');
INSERT INTO product_tags (variant_id, tag_name) VALUES (212, 'high-impact');
INSERT INTO product_tags (variant_id, tag_name) VALUES (212, 'operations');
INSERT INTO product_timeline_milestones (variant_id, milestone_text, sort_order) VALUES (212, 'Phase 1: Discovery & Alignment', 0);
INSERT INTO product_timeline_milestones (variant_id, milestone_text, sort_order) VALUES (212, 'Phase 2: Execution', 1);
INSERT INTO product_timeline_milestones (variant_id, milestone_text, sort_order) VALUES (212, 'Phase 3: Governance & Review', 2);
INSERT INTO product_timeline_milestones (variant_id, milestone_text, sort_order) VALUES (212, 'Phase 4: Operational Handover', 3);
INSERT INTO product_variants (id, product_id, sku, slug, variant_name, service_type_id, duration_display, duration_weeks_min, duration_weeks_max, delivery_complexity, implementation_model, badge, positioning, is_default_variant, status) VALUES (213, 11, 'OPE-BUN-213', 'business-process-automation-high-impact-transformation-bundle-213', 'Transformation Bundle', 'bundle', '16-24 Weeks', 16, 24, 'high', 'TMaaS Managed Delivery', 'Bundle', '(High-Impact) Positioning Strategy', false, 'published');
INSERT INTO marketplace_listings (id, merchant_id, variant_id, listing_status, purchasability, popularity_score) VALUES (197, 1, 213, 'active', 'request_quote', 200);
INSERT INTO variant_prices (listing_id, price_type, amount, price_display, billing_period, is_current) VALUES (197, 'custom_floor', NULL, 'Custom', 'one_time', true);
INSERT INTO product_content (variant_id, description, positioning) VALUES (213, 'End-to-end transformation bundle for Business Process Automation.', '(High-Impact) Positioning Strategy');
INSERT INTO product_features (variant_id, feature_text, sort_order) VALUES (213, 'Includes Design, AI Design, Implementation, AI Implementation, and Managed Services', 0);
INSERT INTO product_features (variant_id, feature_text, sort_order) VALUES (213, 'Architecture alignment', 1);
INSERT INTO product_features (variant_id, feature_text, sort_order) VALUES (213, 'Dedicated TMaaS specialist team', 2);
INSERT INTO product_features (variant_id, feature_text, sort_order) VALUES (213, 'SLA-backed governance and reporting', 3);
INSERT INTO product_features (variant_id, feature_text, sort_order) VALUES (213, 'Phased delivery and milestone tracking', 4);
INSERT INTO product_tags (variant_id, tag_name) VALUES (213, 'bundle');
INSERT INTO product_tags (variant_id, tag_name) VALUES (213, 'transformation');
INSERT INTO product_tags (variant_id, tag_name) VALUES (213, 'high-impact');
INSERT INTO product_tags (variant_id, tag_name) VALUES (213, 'operations');
INSERT INTO product_timeline_milestones (variant_id, milestone_text, sort_order) VALUES (213, 'Phase 1: Discovery & Alignment', 0);
INSERT INTO product_timeline_milestones (variant_id, milestone_text, sort_order) VALUES (213, 'Phase 2: Execution', 1);
INSERT INTO product_timeline_milestones (variant_id, milestone_text, sort_order) VALUES (213, 'Phase 3: Governance & Review', 2);
INSERT INTO product_timeline_milestones (variant_id, milestone_text, sort_order) VALUES (213, 'Phase 4: Operational Handover', 3);
INSERT INTO product_variants (id, product_id, sku, slug, variant_name, service_type_id, duration_display, duration_weeks_min, duration_weeks_max, delivery_complexity, implementation_model, badge, positioning, is_default_variant, status) VALUES (214, 12, 'OPE-BUN-214', 'specialized-operations-high-impact-transformation-bundle-214', 'Transformation Bundle', 'bundle', '16-24 Weeks', 16, 24, 'high', 'TMaaS Managed Delivery', 'Bundle', '(High-Impact) Positioning Strategy', false, 'published');
INSERT INTO marketplace_listings (id, merchant_id, variant_id, listing_status, purchasability, popularity_score) VALUES (198, 1, 214, 'active', 'request_quote', 200);
INSERT INTO variant_prices (listing_id, price_type, amount, price_display, billing_period, is_current) VALUES (198, 'custom_floor', NULL, 'Custom', 'one_time', true);
INSERT INTO product_content (variant_id, description, positioning) VALUES (214, 'End-to-end transformation bundle for Specialized Operations.', '(High-Impact) Positioning Strategy');
INSERT INTO product_features (variant_id, feature_text, sort_order) VALUES (214, 'Includes Design, AI Design, Implementation, AI Implementation, and Managed Services', 0);
INSERT INTO product_features (variant_id, feature_text, sort_order) VALUES (214, 'Architecture alignment', 1);
INSERT INTO product_features (variant_id, feature_text, sort_order) VALUES (214, 'Dedicated TMaaS specialist team', 2);
INSERT INTO product_features (variant_id, feature_text, sort_order) VALUES (214, 'SLA-backed governance and reporting', 3);
INSERT INTO product_features (variant_id, feature_text, sort_order) VALUES (214, 'Phased delivery and milestone tracking', 4);
INSERT INTO product_tags (variant_id, tag_name) VALUES (214, 'bundle');
INSERT INTO product_tags (variant_id, tag_name) VALUES (214, 'transformation');
INSERT INTO product_tags (variant_id, tag_name) VALUES (214, 'high-impact');
INSERT INTO product_tags (variant_id, tag_name) VALUES (214, 'operations');
INSERT INTO product_timeline_milestones (variant_id, milestone_text, sort_order) VALUES (214, 'Phase 1: Discovery & Alignment', 0);
INSERT INTO product_timeline_milestones (variant_id, milestone_text, sort_order) VALUES (214, 'Phase 2: Execution', 1);
INSERT INTO product_timeline_milestones (variant_id, milestone_text, sort_order) VALUES (214, 'Phase 3: Governance & Review', 2);
INSERT INTO product_timeline_milestones (variant_id, milestone_text, sort_order) VALUES (214, 'Phase 4: Operational Handover', 3);
INSERT INTO product_variants (id, product_id, sku, slug, variant_name, service_type_id, duration_display, duration_weeks_min, duration_weeks_max, delivery_complexity, implementation_model, badge, positioning, is_default_variant, status) VALUES (215, 13, 'OPE-BUN-215', 'enterprise-operations-high-impact-transformation-bundle-215', 'Transformation Bundle', 'bundle', '16-24 Weeks', 16, 24, 'high', 'TMaaS Managed Delivery', 'Bundle', '(High-Impact) Positioning Strategy', false, 'published');
INSERT INTO marketplace_listings (id, merchant_id, variant_id, listing_status, purchasability, popularity_score) VALUES (199, 1, 215, 'active', 'request_quote', 200);
INSERT INTO variant_prices (listing_id, price_type, amount, price_display, billing_period, is_current) VALUES (199, 'custom_floor', NULL, 'Custom', 'one_time', true);
INSERT INTO product_content (variant_id, description, positioning) VALUES (215, 'End-to-end transformation bundle for Enterprise Operations.', '(High-Impact) Positioning Strategy');
INSERT INTO product_features (variant_id, feature_text, sort_order) VALUES (215, 'Includes Design, AI Design, Implementation, AI Implementation, and Managed Services', 0);
INSERT INTO product_features (variant_id, feature_text, sort_order) VALUES (215, 'Architecture alignment', 1);
INSERT INTO product_features (variant_id, feature_text, sort_order) VALUES (215, 'Dedicated TMaaS specialist team', 2);
INSERT INTO product_features (variant_id, feature_text, sort_order) VALUES (215, 'SLA-backed governance and reporting', 3);
INSERT INTO product_features (variant_id, feature_text, sort_order) VALUES (215, 'Phased delivery and milestone tracking', 4);
INSERT INTO product_tags (variant_id, tag_name) VALUES (215, 'bundle');
INSERT INTO product_tags (variant_id, tag_name) VALUES (215, 'transformation');
INSERT INTO product_tags (variant_id, tag_name) VALUES (215, 'high-impact');
INSERT INTO product_tags (variant_id, tag_name) VALUES (215, 'operations');
INSERT INTO product_timeline_milestones (variant_id, milestone_text, sort_order) VALUES (215, 'Phase 1: Discovery & Alignment', 0);
INSERT INTO product_timeline_milestones (variant_id, milestone_text, sort_order) VALUES (215, 'Phase 2: Execution', 1);
INSERT INTO product_timeline_milestones (variant_id, milestone_text, sort_order) VALUES (215, 'Phase 3: Governance & Review', 2);
INSERT INTO product_timeline_milestones (variant_id, milestone_text, sort_order) VALUES (215, 'Phase 4: Operational Handover', 3);
INSERT INTO product_variants (id, product_id, sku, slug, variant_name, service_type_id, duration_display, duration_weeks_min, duration_weeks_max, delivery_complexity, implementation_model, badge, positioning, is_default_variant, status) VALUES (216, 14, 'SEC-BUN-216', 'governance-risk-compliance-high-impact-transformation-bundle-216', 'Transformation Bundle', 'bundle', '16-24 Weeks', 16, 24, 'high', 'TMaaS Managed Delivery', 'Bundle', '(High-Impact) Positioning Strategy', false, 'published');
INSERT INTO marketplace_listings (id, merchant_id, variant_id, listing_status, purchasability, popularity_score) VALUES (200, 1, 216, 'active', 'request_quote', 200);
INSERT INTO variant_prices (listing_id, price_type, amount, price_display, billing_period, is_current) VALUES (200, 'custom_floor', NULL, 'Custom', 'one_time', true);
INSERT INTO product_content (variant_id, description, positioning) VALUES (216, 'End-to-end transformation bundle for Governance, Risk & Compliance.', '(High-Impact) Positioning Strategy');
INSERT INTO product_features (variant_id, feature_text, sort_order) VALUES (216, 'Includes Design, AI Design, Implementation, AI Implementation, and Managed Services', 0);
INSERT INTO product_features (variant_id, feature_text, sort_order) VALUES (216, 'Architecture alignment', 1);
INSERT INTO product_features (variant_id, feature_text, sort_order) VALUES (216, 'Dedicated TMaaS specialist team', 2);
INSERT INTO product_features (variant_id, feature_text, sort_order) VALUES (216, 'SLA-backed governance and reporting', 3);
INSERT INTO product_features (variant_id, feature_text, sort_order) VALUES (216, 'Phased delivery and milestone tracking', 4);
INSERT INTO product_tags (variant_id, tag_name) VALUES (216, 'bundle');
INSERT INTO product_tags (variant_id, tag_name) VALUES (216, 'transformation');
INSERT INTO product_tags (variant_id, tag_name) VALUES (216, 'high-impact');
INSERT INTO product_tags (variant_id, tag_name) VALUES (216, 'security');
INSERT INTO product_timeline_milestones (variant_id, milestone_text, sort_order) VALUES (216, 'Phase 1: Discovery & Alignment', 0);
INSERT INTO product_timeline_milestones (variant_id, milestone_text, sort_order) VALUES (216, 'Phase 2: Execution', 1);
INSERT INTO product_timeline_milestones (variant_id, milestone_text, sort_order) VALUES (216, 'Phase 3: Governance & Review', 2);
INSERT INTO product_timeline_milestones (variant_id, milestone_text, sort_order) VALUES (216, 'Phase 4: Operational Handover', 3);
INSERT INTO product_variants (id, product_id, sku, slug, variant_name, service_type_id, duration_display, duration_weeks_min, duration_weeks_max, delivery_complexity, implementation_model, badge, positioning, is_default_variant, status) VALUES (217, 15, 'OPE-BUN-217', 'enterprise-resource-planning-high-impact-transformation-bundle-217', 'Transformation Bundle', 'bundle', '16-24 Weeks', 16, 24, 'high', 'TMaaS Managed Delivery', 'Bundle', '(High-Impact) Positioning Strategy', false, 'published');
INSERT INTO marketplace_listings (id, merchant_id, variant_id, listing_status, purchasability, popularity_score) VALUES (201, 1, 217, 'active', 'request_quote', 200);
INSERT INTO variant_prices (listing_id, price_type, amount, price_display, billing_period, is_current) VALUES (201, 'custom_floor', NULL, 'Custom', 'one_time', true);
INSERT INTO product_content (variant_id, description, positioning) VALUES (217, 'End-to-end transformation bundle for Enterprise Resource Planning.', '(High-Impact) Positioning Strategy');
INSERT INTO product_features (variant_id, feature_text, sort_order) VALUES (217, 'Includes Design, AI Design, Implementation, AI Implementation, and Managed Services', 0);
INSERT INTO product_features (variant_id, feature_text, sort_order) VALUES (217, 'Architecture alignment', 1);
INSERT INTO product_features (variant_id, feature_text, sort_order) VALUES (217, 'Dedicated TMaaS specialist team', 2);
INSERT INTO product_features (variant_id, feature_text, sort_order) VALUES (217, 'SLA-backed governance and reporting', 3);
INSERT INTO product_features (variant_id, feature_text, sort_order) VALUES (217, 'Phased delivery and milestone tracking', 4);
INSERT INTO product_tags (variant_id, tag_name) VALUES (217, 'bundle');
INSERT INTO product_tags (variant_id, tag_name) VALUES (217, 'transformation');
INSERT INTO product_tags (variant_id, tag_name) VALUES (217, 'high-impact');
INSERT INTO product_tags (variant_id, tag_name) VALUES (217, 'operations');
INSERT INTO product_timeline_milestones (variant_id, milestone_text, sort_order) VALUES (217, 'Phase 1: Discovery & Alignment', 0);
INSERT INTO product_timeline_milestones (variant_id, milestone_text, sort_order) VALUES (217, 'Phase 2: Execution', 1);
INSERT INTO product_timeline_milestones (variant_id, milestone_text, sort_order) VALUES (217, 'Phase 3: Governance & Review', 2);
INSERT INTO product_timeline_milestones (variant_id, milestone_text, sort_order) VALUES (217, 'Phase 4: Operational Handover', 3);
INSERT INTO product_variants (id, product_id, sku, slug, variant_name, service_type_id, duration_display, duration_weeks_min, duration_weeks_max, delivery_complexity, implementation_model, badge, positioning, is_default_variant, status) VALUES (218, 16, 'OPE-BUN-218', 'workforce-management-high-impact-transformation-bundle-218', 'Transformation Bundle', 'bundle', '16-24 Weeks', 16, 24, 'high', 'TMaaS Managed Delivery', 'Bundle', '(High-Impact) Positioning Strategy', false, 'published');
INSERT INTO marketplace_listings (id, merchant_id, variant_id, listing_status, purchasability, popularity_score) VALUES (202, 1, 218, 'active', 'request_quote', 200);
INSERT INTO variant_prices (listing_id, price_type, amount, price_display, billing_period, is_current) VALUES (202, 'custom_floor', NULL, 'Custom', 'one_time', true);
INSERT INTO product_content (variant_id, description, positioning) VALUES (218, 'End-to-end transformation bundle for Workforce Management.', '(High-Impact) Positioning Strategy');
INSERT INTO product_features (variant_id, feature_text, sort_order) VALUES (218, 'Includes Design, AI Design, Implementation, AI Implementation, and Managed Services', 0);
INSERT INTO product_features (variant_id, feature_text, sort_order) VALUES (218, 'Architecture alignment', 1);
INSERT INTO product_features (variant_id, feature_text, sort_order) VALUES (218, 'Dedicated TMaaS specialist team', 2);
INSERT INTO product_features (variant_id, feature_text, sort_order) VALUES (218, 'SLA-backed governance and reporting', 3);
INSERT INTO product_features (variant_id, feature_text, sort_order) VALUES (218, 'Phased delivery and milestone tracking', 4);
INSERT INTO product_tags (variant_id, tag_name) VALUES (218, 'bundle');
INSERT INTO product_tags (variant_id, tag_name) VALUES (218, 'transformation');
INSERT INTO product_tags (variant_id, tag_name) VALUES (218, 'high-impact');
INSERT INTO product_tags (variant_id, tag_name) VALUES (218, 'operations');
INSERT INTO product_timeline_milestones (variant_id, milestone_text, sort_order) VALUES (218, 'Phase 1: Discovery & Alignment', 0);
INSERT INTO product_timeline_milestones (variant_id, milestone_text, sort_order) VALUES (218, 'Phase 2: Execution', 1);
INSERT INTO product_timeline_milestones (variant_id, milestone_text, sort_order) VALUES (218, 'Phase 3: Governance & Review', 2);
INSERT INTO product_timeline_milestones (variant_id, milestone_text, sort_order) VALUES (218, 'Phase 4: Operational Handover', 3);
INSERT INTO product_variants (id, product_id, sku, slug, variant_name, service_type_id, duration_display, duration_weeks_min, duration_weeks_max, delivery_complexity, implementation_model, badge, positioning, is_default_variant, status) VALUES (219, 17, 'AI-BUN-219', 'enterprise-data-platform-high-impact-transformation-bundle-219', 'Transformation Bundle', 'bundle', '16-24 Weeks', 16, 24, 'high', 'TMaaS Managed Delivery', 'Bundle', '(High-Impact) Positioning Strategy', false, 'published');
INSERT INTO marketplace_listings (id, merchant_id, variant_id, listing_status, purchasability, popularity_score) VALUES (203, 1, 219, 'active', 'request_quote', 200);
INSERT INTO variant_prices (listing_id, price_type, amount, price_display, billing_period, is_current) VALUES (203, 'custom_floor', NULL, 'Custom', 'one_time', true);
INSERT INTO product_content (variant_id, description, positioning) VALUES (219, 'End-to-end transformation bundle for Enterprise Data Platform.', '(High-Impact) Positioning Strategy');
INSERT INTO product_features (variant_id, feature_text, sort_order) VALUES (219, 'Includes Design, AI Design, Implementation, AI Implementation, and Managed Services', 0);
INSERT INTO product_features (variant_id, feature_text, sort_order) VALUES (219, 'Architecture alignment', 1);
INSERT INTO product_features (variant_id, feature_text, sort_order) VALUES (219, 'Dedicated TMaaS specialist team', 2);
INSERT INTO product_features (variant_id, feature_text, sort_order) VALUES (219, 'SLA-backed governance and reporting', 3);
INSERT INTO product_features (variant_id, feature_text, sort_order) VALUES (219, 'Phased delivery and milestone tracking', 4);
INSERT INTO product_tags (variant_id, tag_name) VALUES (219, 'bundle');
INSERT INTO product_tags (variant_id, tag_name) VALUES (219, 'transformation');
INSERT INTO product_tags (variant_id, tag_name) VALUES (219, 'high-impact');
INSERT INTO product_tags (variant_id, tag_name) VALUES (219, 'data');
INSERT INTO product_timeline_milestones (variant_id, milestone_text, sort_order) VALUES (219, 'Phase 1: Discovery & Alignment', 0);
INSERT INTO product_timeline_milestones (variant_id, milestone_text, sort_order) VALUES (219, 'Phase 2: Execution', 1);
INSERT INTO product_timeline_milestones (variant_id, milestone_text, sort_order) VALUES (219, 'Phase 3: Governance & Review', 2);
INSERT INTO product_timeline_milestones (variant_id, milestone_text, sort_order) VALUES (219, 'Phase 4: Operational Handover', 3);
INSERT INTO product_variants (id, product_id, sku, slug, variant_name, service_type_id, duration_display, duration_weeks_min, duration_weeks_max, delivery_complexity, implementation_model, badge, positioning, is_default_variant, status) VALUES (220, 18, 'AI-BUN-220', 'business-intelligence-analytics-high-impact-transformation-bundle-220', 'Transformation Bundle', 'bundle', '16-24 Weeks', 16, 24, 'high', 'TMaaS Managed Delivery', 'Bundle', '(High-Impact) Positioning Strategy', false, 'published');
INSERT INTO marketplace_listings (id, merchant_id, variant_id, listing_status, purchasability, popularity_score) VALUES (204, 1, 220, 'active', 'request_quote', 200);
INSERT INTO variant_prices (listing_id, price_type, amount, price_display, billing_period, is_current) VALUES (204, 'custom_floor', NULL, 'Custom', 'one_time', true);
INSERT INTO product_content (variant_id, description, positioning) VALUES (220, 'End-to-end transformation bundle for Business Intelligence & Analytics.', '(High-Impact) Positioning Strategy');
INSERT INTO product_features (variant_id, feature_text, sort_order) VALUES (220, 'Includes Design, AI Design, Implementation, AI Implementation, and Managed Services', 0);
INSERT INTO product_features (variant_id, feature_text, sort_order) VALUES (220, 'Architecture alignment', 1);
INSERT INTO product_features (variant_id, feature_text, sort_order) VALUES (220, 'Dedicated TMaaS specialist team', 2);
INSERT INTO product_features (variant_id, feature_text, sort_order) VALUES (220, 'SLA-backed governance and reporting', 3);
INSERT INTO product_features (variant_id, feature_text, sort_order) VALUES (220, 'Phased delivery and milestone tracking', 4);
INSERT INTO product_tags (variant_id, tag_name) VALUES (220, 'bundle');
INSERT INTO product_tags (variant_id, tag_name) VALUES (220, 'transformation');
INSERT INTO product_tags (variant_id, tag_name) VALUES (220, 'high-impact');
INSERT INTO product_tags (variant_id, tag_name) VALUES (220, 'ai');
INSERT INTO product_timeline_milestones (variant_id, milestone_text, sort_order) VALUES (220, 'Phase 1: Discovery & Alignment', 0);
INSERT INTO product_timeline_milestones (variant_id, milestone_text, sort_order) VALUES (220, 'Phase 2: Execution', 1);
INSERT INTO product_timeline_milestones (variant_id, milestone_text, sort_order) VALUES (220, 'Phase 3: Governance & Review', 2);
INSERT INTO product_timeline_milestones (variant_id, milestone_text, sort_order) VALUES (220, 'Phase 4: Operational Handover', 3);
INSERT INTO product_variants (id, product_id, sku, slug, variant_name, service_type_id, duration_display, duration_weeks_min, duration_weeks_max, delivery_complexity, implementation_model, badge, positioning, is_default_variant, status) VALUES (221, 19, 'AI-BUN-221', 'enterprise-ai-automation-high-impact-transformation-bundle-221', 'Transformation Bundle', 'bundle', '16-24 Weeks', 16, 24, 'high', 'TMaaS Managed Delivery', 'Bundle', '(High-Impact) Positioning Strategy', false, 'published');
INSERT INTO marketplace_listings (id, merchant_id, variant_id, listing_status, purchasability, popularity_score) VALUES (205, 1, 221, 'active', 'request_quote', 200);
INSERT INTO variant_prices (listing_id, price_type, amount, price_display, billing_period, is_current) VALUES (205, 'custom_floor', NULL, 'Custom', 'one_time', true);
INSERT INTO product_content (variant_id, description, positioning) VALUES (221, 'End-to-end transformation bundle for Enterprise AI & Automation.', '(High-Impact) Positioning Strategy');
INSERT INTO product_features (variant_id, feature_text, sort_order) VALUES (221, 'Includes Design, AI Design, Implementation, AI Implementation, and Managed Services', 0);
INSERT INTO product_features (variant_id, feature_text, sort_order) VALUES (221, 'Architecture alignment', 1);
INSERT INTO product_features (variant_id, feature_text, sort_order) VALUES (221, 'Dedicated TMaaS specialist team', 2);
INSERT INTO product_features (variant_id, feature_text, sort_order) VALUES (221, 'SLA-backed governance and reporting', 3);
INSERT INTO product_features (variant_id, feature_text, sort_order) VALUES (221, 'Phased delivery and milestone tracking', 4);
INSERT INTO product_tags (variant_id, tag_name) VALUES (221, 'bundle');
INSERT INTO product_tags (variant_id, tag_name) VALUES (221, 'transformation');
INSERT INTO product_tags (variant_id, tag_name) VALUES (221, 'high-impact');
INSERT INTO product_tags (variant_id, tag_name) VALUES (221, 'ai');
INSERT INTO product_timeline_milestones (variant_id, milestone_text, sort_order) VALUES (221, 'Phase 1: Discovery & Alignment', 0);
INSERT INTO product_timeline_milestones (variant_id, milestone_text, sort_order) VALUES (221, 'Phase 2: Execution', 1);
INSERT INTO product_timeline_milestones (variant_id, milestone_text, sort_order) VALUES (221, 'Phase 3: Governance & Review', 2);
INSERT INTO product_timeline_milestones (variant_id, milestone_text, sort_order) VALUES (221, 'Phase 4: Operational Handover', 3);
INSERT INTO product_variants (id, product_id, sku, slug, variant_name, service_type_id, duration_display, duration_weeks_min, duration_weeks_max, delivery_complexity, implementation_model, badge, positioning, is_default_variant, status) VALUES (222, 20, 'SEC-BUN-222', 'technology-governance-high-impact-transformation-bundle-222', 'Transformation Bundle', 'bundle', '16-24 Weeks', 16, 24, 'high', 'TMaaS Managed Delivery', 'Bundle', '(High-Impact) Positioning Strategy', false, 'published');
INSERT INTO marketplace_listings (id, merchant_id, variant_id, listing_status, purchasability, popularity_score) VALUES (206, 1, 222, 'active', 'request_quote', 200);
INSERT INTO variant_prices (listing_id, price_type, amount, price_display, billing_period, is_current) VALUES (206, 'custom_floor', NULL, 'Custom', 'one_time', true);
INSERT INTO product_content (variant_id, description, positioning) VALUES (222, 'End-to-end transformation bundle for Technology Governance.', '(High-Impact) Positioning Strategy');
INSERT INTO product_features (variant_id, feature_text, sort_order) VALUES (222, 'Includes Design, AI Design, Implementation, AI Implementation, and Managed Services', 0);
INSERT INTO product_features (variant_id, feature_text, sort_order) VALUES (222, 'Architecture alignment', 1);
INSERT INTO product_features (variant_id, feature_text, sort_order) VALUES (222, 'Dedicated TMaaS specialist team', 2);
INSERT INTO product_features (variant_id, feature_text, sort_order) VALUES (222, 'SLA-backed governance and reporting', 3);
INSERT INTO product_features (variant_id, feature_text, sort_order) VALUES (222, 'Phased delivery and milestone tracking', 4);
INSERT INTO product_tags (variant_id, tag_name) VALUES (222, 'bundle');
INSERT INTO product_tags (variant_id, tag_name) VALUES (222, 'transformation');
INSERT INTO product_tags (variant_id, tag_name) VALUES (222, 'high-impact');
INSERT INTO product_tags (variant_id, tag_name) VALUES (222, 'security');
INSERT INTO product_timeline_milestones (variant_id, milestone_text, sort_order) VALUES (222, 'Phase 1: Discovery & Alignment', 0);
INSERT INTO product_timeline_milestones (variant_id, milestone_text, sort_order) VALUES (222, 'Phase 2: Execution', 1);
INSERT INTO product_timeline_milestones (variant_id, milestone_text, sort_order) VALUES (222, 'Phase 3: Governance & Review', 2);
INSERT INTO product_timeline_milestones (variant_id, milestone_text, sort_order) VALUES (222, 'Phase 4: Operational Handover', 3);
INSERT INTO product_variants (id, product_id, sku, slug, variant_name, service_type_id, duration_display, duration_weeks_min, duration_weeks_max, delivery_complexity, implementation_model, badge, positioning, is_default_variant, status) VALUES (223, 21, 'OPE-BUN-223', 'devsecops-automation-high-impact-transformation-bundle-223', 'Transformation Bundle', 'bundle', '16-24 Weeks', 16, 24, 'high', 'TMaaS Managed Delivery', 'Bundle', '(High-Impact) Positioning Strategy', false, 'published');
INSERT INTO marketplace_listings (id, merchant_id, variant_id, listing_status, purchasability, popularity_score) VALUES (207, 1, 223, 'active', 'request_quote', 200);
INSERT INTO variant_prices (listing_id, price_type, amount, price_display, billing_period, is_current) VALUES (207, 'custom_floor', NULL, 'Custom', 'one_time', true);
INSERT INTO product_content (variant_id, description, positioning) VALUES (223, 'End-to-end transformation bundle for DevSecOps Automation.', '(High-Impact) Positioning Strategy');
INSERT INTO product_features (variant_id, feature_text, sort_order) VALUES (223, 'Includes Design, AI Design, Implementation, AI Implementation, and Managed Services', 0);
INSERT INTO product_features (variant_id, feature_text, sort_order) VALUES (223, 'Architecture alignment', 1);
INSERT INTO product_features (variant_id, feature_text, sort_order) VALUES (223, 'Dedicated TMaaS specialist team', 2);
INSERT INTO product_features (variant_id, feature_text, sort_order) VALUES (223, 'SLA-backed governance and reporting', 3);
INSERT INTO product_features (variant_id, feature_text, sort_order) VALUES (223, 'Phased delivery and milestone tracking', 4);
INSERT INTO product_tags (variant_id, tag_name) VALUES (223, 'bundle');
INSERT INTO product_tags (variant_id, tag_name) VALUES (223, 'transformation');
INSERT INTO product_tags (variant_id, tag_name) VALUES (223, 'high-impact');
INSERT INTO product_tags (variant_id, tag_name) VALUES (223, 'operations');
INSERT INTO product_timeline_milestones (variant_id, milestone_text, sort_order) VALUES (223, 'Phase 1: Discovery & Alignment', 0);
INSERT INTO product_timeline_milestones (variant_id, milestone_text, sort_order) VALUES (223, 'Phase 2: Execution', 1);
INSERT INTO product_timeline_milestones (variant_id, milestone_text, sort_order) VALUES (223, 'Phase 3: Governance & Review', 2);
INSERT INTO product_timeline_milestones (variant_id, milestone_text, sort_order) VALUES (223, 'Phase 4: Operational Handover', 3);
INSERT INTO product_variants (id, product_id, sku, slug, variant_name, service_type_id, duration_display, duration_weeks_min, duration_weeks_max, delivery_complexity, implementation_model, badge, positioning, is_default_variant, status) VALUES (224, 22, 'EXP-BUN-224', 'it-operations-support-high-impact-transformation-bundle-224', 'Transformation Bundle', 'bundle', '16-24 Weeks', 16, 24, 'high', 'TMaaS Managed Delivery', 'Bundle', '(High-Impact) Positioning Strategy', false, 'published');
INSERT INTO marketplace_listings (id, merchant_id, variant_id, listing_status, purchasability, popularity_score) VALUES (208, 1, 224, 'active', 'request_quote', 200);
INSERT INTO variant_prices (listing_id, price_type, amount, price_display, billing_period, is_current) VALUES (208, 'custom_floor', NULL, 'Custom', 'one_time', true);
INSERT INTO product_content (variant_id, description, positioning) VALUES (224, 'End-to-end transformation bundle for IT Operations & Support.', '(High-Impact) Positioning Strategy');
INSERT INTO product_features (variant_id, feature_text, sort_order) VALUES (224, 'Includes Design, AI Design, Implementation, AI Implementation, and Managed Services', 0);
INSERT INTO product_features (variant_id, feature_text, sort_order) VALUES (224, 'Architecture alignment', 1);
INSERT INTO product_features (variant_id, feature_text, sort_order) VALUES (224, 'Dedicated TMaaS specialist team', 2);
INSERT INTO product_features (variant_id, feature_text, sort_order) VALUES (224, 'SLA-backed governance and reporting', 3);
INSERT INTO product_features (variant_id, feature_text, sort_order) VALUES (224, 'Phased delivery and milestone tracking', 4);
INSERT INTO product_tags (variant_id, tag_name) VALUES (224, 'bundle');
INSERT INTO product_tags (variant_id, tag_name) VALUES (224, 'transformation');
INSERT INTO product_tags (variant_id, tag_name) VALUES (224, 'high-impact');
INSERT INTO product_tags (variant_id, tag_name) VALUES (224, 'experience');
INSERT INTO product_timeline_milestones (variant_id, milestone_text, sort_order) VALUES (224, 'Phase 1: Discovery & Alignment', 0);
INSERT INTO product_timeline_milestones (variant_id, milestone_text, sort_order) VALUES (224, 'Phase 2: Execution', 1);
INSERT INTO product_timeline_milestones (variant_id, milestone_text, sort_order) VALUES (224, 'Phase 3: Governance & Review', 2);
INSERT INTO product_timeline_milestones (variant_id, milestone_text, sort_order) VALUES (224, 'Phase 4: Operational Handover', 3);
INSERT INTO product_variants (id, product_id, sku, slug, variant_name, service_type_id, duration_display, duration_weeks_min, duration_weeks_max, delivery_complexity, implementation_model, badge, positioning, is_default_variant, status) VALUES (225, 23, 'OPE-BUN-225', 'farming-operations-high-impact-transformation-bundle-225', 'Transformation Bundle', 'bundle', '16-24 Weeks', 16, 24, 'high', 'TMaaS Managed Delivery', 'Bundle', '(High-Impact) Positioning Strategy', false, 'published');
INSERT INTO marketplace_listings (id, merchant_id, variant_id, listing_status, purchasability, popularity_score) VALUES (209, 1, 225, 'active', 'request_quote', 200);
INSERT INTO variant_prices (listing_id, price_type, amount, price_display, billing_period, is_current) VALUES (209, 'custom_floor', NULL, 'Custom', 'one_time', true);
INSERT INTO product_content (variant_id, description, positioning) VALUES (225, 'End-to-end transformation bundle for Farming Operations.', '(High-Impact) Positioning Strategy');
INSERT INTO product_features (variant_id, feature_text, sort_order) VALUES (225, 'Includes Design, AI Design, Implementation, AI Implementation, and Managed Services', 0);
INSERT INTO product_features (variant_id, feature_text, sort_order) VALUES (225, 'Architecture alignment', 1);
INSERT INTO product_features (variant_id, feature_text, sort_order) VALUES (225, 'Dedicated TMaaS specialist team', 2);
INSERT INTO product_features (variant_id, feature_text, sort_order) VALUES (225, 'SLA-backed governance and reporting', 3);
INSERT INTO product_features (variant_id, feature_text, sort_order) VALUES (225, 'Phased delivery and milestone tracking', 4);
INSERT INTO product_tags (variant_id, tag_name) VALUES (225, 'bundle');
INSERT INTO product_tags (variant_id, tag_name) VALUES (225, 'transformation');
INSERT INTO product_tags (variant_id, tag_name) VALUES (225, 'high-impact');
INSERT INTO product_tags (variant_id, tag_name) VALUES (225, 'operations');
INSERT INTO product_timeline_milestones (variant_id, milestone_text, sort_order) VALUES (225, 'Phase 1: Discovery & Alignment', 0);
INSERT INTO product_timeline_milestones (variant_id, milestone_text, sort_order) VALUES (225, 'Phase 2: Execution', 1);
INSERT INTO product_timeline_milestones (variant_id, milestone_text, sort_order) VALUES (225, 'Phase 3: Governance & Review', 2);
INSERT INTO product_timeline_milestones (variant_id, milestone_text, sort_order) VALUES (225, 'Phase 4: Operational Handover', 3);
INSERT INTO product_variants (id, product_id, sku, slug, variant_name, service_type_id, duration_display, duration_weeks_min, duration_weeks_max, delivery_complexity, implementation_model, badge, positioning, is_default_variant, status) VALUES (226, 24, 'OPE-BUN-226', 'manufacturing-operations-high-impact-transformation-bundle-226', 'Transformation Bundle', 'bundle', '16-24 Weeks', 16, 24, 'high', 'TMaaS Managed Delivery', 'Bundle', '(High-Impact) Positioning Strategy', false, 'published');
INSERT INTO marketplace_listings (id, merchant_id, variant_id, listing_status, purchasability, popularity_score) VALUES (210, 1, 226, 'active', 'request_quote', 200);
INSERT INTO variant_prices (listing_id, price_type, amount, price_display, billing_period, is_current) VALUES (210, 'custom_floor', NULL, 'Custom', 'one_time', true);
INSERT INTO product_content (variant_id, description, positioning) VALUES (226, 'End-to-end transformation bundle for Manufacturing Operations.', '(High-Impact) Positioning Strategy');
INSERT INTO product_features (variant_id, feature_text, sort_order) VALUES (226, 'Includes Design, AI Design, Implementation, AI Implementation, and Managed Services', 0);
INSERT INTO product_features (variant_id, feature_text, sort_order) VALUES (226, 'Architecture alignment', 1);
INSERT INTO product_features (variant_id, feature_text, sort_order) VALUES (226, 'Dedicated TMaaS specialist team', 2);
INSERT INTO product_features (variant_id, feature_text, sort_order) VALUES (226, 'SLA-backed governance and reporting', 3);
INSERT INTO product_features (variant_id, feature_text, sort_order) VALUES (226, 'Phased delivery and milestone tracking', 4);
INSERT INTO product_tags (variant_id, tag_name) VALUES (226, 'bundle');
INSERT INTO product_tags (variant_id, tag_name) VALUES (226, 'transformation');
INSERT INTO product_tags (variant_id, tag_name) VALUES (226, 'high-impact');
INSERT INTO product_tags (variant_id, tag_name) VALUES (226, 'operations');
INSERT INTO product_timeline_milestones (variant_id, milestone_text, sort_order) VALUES (226, 'Phase 1: Discovery & Alignment', 0);
INSERT INTO product_timeline_milestones (variant_id, milestone_text, sort_order) VALUES (226, 'Phase 2: Execution', 1);
INSERT INTO product_timeline_milestones (variant_id, milestone_text, sort_order) VALUES (226, 'Phase 3: Governance & Review', 2);
INSERT INTO product_timeline_milestones (variant_id, milestone_text, sort_order) VALUES (226, 'Phase 4: Operational Handover', 3);
INSERT INTO product_variants (id, product_id, sku, slug, variant_name, service_type_id, duration_display, duration_weeks_min, duration_weeks_max, delivery_complexity, implementation_model, badge, positioning, is_default_variant, status) VALUES (227, 25, 'OPE-BUN-227', 'infrastructure-operations-high-impact-transformation-bundle-227', 'Transformation Bundle', 'bundle', '16-24 Weeks', 16, 24, 'high', 'TMaaS Managed Delivery', 'Bundle', '(High-Impact) Positioning Strategy', false, 'published');
INSERT INTO marketplace_listings (id, merchant_id, variant_id, listing_status, purchasability, popularity_score) VALUES (211, 1, 227, 'active', 'request_quote', 200);
INSERT INTO variant_prices (listing_id, price_type, amount, price_display, billing_period, is_current) VALUES (211, 'custom_floor', NULL, 'Custom', 'one_time', true);
INSERT INTO product_content (variant_id, description, positioning) VALUES (227, 'End-to-end transformation bundle for Infrastructure Operations.', '(High-Impact) Positioning Strategy');
INSERT INTO product_features (variant_id, feature_text, sort_order) VALUES (227, 'Includes Design, AI Design, Implementation, AI Implementation, and Managed Services', 0);
INSERT INTO product_features (variant_id, feature_text, sort_order) VALUES (227, 'Architecture alignment', 1);
INSERT INTO product_features (variant_id, feature_text, sort_order) VALUES (227, 'Dedicated TMaaS specialist team', 2);
INSERT INTO product_features (variant_id, feature_text, sort_order) VALUES (227, 'SLA-backed governance and reporting', 3);
INSERT INTO product_features (variant_id, feature_text, sort_order) VALUES (227, 'Phased delivery and milestone tracking', 4);
INSERT INTO product_tags (variant_id, tag_name) VALUES (227, 'bundle');
INSERT INTO product_tags (variant_id, tag_name) VALUES (227, 'transformation');
INSERT INTO product_tags (variant_id, tag_name) VALUES (227, 'high-impact');
INSERT INTO product_tags (variant_id, tag_name) VALUES (227, 'operations');
INSERT INTO product_timeline_milestones (variant_id, milestone_text, sort_order) VALUES (227, 'Phase 1: Discovery & Alignment', 0);
INSERT INTO product_timeline_milestones (variant_id, milestone_text, sort_order) VALUES (227, 'Phase 2: Execution', 1);
INSERT INTO product_timeline_milestones (variant_id, milestone_text, sort_order) VALUES (227, 'Phase 3: Governance & Review', 2);
INSERT INTO product_timeline_milestones (variant_id, milestone_text, sort_order) VALUES (227, 'Phase 4: Operational Handover', 3);
INSERT INTO product_variants (id, product_id, sku, slug, variant_name, service_type_id, duration_display, duration_weeks_min, duration_weeks_max, delivery_complexity, implementation_model, badge, positioning, is_default_variant, status) VALUES (228, 26, 'OPE-BUN-228', 'government-operations-high-impact-transformation-bundle-228', 'Transformation Bundle', 'bundle', '16-24 Weeks', 16, 24, 'high', 'TMaaS Managed Delivery', 'Bundle', '(High-Impact) Positioning Strategy', false, 'published');
INSERT INTO marketplace_listings (id, merchant_id, variant_id, listing_status, purchasability, popularity_score) VALUES (212, 1, 228, 'active', 'request_quote', 200);
INSERT INTO variant_prices (listing_id, price_type, amount, price_display, billing_period, is_current) VALUES (212, 'custom_floor', NULL, 'Custom', 'one_time', true);
INSERT INTO product_content (variant_id, description, positioning) VALUES (228, 'End-to-end transformation bundle for Government Operations.', '(High-Impact) Positioning Strategy');
INSERT INTO product_features (variant_id, feature_text, sort_order) VALUES (228, 'Includes Design, AI Design, Implementation, AI Implementation, and Managed Services', 0);
INSERT INTO product_features (variant_id, feature_text, sort_order) VALUES (228, 'Architecture alignment', 1);
INSERT INTO product_features (variant_id, feature_text, sort_order) VALUES (228, 'Dedicated TMaaS specialist team', 2);
INSERT INTO product_features (variant_id, feature_text, sort_order) VALUES (228, 'SLA-backed governance and reporting', 3);
INSERT INTO product_features (variant_id, feature_text, sort_order) VALUES (228, 'Phased delivery and milestone tracking', 4);
INSERT INTO product_tags (variant_id, tag_name) VALUES (228, 'bundle');
INSERT INTO product_tags (variant_id, tag_name) VALUES (228, 'transformation');
INSERT INTO product_tags (variant_id, tag_name) VALUES (228, 'high-impact');
INSERT INTO product_tags (variant_id, tag_name) VALUES (228, 'operations');
INSERT INTO product_timeline_milestones (variant_id, milestone_text, sort_order) VALUES (228, 'Phase 1: Discovery & Alignment', 0);
INSERT INTO product_timeline_milestones (variant_id, milestone_text, sort_order) VALUES (228, 'Phase 2: Execution', 1);
INSERT INTO product_timeline_milestones (variant_id, milestone_text, sort_order) VALUES (228, 'Phase 3: Governance & Review', 2);
INSERT INTO product_timeline_milestones (variant_id, milestone_text, sort_order) VALUES (228, 'Phase 4: Operational Handover', 3);
INSERT INTO product_variants (id, product_id, sku, slug, variant_name, service_type_id, duration_display, duration_weeks_min, duration_weeks_max, delivery_complexity, implementation_model, badge, positioning, is_default_variant, status) VALUES (229, 27, 'OPE-BUN-229', 'hospitality-operations-high-impact-transformation-bundle-229', 'Transformation Bundle', 'bundle', '16-24 Weeks', 16, 24, 'high', 'TMaaS Managed Delivery', 'Bundle', '(High-Impact) Positioning Strategy', false, 'published');
INSERT INTO marketplace_listings (id, merchant_id, variant_id, listing_status, purchasability, popularity_score) VALUES (213, 1, 229, 'active', 'request_quote', 200);
INSERT INTO variant_prices (listing_id, price_type, amount, price_display, billing_period, is_current) VALUES (213, 'custom_floor', NULL, 'Custom', 'one_time', true);
INSERT INTO product_content (variant_id, description, positioning) VALUES (229, 'End-to-end transformation bundle for Hospitality Operations.', '(High-Impact) Positioning Strategy');
INSERT INTO product_features (variant_id, feature_text, sort_order) VALUES (229, 'Includes Design, AI Design, Implementation, AI Implementation, and Managed Services', 0);
INSERT INTO product_features (variant_id, feature_text, sort_order) VALUES (229, 'Architecture alignment', 1);
INSERT INTO product_features (variant_id, feature_text, sort_order) VALUES (229, 'Dedicated TMaaS specialist team', 2);
INSERT INTO product_features (variant_id, feature_text, sort_order) VALUES (229, 'SLA-backed governance and reporting', 3);
INSERT INTO product_features (variant_id, feature_text, sort_order) VALUES (229, 'Phased delivery and milestone tracking', 4);
INSERT INTO product_tags (variant_id, tag_name) VALUES (229, 'bundle');
INSERT INTO product_tags (variant_id, tag_name) VALUES (229, 'transformation');
INSERT INTO product_tags (variant_id, tag_name) VALUES (229, 'high-impact');
INSERT INTO product_tags (variant_id, tag_name) VALUES (229, 'operations');
INSERT INTO product_timeline_milestones (variant_id, milestone_text, sort_order) VALUES (229, 'Phase 1: Discovery & Alignment', 0);
INSERT INTO product_timeline_milestones (variant_id, milestone_text, sort_order) VALUES (229, 'Phase 2: Execution', 1);
INSERT INTO product_timeline_milestones (variant_id, milestone_text, sort_order) VALUES (229, 'Phase 3: Governance & Review', 2);
INSERT INTO product_timeline_milestones (variant_id, milestone_text, sort_order) VALUES (229, 'Phase 4: Operational Handover', 3);
INSERT INTO product_variants (id, product_id, sku, slug, variant_name, service_type_id, duration_display, duration_weeks_min, duration_weeks_max, delivery_complexity, implementation_model, badge, positioning, is_default_variant, status) VALUES (230, 28, 'OPE-BUN-230', 'retail-operations-high-impact-transformation-bundle-230', 'Transformation Bundle', 'bundle', '16-24 Weeks', 16, 24, 'high', 'TMaaS Managed Delivery', 'Bundle', '(High-Impact) Positioning Strategy', false, 'published');
INSERT INTO marketplace_listings (id, merchant_id, variant_id, listing_status, purchasability, popularity_score) VALUES (214, 1, 230, 'active', 'request_quote', 200);
INSERT INTO variant_prices (listing_id, price_type, amount, price_display, billing_period, is_current) VALUES (214, 'custom_floor', NULL, 'Custom', 'one_time', true);
INSERT INTO product_content (variant_id, description, positioning) VALUES (230, 'End-to-end transformation bundle for Retail Operations.', '(High-Impact) Positioning Strategy');
INSERT INTO product_features (variant_id, feature_text, sort_order) VALUES (230, 'Includes Design, AI Design, Implementation, AI Implementation, and Managed Services', 0);
INSERT INTO product_features (variant_id, feature_text, sort_order) VALUES (230, 'Architecture alignment', 1);
INSERT INTO product_features (variant_id, feature_text, sort_order) VALUES (230, 'Dedicated TMaaS specialist team', 2);
INSERT INTO product_features (variant_id, feature_text, sort_order) VALUES (230, 'SLA-backed governance and reporting', 3);
INSERT INTO product_features (variant_id, feature_text, sort_order) VALUES (230, 'Phased delivery and milestone tracking', 4);
INSERT INTO product_tags (variant_id, tag_name) VALUES (230, 'bundle');
INSERT INTO product_tags (variant_id, tag_name) VALUES (230, 'transformation');
INSERT INTO product_tags (variant_id, tag_name) VALUES (230, 'high-impact');
INSERT INTO product_tags (variant_id, tag_name) VALUES (230, 'operations');
INSERT INTO product_timeline_milestones (variant_id, milestone_text, sort_order) VALUES (230, 'Phase 1: Discovery & Alignment', 0);
INSERT INTO product_timeline_milestones (variant_id, milestone_text, sort_order) VALUES (230, 'Phase 2: Execution', 1);
INSERT INTO product_timeline_milestones (variant_id, milestone_text, sort_order) VALUES (230, 'Phase 3: Governance & Review', 2);
INSERT INTO product_timeline_milestones (variant_id, milestone_text, sort_order) VALUES (230, 'Phase 4: Operational Handover', 3);
INSERT INTO product_variants (id, product_id, sku, slug, variant_name, service_type_id, duration_display, duration_weeks_min, duration_weeks_max, delivery_complexity, implementation_model, badge, positioning, is_default_variant, status) VALUES (231, 29, 'OPE-BUN-231', 'service-operations-high-impact-transformation-bundle-231', 'Transformation Bundle', 'bundle', '16-24 Weeks', 16, 24, 'high', 'TMaaS Managed Delivery', 'Bundle', '(High-Impact) Positioning Strategy', false, 'published');
INSERT INTO marketplace_listings (id, merchant_id, variant_id, listing_status, purchasability, popularity_score) VALUES (215, 1, 231, 'active', 'request_quote', 200);
INSERT INTO variant_prices (listing_id, price_type, amount, price_display, billing_period, is_current) VALUES (215, 'custom_floor', NULL, 'Custom', 'one_time', true);
INSERT INTO product_content (variant_id, description, positioning) VALUES (231, 'End-to-end transformation bundle for Service Operations.', '(High-Impact) Positioning Strategy');
INSERT INTO product_features (variant_id, feature_text, sort_order) VALUES (231, 'Includes Design, AI Design, Implementation, AI Implementation, and Managed Services', 0);
INSERT INTO product_features (variant_id, feature_text, sort_order) VALUES (231, 'Architecture alignment', 1);
INSERT INTO product_features (variant_id, feature_text, sort_order) VALUES (231, 'Dedicated TMaaS specialist team', 2);
INSERT INTO product_features (variant_id, feature_text, sort_order) VALUES (231, 'SLA-backed governance and reporting', 3);
INSERT INTO product_features (variant_id, feature_text, sort_order) VALUES (231, 'Phased delivery and milestone tracking', 4);
INSERT INTO product_tags (variant_id, tag_name) VALUES (231, 'bundle');
INSERT INTO product_tags (variant_id, tag_name) VALUES (231, 'transformation');
INSERT INTO product_tags (variant_id, tag_name) VALUES (231, 'high-impact');
INSERT INTO product_tags (variant_id, tag_name) VALUES (231, 'operations');
INSERT INTO product_timeline_milestones (variant_id, milestone_text, sort_order) VALUES (231, 'Phase 1: Discovery & Alignment', 0);
INSERT INTO product_timeline_milestones (variant_id, milestone_text, sort_order) VALUES (231, 'Phase 2: Execution', 1);
INSERT INTO product_timeline_milestones (variant_id, milestone_text, sort_order) VALUES (231, 'Phase 3: Governance & Review', 2);
INSERT INTO product_timeline_milestones (variant_id, milestone_text, sort_order) VALUES (231, 'Phase 4: Operational Handover', 3);
INSERT INTO product_variants (id, product_id, sku, slug, variant_name, service_type_id, duration_display, duration_weeks_min, duration_weeks_max, delivery_complexity, implementation_model, badge, positioning, is_default_variant, status) VALUES (232, 30, 'OPE-BUN-232', 'logistics-operations-high-impact-transformation-bundle-232', 'Transformation Bundle', 'bundle', '16-24 Weeks', 16, 24, 'high', 'TMaaS Managed Delivery', 'Bundle', '(High-Impact) Positioning Strategy', false, 'published');
INSERT INTO marketplace_listings (id, merchant_id, variant_id, listing_status, purchasability, popularity_score) VALUES (216, 1, 232, 'active', 'request_quote', 200);
INSERT INTO variant_prices (listing_id, price_type, amount, price_display, billing_period, is_current) VALUES (216, 'custom_floor', NULL, 'Custom', 'one_time', true);
INSERT INTO product_content (variant_id, description, positioning) VALUES (232, 'End-to-end transformation bundle for Logistics Operations.', '(High-Impact) Positioning Strategy');
INSERT INTO product_features (variant_id, feature_text, sort_order) VALUES (232, 'Includes Design, AI Design, Implementation, AI Implementation, and Managed Services', 0);
INSERT INTO product_features (variant_id, feature_text, sort_order) VALUES (232, 'Architecture alignment', 1);
INSERT INTO product_features (variant_id, feature_text, sort_order) VALUES (232, 'Dedicated TMaaS specialist team', 2);
INSERT INTO product_features (variant_id, feature_text, sort_order) VALUES (232, 'SLA-backed governance and reporting', 3);
INSERT INTO product_features (variant_id, feature_text, sort_order) VALUES (232, 'Phased delivery and milestone tracking', 4);
INSERT INTO product_tags (variant_id, tag_name) VALUES (232, 'bundle');
INSERT INTO product_tags (variant_id, tag_name) VALUES (232, 'transformation');
INSERT INTO product_tags (variant_id, tag_name) VALUES (232, 'high-impact');
INSERT INTO product_tags (variant_id, tag_name) VALUES (232, 'operations');
INSERT INTO product_timeline_milestones (variant_id, milestone_text, sort_order) VALUES (232, 'Phase 1: Discovery & Alignment', 0);
INSERT INTO product_timeline_milestones (variant_id, milestone_text, sort_order) VALUES (232, 'Phase 2: Execution', 1);
INSERT INTO product_timeline_milestones (variant_id, milestone_text, sort_order) VALUES (232, 'Phase 3: Governance & Review', 2);
INSERT INTO product_timeline_milestones (variant_id, milestone_text, sort_order) VALUES (232, 'Phase 4: Operational Handover', 3);
INSERT INTO product_variants (id, product_id, sku, slug, variant_name, service_type_id, duration_display, duration_weeks_min, duration_weeks_max, delivery_complexity, implementation_model, badge, positioning, is_default_variant, status) VALUES (233, 31, 'OPE-BUN-233', 'wellness-operations-high-impact-transformation-bundle-233', 'Transformation Bundle', 'bundle', '16-24 Weeks', 16, 24, 'high', 'TMaaS Managed Delivery', 'Bundle', '(High-Impact) Positioning Strategy', false, 'published');
INSERT INTO marketplace_listings (id, merchant_id, variant_id, listing_status, purchasability, popularity_score) VALUES (217, 1, 233, 'active', 'request_quote', 200);
INSERT INTO variant_prices (listing_id, price_type, amount, price_display, billing_period, is_current) VALUES (217, 'custom_floor', NULL, 'Custom', 'one_time', true);
INSERT INTO product_content (variant_id, description, positioning) VALUES (233, 'End-to-end transformation bundle for Wellness Operations.', '(High-Impact) Positioning Strategy');
INSERT INTO product_features (variant_id, feature_text, sort_order) VALUES (233, 'Includes Design, AI Design, Implementation, AI Implementation, and Managed Services', 0);
INSERT INTO product_features (variant_id, feature_text, sort_order) VALUES (233, 'Architecture alignment', 1);
INSERT INTO product_features (variant_id, feature_text, sort_order) VALUES (233, 'Dedicated TMaaS specialist team', 2);
INSERT INTO product_features (variant_id, feature_text, sort_order) VALUES (233, 'SLA-backed governance and reporting', 3);
INSERT INTO product_features (variant_id, feature_text, sort_order) VALUES (233, 'Phased delivery and milestone tracking', 4);
INSERT INTO product_tags (variant_id, tag_name) VALUES (233, 'bundle');
INSERT INTO product_tags (variant_id, tag_name) VALUES (233, 'transformation');
INSERT INTO product_tags (variant_id, tag_name) VALUES (233, 'high-impact');
INSERT INTO product_tags (variant_id, tag_name) VALUES (233, 'operations');
INSERT INTO product_timeline_milestones (variant_id, milestone_text, sort_order) VALUES (233, 'Phase 1: Discovery & Alignment', 0);
INSERT INTO product_timeline_milestones (variant_id, milestone_text, sort_order) VALUES (233, 'Phase 2: Execution', 1);
INSERT INTO product_timeline_milestones (variant_id, milestone_text, sort_order) VALUES (233, 'Phase 3: Governance & Review', 2);
INSERT INTO product_timeline_milestones (variant_id, milestone_text, sort_order) VALUES (233, 'Phase 4: Operational Handover', 3);
INSERT INTO products (id, slug, title, short_description, collection_id, is_high_impact, audience, industry_relevance, department, business_impact, status) VALUES (32, 'advisory-set', 'Advisory Set', 'Customisable Advisory capability spanning one or more categories.', 'operations', false, 'Enterprise & Mid-Market', 'Cross-Industry', 'IT & Transformation', 'Broad organizational alignment and enablement.', 'published');
INSERT INTO product_category_map (product_id, category_id) VALUES (32, 'modernise-technology') ON CONFLICT DO NOTHING;
INSERT INTO product_category_map (product_id, category_id) VALUES (32, 'improve-operations') ON CONFLICT DO NOTHING;
INSERT INTO product_variants (id, product_id, sku, slug, variant_name, service_type_id, duration_display, duration_weeks_min, duration_weeks_max, delivery_complexity, implementation_model, badge, positioning, is_default_variant, status) VALUES (234, 32, 'OPE-BUN-234', 'advisory-set-advisory-set-234', 'Advisory Set', 'bundle', 'Variable', NULL, NULL, 'medium', 'TMaaS Managed Delivery', 'Bundle', '(High-Impact) Positioning Strategy', false, 'published');
INSERT INTO marketplace_listings (id, merchant_id, variant_id, listing_status, purchasability, popularity_score) VALUES (218, 1, 234, 'active', 'request_quote', 150);
INSERT INTO variant_prices (listing_id, price_type, amount, price_display, billing_period, is_current) VALUES (218, 'custom_floor', NULL, 'Custom', 'one_time', true);
INSERT INTO product_content (variant_id, description, positioning) VALUES (234, 'Customisable Advisory capability spanning one or more categories.', '(High-Impact) Positioning Strategy');
INSERT INTO product_features (variant_id, feature_text, sort_order) VALUES (234, 'Customisable selection across categories', 0);
INSERT INTO product_features (variant_id, feature_text, sort_order) VALUES (234, 'Dedicated TMaaS specialist team', 1);
INSERT INTO product_features (variant_id, feature_text, sort_order) VALUES (234, 'SLA-backed governance and reporting', 2);
INSERT INTO product_tags (variant_id, tag_name) VALUES (234, 'bundle');
INSERT INTO product_tags (variant_id, tag_name) VALUES (234, 'set');
INSERT INTO product_timeline_milestones (variant_id, milestone_text, sort_order) VALUES (234, 'Phase 1: Alignment', 0);
INSERT INTO product_timeline_milestones (variant_id, milestone_text, sort_order) VALUES (234, 'Phase 2: Execution', 1);
INSERT INTO products (id, slug, title, short_description, collection_id, is_high_impact, audience, industry_relevance, department, business_impact, status) VALUES (33, 'design-services-set', 'Design Services set', 'Customisable Design capability spanning one or more categories.', 'operations', false, 'Enterprise & Mid-Market', 'Cross-Industry', 'IT & Transformation', 'Broad organizational alignment and enablement.', 'published');
INSERT INTO product_category_map (product_id, category_id) VALUES (33, 'modernise-technology') ON CONFLICT DO NOTHING;
INSERT INTO product_category_map (product_id, category_id) VALUES (33, 'improve-operations') ON CONFLICT DO NOTHING;
INSERT INTO product_variants (id, product_id, sku, slug, variant_name, service_type_id, duration_display, duration_weeks_min, duration_weeks_max, delivery_complexity, implementation_model, badge, positioning, is_default_variant, status) VALUES (235, 33, 'OPE-BUN-235', 'design-services-set-design-services-set-235', 'Design Services set', 'bundle', 'Variable', NULL, NULL, 'medium', 'TMaaS Managed Delivery', 'Bundle', '(High-Impact) Positioning Strategy', false, 'published');
INSERT INTO marketplace_listings (id, merchant_id, variant_id, listing_status, purchasability, popularity_score) VALUES (219, 1, 235, 'active', 'request_quote', 150);
INSERT INTO variant_prices (listing_id, price_type, amount, price_display, billing_period, is_current) VALUES (219, 'custom_floor', NULL, 'Custom', 'one_time', true);
INSERT INTO product_content (variant_id, description, positioning) VALUES (235, 'Customisable Design capability spanning one or more categories.', '(High-Impact) Positioning Strategy');
INSERT INTO product_features (variant_id, feature_text, sort_order) VALUES (235, 'Customisable selection across categories', 0);
INSERT INTO product_features (variant_id, feature_text, sort_order) VALUES (235, 'Dedicated TMaaS specialist team', 1);
INSERT INTO product_features (variant_id, feature_text, sort_order) VALUES (235, 'SLA-backed governance and reporting', 2);
INSERT INTO product_tags (variant_id, tag_name) VALUES (235, 'bundle');
INSERT INTO product_tags (variant_id, tag_name) VALUES (235, 'set');
INSERT INTO product_timeline_milestones (variant_id, milestone_text, sort_order) VALUES (235, 'Phase 1: Alignment', 0);
INSERT INTO product_timeline_milestones (variant_id, milestone_text, sort_order) VALUES (235, 'Phase 2: Execution', 1);
INSERT INTO products (id, slug, title, short_description, collection_id, is_high_impact, audience, industry_relevance, department, business_impact, status) VALUES (34, 'deploy-services-set', 'Deploy Services set', 'Customisable Deploy capability spanning one or more categories.', 'operations', false, 'Enterprise & Mid-Market', 'Cross-Industry', 'IT & Transformation', 'Broad organizational alignment and enablement.', 'published');
INSERT INTO product_category_map (product_id, category_id) VALUES (34, 'modernise-technology') ON CONFLICT DO NOTHING;
INSERT INTO product_category_map (product_id, category_id) VALUES (34, 'improve-operations') ON CONFLICT DO NOTHING;
INSERT INTO product_variants (id, product_id, sku, slug, variant_name, service_type_id, duration_display, duration_weeks_min, duration_weeks_max, delivery_complexity, implementation_model, badge, positioning, is_default_variant, status) VALUES (236, 34, 'OPE-BUN-236', 'deploy-services-set-deploy-services-set-236', 'Deploy Services set', 'bundle', 'Variable', NULL, NULL, 'medium', 'TMaaS Managed Delivery', 'Bundle', '(High-Impact) Positioning Strategy', false, 'published');
INSERT INTO marketplace_listings (id, merchant_id, variant_id, listing_status, purchasability, popularity_score) VALUES (220, 1, 236, 'active', 'request_quote', 150);
INSERT INTO variant_prices (listing_id, price_type, amount, price_display, billing_period, is_current) VALUES (220, 'custom_floor', NULL, 'Custom', 'one_time', true);
INSERT INTO product_content (variant_id, description, positioning) VALUES (236, 'Customisable Deploy capability spanning one or more categories.', '(High-Impact) Positioning Strategy');
INSERT INTO product_features (variant_id, feature_text, sort_order) VALUES (236, 'Customisable selection across categories', 0);
INSERT INTO product_features (variant_id, feature_text, sort_order) VALUES (236, 'Dedicated TMaaS specialist team', 1);
INSERT INTO product_features (variant_id, feature_text, sort_order) VALUES (236, 'SLA-backed governance and reporting', 2);
INSERT INTO product_tags (variant_id, tag_name) VALUES (236, 'bundle');
INSERT INTO product_tags (variant_id, tag_name) VALUES (236, 'set');
INSERT INTO product_timeline_milestones (variant_id, milestone_text, sort_order) VALUES (236, 'Phase 1: Alignment', 0);
INSERT INTO product_timeline_milestones (variant_id, milestone_text, sort_order) VALUES (236, 'Phase 2: Execution', 1);
INSERT INTO products (id, slug, title, short_description, collection_id, is_high_impact, audience, industry_relevance, department, business_impact, status) VALUES (35, 'managed-services-set', 'Managed Services set', 'Customisable Managed capability spanning one or more categories.', 'operations', false, 'Enterprise & Mid-Market', 'Cross-Industry', 'IT & Transformation', 'Broad organizational alignment and enablement.', 'published');
INSERT INTO product_category_map (product_id, category_id) VALUES (35, 'modernise-technology') ON CONFLICT DO NOTHING;
INSERT INTO product_category_map (product_id, category_id) VALUES (35, 'improve-operations') ON CONFLICT DO NOTHING;
INSERT INTO product_variants (id, product_id, sku, slug, variant_name, service_type_id, duration_display, duration_weeks_min, duration_weeks_max, delivery_complexity, implementation_model, badge, positioning, is_default_variant, status) VALUES (237, 35, 'OPE-BUN-237', 'managed-services-set-managed-services-set-237', 'Managed Services set', 'bundle', 'Variable', NULL, NULL, 'medium', 'TMaaS Managed Delivery', 'Bundle', '(High-Impact) Positioning Strategy', false, 'published');
INSERT INTO marketplace_listings (id, merchant_id, variant_id, listing_status, purchasability, popularity_score) VALUES (221, 1, 237, 'active', 'request_quote', 150);
INSERT INTO variant_prices (listing_id, price_type, amount, price_display, billing_period, is_current) VALUES (221, 'custom_floor', NULL, 'Custom', 'one_time', true);
INSERT INTO product_content (variant_id, description, positioning) VALUES (237, 'Customisable Managed capability spanning one or more categories.', '(High-Impact) Positioning Strategy');
INSERT INTO product_features (variant_id, feature_text, sort_order) VALUES (237, 'Customisable selection across categories', 0);
INSERT INTO product_features (variant_id, feature_text, sort_order) VALUES (237, 'Dedicated TMaaS specialist team', 1);
INSERT INTO product_features (variant_id, feature_text, sort_order) VALUES (237, 'SLA-backed governance and reporting', 2);
INSERT INTO product_tags (variant_id, tag_name) VALUES (237, 'bundle');
INSERT INTO product_tags (variant_id, tag_name) VALUES (237, 'set');
INSERT INTO product_timeline_milestones (variant_id, milestone_text, sort_order) VALUES (237, 'Phase 1: Alignment', 0);
INSERT INTO product_timeline_milestones (variant_id, milestone_text, sort_order) VALUES (237, 'Phase 2: Execution', 1);
INSERT INTO bundle_items (bundle_variant_id, included_variant_id, sort_order) VALUES (203, 2, 0) ON CONFLICT DO NOTHING;
INSERT INTO bundle_items (bundle_variant_id, included_variant_id, sort_order) VALUES (203, 3, 1) ON CONFLICT DO NOTHING;
INSERT INTO bundle_items (bundle_variant_id, included_variant_id, sort_order) VALUES (203, 4, 2) ON CONFLICT DO NOTHING;
INSERT INTO bundle_items (bundle_variant_id, included_variant_id, sort_order) VALUES (203, 5, 3) ON CONFLICT DO NOTHING;
INSERT INTO bundle_items (bundle_variant_id, included_variant_id, sort_order) VALUES (203, 6, 4) ON CONFLICT DO NOTHING;
INSERT INTO bundle_items (bundle_variant_id, included_variant_id, sort_order) VALUES (204, 8, 0) ON CONFLICT DO NOTHING;
INSERT INTO bundle_items (bundle_variant_id, included_variant_id, sort_order) VALUES (204, 9, 1) ON CONFLICT DO NOTHING;
INSERT INTO bundle_items (bundle_variant_id, included_variant_id, sort_order) VALUES (204, 10, 2) ON CONFLICT DO NOTHING;
INSERT INTO bundle_items (bundle_variant_id, included_variant_id, sort_order) VALUES (204, 11, 3) ON CONFLICT DO NOTHING;
INSERT INTO bundle_items (bundle_variant_id, included_variant_id, sort_order) VALUES (204, 12, 4) ON CONFLICT DO NOTHING;
INSERT INTO bundle_items (bundle_variant_id, included_variant_id, sort_order) VALUES (205, 14, 0) ON CONFLICT DO NOTHING;
INSERT INTO bundle_items (bundle_variant_id, included_variant_id, sort_order) VALUES (205, 15, 1) ON CONFLICT DO NOTHING;
INSERT INTO bundle_items (bundle_variant_id, included_variant_id, sort_order) VALUES (205, 16, 2) ON CONFLICT DO NOTHING;
INSERT INTO bundle_items (bundle_variant_id, included_variant_id, sort_order) VALUES (205, 17, 3) ON CONFLICT DO NOTHING;
INSERT INTO bundle_items (bundle_variant_id, included_variant_id, sort_order) VALUES (205, 18, 4) ON CONFLICT DO NOTHING;
INSERT INTO bundle_items (bundle_variant_id, included_variant_id, sort_order) VALUES (206, 20, 0) ON CONFLICT DO NOTHING;
INSERT INTO bundle_items (bundle_variant_id, included_variant_id, sort_order) VALUES (206, 21, 1) ON CONFLICT DO NOTHING;
INSERT INTO bundle_items (bundle_variant_id, included_variant_id, sort_order) VALUES (206, 22, 2) ON CONFLICT DO NOTHING;
INSERT INTO bundle_items (bundle_variant_id, included_variant_id, sort_order) VALUES (206, 23, 3) ON CONFLICT DO NOTHING;
INSERT INTO bundle_items (bundle_variant_id, included_variant_id, sort_order) VALUES (206, 24, 4) ON CONFLICT DO NOTHING;
INSERT INTO bundle_items (bundle_variant_id, included_variant_id, sort_order) VALUES (207, 26, 0) ON CONFLICT DO NOTHING;
INSERT INTO bundle_items (bundle_variant_id, included_variant_id, sort_order) VALUES (207, 27, 1) ON CONFLICT DO NOTHING;
INSERT INTO bundle_items (bundle_variant_id, included_variant_id, sort_order) VALUES (207, 28, 2) ON CONFLICT DO NOTHING;
INSERT INTO bundle_items (bundle_variant_id, included_variant_id, sort_order) VALUES (207, 29, 3) ON CONFLICT DO NOTHING;
INSERT INTO bundle_items (bundle_variant_id, included_variant_id, sort_order) VALUES (207, 30, 4) ON CONFLICT DO NOTHING;
INSERT INTO bundle_items (bundle_variant_id, included_variant_id, sort_order) VALUES (208, 32, 0) ON CONFLICT DO NOTHING;
INSERT INTO bundle_items (bundle_variant_id, included_variant_id, sort_order) VALUES (208, 33, 1) ON CONFLICT DO NOTHING;
INSERT INTO bundle_items (bundle_variant_id, included_variant_id, sort_order) VALUES (208, 34, 2) ON CONFLICT DO NOTHING;
INSERT INTO bundle_items (bundle_variant_id, included_variant_id, sort_order) VALUES (208, 35, 3) ON CONFLICT DO NOTHING;
INSERT INTO bundle_items (bundle_variant_id, included_variant_id, sort_order) VALUES (208, 36, 4) ON CONFLICT DO NOTHING;
INSERT INTO bundle_items (bundle_variant_id, included_variant_id, sort_order) VALUES (209, 38, 0) ON CONFLICT DO NOTHING;
INSERT INTO bundle_items (bundle_variant_id, included_variant_id, sort_order) VALUES (209, 39, 1) ON CONFLICT DO NOTHING;
INSERT INTO bundle_items (bundle_variant_id, included_variant_id, sort_order) VALUES (209, 40, 2) ON CONFLICT DO NOTHING;
INSERT INTO bundle_items (bundle_variant_id, included_variant_id, sort_order) VALUES (209, 41, 3) ON CONFLICT DO NOTHING;
INSERT INTO bundle_items (bundle_variant_id, included_variant_id, sort_order) VALUES (209, 42, 4) ON CONFLICT DO NOTHING;
INSERT INTO bundle_items (bundle_variant_id, included_variant_id, sort_order) VALUES (210, 44, 0) ON CONFLICT DO NOTHING;
INSERT INTO bundle_items (bundle_variant_id, included_variant_id, sort_order) VALUES (210, 45, 1) ON CONFLICT DO NOTHING;
INSERT INTO bundle_items (bundle_variant_id, included_variant_id, sort_order) VALUES (210, 46, 2) ON CONFLICT DO NOTHING;
INSERT INTO bundle_items (bundle_variant_id, included_variant_id, sort_order) VALUES (210, 47, 3) ON CONFLICT DO NOTHING;
INSERT INTO bundle_items (bundle_variant_id, included_variant_id, sort_order) VALUES (210, 48, 4) ON CONFLICT DO NOTHING;
INSERT INTO bundle_items (bundle_variant_id, included_variant_id, sort_order) VALUES (211, 50, 0) ON CONFLICT DO NOTHING;
INSERT INTO bundle_items (bundle_variant_id, included_variant_id, sort_order) VALUES (211, 51, 1) ON CONFLICT DO NOTHING;
INSERT INTO bundle_items (bundle_variant_id, included_variant_id, sort_order) VALUES (211, 52, 2) ON CONFLICT DO NOTHING;
INSERT INTO bundle_items (bundle_variant_id, included_variant_id, sort_order) VALUES (211, 53, 3) ON CONFLICT DO NOTHING;
INSERT INTO bundle_items (bundle_variant_id, included_variant_id, sort_order) VALUES (211, 54, 4) ON CONFLICT DO NOTHING;
INSERT INTO bundle_items (bundle_variant_id, included_variant_id, sort_order) VALUES (212, 56, 0) ON CONFLICT DO NOTHING;
INSERT INTO bundle_items (bundle_variant_id, included_variant_id, sort_order) VALUES (212, 57, 1) ON CONFLICT DO NOTHING;
INSERT INTO bundle_items (bundle_variant_id, included_variant_id, sort_order) VALUES (212, 58, 2) ON CONFLICT DO NOTHING;
INSERT INTO bundle_items (bundle_variant_id, included_variant_id, sort_order) VALUES (212, 59, 3) ON CONFLICT DO NOTHING;
INSERT INTO bundle_items (bundle_variant_id, included_variant_id, sort_order) VALUES (212, 60, 4) ON CONFLICT DO NOTHING;
INSERT INTO bundle_items (bundle_variant_id, included_variant_id, sort_order) VALUES (213, 62, 0) ON CONFLICT DO NOTHING;
INSERT INTO bundle_items (bundle_variant_id, included_variant_id, sort_order) VALUES (213, 63, 1) ON CONFLICT DO NOTHING;
INSERT INTO bundle_items (bundle_variant_id, included_variant_id, sort_order) VALUES (213, 64, 2) ON CONFLICT DO NOTHING;
INSERT INTO bundle_items (bundle_variant_id, included_variant_id, sort_order) VALUES (213, 65, 3) ON CONFLICT DO NOTHING;
INSERT INTO bundle_items (bundle_variant_id, included_variant_id, sort_order) VALUES (213, 66, 4) ON CONFLICT DO NOTHING;
INSERT INTO bundle_items (bundle_variant_id, included_variant_id, sort_order) VALUES (214, 74, 0) ON CONFLICT DO NOTHING;
INSERT INTO bundle_items (bundle_variant_id, included_variant_id, sort_order) VALUES (214, 75, 1) ON CONFLICT DO NOTHING;
INSERT INTO bundle_items (bundle_variant_id, included_variant_id, sort_order) VALUES (214, 76, 2) ON CONFLICT DO NOTHING;
INSERT INTO bundle_items (bundle_variant_id, included_variant_id, sort_order) VALUES (214, 77, 3) ON CONFLICT DO NOTHING;
INSERT INTO bundle_items (bundle_variant_id, included_variant_id, sort_order) VALUES (214, 78, 4) ON CONFLICT DO NOTHING;
INSERT INTO bundle_items (bundle_variant_id, included_variant_id, sort_order) VALUES (215, 80, 0) ON CONFLICT DO NOTHING;
INSERT INTO bundle_items (bundle_variant_id, included_variant_id, sort_order) VALUES (215, 81, 1) ON CONFLICT DO NOTHING;
INSERT INTO bundle_items (bundle_variant_id, included_variant_id, sort_order) VALUES (215, 82, 2) ON CONFLICT DO NOTHING;
INSERT INTO bundle_items (bundle_variant_id, included_variant_id, sort_order) VALUES (215, 83, 3) ON CONFLICT DO NOTHING;
INSERT INTO bundle_items (bundle_variant_id, included_variant_id, sort_order) VALUES (215, 84, 4) ON CONFLICT DO NOTHING;
INSERT INTO bundle_items (bundle_variant_id, included_variant_id, sort_order) VALUES (216, 86, 0) ON CONFLICT DO NOTHING;
INSERT INTO bundle_items (bundle_variant_id, included_variant_id, sort_order) VALUES (216, 87, 1) ON CONFLICT DO NOTHING;
INSERT INTO bundle_items (bundle_variant_id, included_variant_id, sort_order) VALUES (216, 88, 2) ON CONFLICT DO NOTHING;
INSERT INTO bundle_items (bundle_variant_id, included_variant_id, sort_order) VALUES (216, 89, 3) ON CONFLICT DO NOTHING;
INSERT INTO bundle_items (bundle_variant_id, included_variant_id, sort_order) VALUES (216, 90, 4) ON CONFLICT DO NOTHING;
INSERT INTO bundle_items (bundle_variant_id, included_variant_id, sort_order) VALUES (217, 92, 0) ON CONFLICT DO NOTHING;
INSERT INTO bundle_items (bundle_variant_id, included_variant_id, sort_order) VALUES (217, 93, 1) ON CONFLICT DO NOTHING;
INSERT INTO bundle_items (bundle_variant_id, included_variant_id, sort_order) VALUES (217, 94, 2) ON CONFLICT DO NOTHING;
INSERT INTO bundle_items (bundle_variant_id, included_variant_id, sort_order) VALUES (217, 95, 3) ON CONFLICT DO NOTHING;
INSERT INTO bundle_items (bundle_variant_id, included_variant_id, sort_order) VALUES (217, 96, 4) ON CONFLICT DO NOTHING;
INSERT INTO bundle_items (bundle_variant_id, included_variant_id, sort_order) VALUES (218, 98, 0) ON CONFLICT DO NOTHING;
INSERT INTO bundle_items (bundle_variant_id, included_variant_id, sort_order) VALUES (218, 99, 1) ON CONFLICT DO NOTHING;
INSERT INTO bundle_items (bundle_variant_id, included_variant_id, sort_order) VALUES (218, 100, 2) ON CONFLICT DO NOTHING;
INSERT INTO bundle_items (bundle_variant_id, included_variant_id, sort_order) VALUES (218, 101, 3) ON CONFLICT DO NOTHING;
INSERT INTO bundle_items (bundle_variant_id, included_variant_id, sort_order) VALUES (218, 102, 4) ON CONFLICT DO NOTHING;
INSERT INTO bundle_items (bundle_variant_id, included_variant_id, sort_order) VALUES (219, 104, 0) ON CONFLICT DO NOTHING;
INSERT INTO bundle_items (bundle_variant_id, included_variant_id, sort_order) VALUES (219, 105, 1) ON CONFLICT DO NOTHING;
INSERT INTO bundle_items (bundle_variant_id, included_variant_id, sort_order) VALUES (219, 106, 2) ON CONFLICT DO NOTHING;
INSERT INTO bundle_items (bundle_variant_id, included_variant_id, sort_order) VALUES (219, 107, 3) ON CONFLICT DO NOTHING;
INSERT INTO bundle_items (bundle_variant_id, included_variant_id, sort_order) VALUES (219, 108, 4) ON CONFLICT DO NOTHING;
INSERT INTO bundle_items (bundle_variant_id, included_variant_id, sort_order) VALUES (220, 110, 0) ON CONFLICT DO NOTHING;
INSERT INTO bundle_items (bundle_variant_id, included_variant_id, sort_order) VALUES (220, 111, 1) ON CONFLICT DO NOTHING;
INSERT INTO bundle_items (bundle_variant_id, included_variant_id, sort_order) VALUES (220, 112, 2) ON CONFLICT DO NOTHING;
INSERT INTO bundle_items (bundle_variant_id, included_variant_id, sort_order) VALUES (220, 113, 3) ON CONFLICT DO NOTHING;
INSERT INTO bundle_items (bundle_variant_id, included_variant_id, sort_order) VALUES (220, 114, 4) ON CONFLICT DO NOTHING;
INSERT INTO bundle_items (bundle_variant_id, included_variant_id, sort_order) VALUES (221, 116, 0) ON CONFLICT DO NOTHING;
INSERT INTO bundle_items (bundle_variant_id, included_variant_id, sort_order) VALUES (221, 117, 1) ON CONFLICT DO NOTHING;
INSERT INTO bundle_items (bundle_variant_id, included_variant_id, sort_order) VALUES (221, 118, 2) ON CONFLICT DO NOTHING;
INSERT INTO bundle_items (bundle_variant_id, included_variant_id, sort_order) VALUES (221, 119, 3) ON CONFLICT DO NOTHING;
INSERT INTO bundle_items (bundle_variant_id, included_variant_id, sort_order) VALUES (221, 120, 4) ON CONFLICT DO NOTHING;
INSERT INTO bundle_items (bundle_variant_id, included_variant_id, sort_order) VALUES (222, 122, 0) ON CONFLICT DO NOTHING;
INSERT INTO bundle_items (bundle_variant_id, included_variant_id, sort_order) VALUES (222, 123, 1) ON CONFLICT DO NOTHING;
INSERT INTO bundle_items (bundle_variant_id, included_variant_id, sort_order) VALUES (222, 124, 2) ON CONFLICT DO NOTHING;
INSERT INTO bundle_items (bundle_variant_id, included_variant_id, sort_order) VALUES (222, 125, 3) ON CONFLICT DO NOTHING;
INSERT INTO bundle_items (bundle_variant_id, included_variant_id, sort_order) VALUES (222, 126, 4) ON CONFLICT DO NOTHING;
INSERT INTO bundle_items (bundle_variant_id, included_variant_id, sort_order) VALUES (223, 128, 0) ON CONFLICT DO NOTHING;
INSERT INTO bundle_items (bundle_variant_id, included_variant_id, sort_order) VALUES (223, 129, 1) ON CONFLICT DO NOTHING;
INSERT INTO bundle_items (bundle_variant_id, included_variant_id, sort_order) VALUES (223, 130, 2) ON CONFLICT DO NOTHING;
INSERT INTO bundle_items (bundle_variant_id, included_variant_id, sort_order) VALUES (223, 131, 3) ON CONFLICT DO NOTHING;
INSERT INTO bundle_items (bundle_variant_id, included_variant_id, sort_order) VALUES (223, 132, 4) ON CONFLICT DO NOTHING;
INSERT INTO bundle_items (bundle_variant_id, included_variant_id, sort_order) VALUES (224, 134, 0) ON CONFLICT DO NOTHING;
INSERT INTO bundle_items (bundle_variant_id, included_variant_id, sort_order) VALUES (224, 135, 1) ON CONFLICT DO NOTHING;
INSERT INTO bundle_items (bundle_variant_id, included_variant_id, sort_order) VALUES (224, 136, 2) ON CONFLICT DO NOTHING;
INSERT INTO bundle_items (bundle_variant_id, included_variant_id, sort_order) VALUES (224, 137, 3) ON CONFLICT DO NOTHING;
INSERT INTO bundle_items (bundle_variant_id, included_variant_id, sort_order) VALUES (224, 138, 4) ON CONFLICT DO NOTHING;
INSERT INTO bundle_items (bundle_variant_id, included_variant_id, sort_order) VALUES (225, 150, 0) ON CONFLICT DO NOTHING;
INSERT INTO bundle_items (bundle_variant_id, included_variant_id, sort_order) VALUES (225, 151, 1) ON CONFLICT DO NOTHING;
INSERT INTO bundle_items (bundle_variant_id, included_variant_id, sort_order) VALUES (225, 152, 2) ON CONFLICT DO NOTHING;
INSERT INTO bundle_items (bundle_variant_id, included_variant_id, sort_order) VALUES (225, 153, 3) ON CONFLICT DO NOTHING;
INSERT INTO bundle_items (bundle_variant_id, included_variant_id, sort_order) VALUES (225, 154, 4) ON CONFLICT DO NOTHING;
INSERT INTO bundle_items (bundle_variant_id, included_variant_id, sort_order) VALUES (226, 156, 0) ON CONFLICT DO NOTHING;
INSERT INTO bundle_items (bundle_variant_id, included_variant_id, sort_order) VALUES (226, 157, 1) ON CONFLICT DO NOTHING;
INSERT INTO bundle_items (bundle_variant_id, included_variant_id, sort_order) VALUES (226, 158, 2) ON CONFLICT DO NOTHING;
INSERT INTO bundle_items (bundle_variant_id, included_variant_id, sort_order) VALUES (226, 159, 3) ON CONFLICT DO NOTHING;
INSERT INTO bundle_items (bundle_variant_id, included_variant_id, sort_order) VALUES (226, 160, 4) ON CONFLICT DO NOTHING;
INSERT INTO bundle_items (bundle_variant_id, included_variant_id, sort_order) VALUES (227, 162, 0) ON CONFLICT DO NOTHING;
INSERT INTO bundle_items (bundle_variant_id, included_variant_id, sort_order) VALUES (227, 163, 1) ON CONFLICT DO NOTHING;
INSERT INTO bundle_items (bundle_variant_id, included_variant_id, sort_order) VALUES (227, 164, 2) ON CONFLICT DO NOTHING;
INSERT INTO bundle_items (bundle_variant_id, included_variant_id, sort_order) VALUES (227, 165, 3) ON CONFLICT DO NOTHING;
INSERT INTO bundle_items (bundle_variant_id, included_variant_id, sort_order) VALUES (227, 166, 4) ON CONFLICT DO NOTHING;
INSERT INTO bundle_items (bundle_variant_id, included_variant_id, sort_order) VALUES (228, 168, 0) ON CONFLICT DO NOTHING;
INSERT INTO bundle_items (bundle_variant_id, included_variant_id, sort_order) VALUES (228, 169, 1) ON CONFLICT DO NOTHING;
INSERT INTO bundle_items (bundle_variant_id, included_variant_id, sort_order) VALUES (228, 170, 2) ON CONFLICT DO NOTHING;
INSERT INTO bundle_items (bundle_variant_id, included_variant_id, sort_order) VALUES (228, 171, 3) ON CONFLICT DO NOTHING;
INSERT INTO bundle_items (bundle_variant_id, included_variant_id, sort_order) VALUES (228, 172, 4) ON CONFLICT DO NOTHING;
INSERT INTO bundle_items (bundle_variant_id, included_variant_id, sort_order) VALUES (229, 174, 0) ON CONFLICT DO NOTHING;
INSERT INTO bundle_items (bundle_variant_id, included_variant_id, sort_order) VALUES (229, 175, 1) ON CONFLICT DO NOTHING;
INSERT INTO bundle_items (bundle_variant_id, included_variant_id, sort_order) VALUES (229, 176, 2) ON CONFLICT DO NOTHING;
INSERT INTO bundle_items (bundle_variant_id, included_variant_id, sort_order) VALUES (229, 177, 3) ON CONFLICT DO NOTHING;
INSERT INTO bundle_items (bundle_variant_id, included_variant_id, sort_order) VALUES (229, 178, 4) ON CONFLICT DO NOTHING;
INSERT INTO bundle_items (bundle_variant_id, included_variant_id, sort_order) VALUES (230, 180, 0) ON CONFLICT DO NOTHING;
INSERT INTO bundle_items (bundle_variant_id, included_variant_id, sort_order) VALUES (230, 181, 1) ON CONFLICT DO NOTHING;
INSERT INTO bundle_items (bundle_variant_id, included_variant_id, sort_order) VALUES (230, 182, 2) ON CONFLICT DO NOTHING;
INSERT INTO bundle_items (bundle_variant_id, included_variant_id, sort_order) VALUES (230, 183, 3) ON CONFLICT DO NOTHING;
INSERT INTO bundle_items (bundle_variant_id, included_variant_id, sort_order) VALUES (230, 184, 4) ON CONFLICT DO NOTHING;
INSERT INTO bundle_items (bundle_variant_id, included_variant_id, sort_order) VALUES (231, 186, 0) ON CONFLICT DO NOTHING;
INSERT INTO bundle_items (bundle_variant_id, included_variant_id, sort_order) VALUES (231, 187, 1) ON CONFLICT DO NOTHING;
INSERT INTO bundle_items (bundle_variant_id, included_variant_id, sort_order) VALUES (231, 188, 2) ON CONFLICT DO NOTHING;
INSERT INTO bundle_items (bundle_variant_id, included_variant_id, sort_order) VALUES (231, 189, 3) ON CONFLICT DO NOTHING;
INSERT INTO bundle_items (bundle_variant_id, included_variant_id, sort_order) VALUES (231, 190, 4) ON CONFLICT DO NOTHING;
INSERT INTO bundle_items (bundle_variant_id, included_variant_id, sort_order) VALUES (232, 192, 0) ON CONFLICT DO NOTHING;
INSERT INTO bundle_items (bundle_variant_id, included_variant_id, sort_order) VALUES (232, 193, 1) ON CONFLICT DO NOTHING;
INSERT INTO bundle_items (bundle_variant_id, included_variant_id, sort_order) VALUES (232, 194, 2) ON CONFLICT DO NOTHING;
INSERT INTO bundle_items (bundle_variant_id, included_variant_id, sort_order) VALUES (232, 195, 3) ON CONFLICT DO NOTHING;
INSERT INTO bundle_items (bundle_variant_id, included_variant_id, sort_order) VALUES (232, 196, 4) ON CONFLICT DO NOTHING;
INSERT INTO bundle_items (bundle_variant_id, included_variant_id, sort_order) VALUES (233, 198, 0) ON CONFLICT DO NOTHING;
INSERT INTO bundle_items (bundle_variant_id, included_variant_id, sort_order) VALUES (233, 199, 1) ON CONFLICT DO NOTHING;
INSERT INTO bundle_items (bundle_variant_id, included_variant_id, sort_order) VALUES (233, 200, 2) ON CONFLICT DO NOTHING;
INSERT INTO bundle_items (bundle_variant_id, included_variant_id, sort_order) VALUES (233, 201, 3) ON CONFLICT DO NOTHING;
INSERT INTO bundle_items (bundle_variant_id, included_variant_id, sort_order) VALUES (233, 202, 4) ON CONFLICT DO NOTHING;
INSERT INTO deploy_modules (variant_id, name, sort_order) VALUES (4, 'Website CMS', 0);
INSERT INTO deploy_module_features (module_id, feature_text, sort_order) SELECT id, 'Page management', 0 FROM deploy_modules WHERE variant_id = 4 AND name = 'Website CMS' LIMIT 1;
INSERT INTO deploy_module_features (module_id, feature_text, sort_order) SELECT id, 'Component-based content editing', 1 FROM deploy_modules WHERE variant_id = 4 AND name = 'Website CMS' LIMIT 1;
INSERT INTO deploy_module_features (module_id, feature_text, sort_order) SELECT id, 'Multi-site management', 2 FROM deploy_modules WHERE variant_id = 4 AND name = 'Website CMS' LIMIT 1;
INSERT INTO deploy_module_features (module_id, feature_text, sort_order) SELECT id, 'Media library', 3 FROM deploy_modules WHERE variant_id = 4 AND name = 'Website CMS' LIMIT 1;
INSERT INTO deploy_module_features (module_id, feature_text, sort_order) SELECT id, 'Content approval workflows', 4 FROM deploy_modules WHERE variant_id = 4 AND name = 'Website CMS' LIMIT 1;
INSERT INTO deploy_modules (variant_id, name, sort_order) VALUES (4, 'Digital Experience Portal', 1);
INSERT INTO deploy_module_features (module_id, feature_text, sort_order) SELECT id, 'Personalised landing pages', 0 FROM deploy_modules WHERE variant_id = 4 AND name = 'Digital Experience Portal' LIMIT 1;
INSERT INTO deploy_module_features (module_id, feature_text, sort_order) SELECT id, 'Customer dashboards', 1 FROM deploy_modules WHERE variant_id = 4 AND name = 'Digital Experience Portal' LIMIT 1;
INSERT INTO deploy_module_features (module_id, feature_text, sort_order) SELECT id, 'Portal navigation management', 2 FROM deploy_modules WHERE variant_id = 4 AND name = 'Digital Experience Portal' LIMIT 1;
INSERT INTO deploy_module_features (module_id, feature_text, sort_order) SELECT id, 'Role-based access', 3 FROM deploy_modules WHERE variant_id = 4 AND name = 'Digital Experience Portal' LIMIT 1;
INSERT INTO deploy_module_features (module_id, feature_text, sort_order) SELECT id, 'Multi-device responsiveness', 4 FROM deploy_modules WHERE variant_id = 4 AND name = 'Digital Experience Portal' LIMIT 1;
INSERT INTO deploy_modules (variant_id, name, sort_order) VALUES (4, 'Content Publishing Engine', 2);
INSERT INTO deploy_module_features (module_id, feature_text, sort_order) SELECT id, 'Scheduled publishing', 0 FROM deploy_modules WHERE variant_id = 4 AND name = 'Content Publishing Engine' LIMIT 1;
INSERT INTO deploy_module_features (module_id, feature_text, sort_order) SELECT id, 'Draft/version management', 1 FROM deploy_modules WHERE variant_id = 4 AND name = 'Content Publishing Engine' LIMIT 1;
INSERT INTO deploy_module_features (module_id, feature_text, sort_order) SELECT id, 'Content localisation', 2 FROM deploy_modules WHERE variant_id = 4 AND name = 'Content Publishing Engine' LIMIT 1;
INSERT INTO deploy_module_features (module_id, feature_text, sort_order) SELECT id, 'Campaign publishing', 3 FROM deploy_modules WHERE variant_id = 4 AND name = 'Content Publishing Engine' LIMIT 1;
INSERT INTO deploy_module_features (module_id, feature_text, sort_order) SELECT id, 'Dynamic content rendering', 4 FROM deploy_modules WHERE variant_id = 4 AND name = 'Content Publishing Engine' LIMIT 1;
INSERT INTO deploy_modules (variant_id, name, sort_order) VALUES (4, 'SEO & Performance Suite', 3);
INSERT INTO deploy_module_features (module_id, feature_text, sort_order) SELECT id, 'SEO optimisation', 0 FROM deploy_modules WHERE variant_id = 4 AND name = 'SEO & Performance Suite' LIMIT 1;
INSERT INTO deploy_module_features (module_id, feature_text, sort_order) SELECT id, 'Metadata management', 1 FROM deploy_modules WHERE variant_id = 4 AND name = 'SEO & Performance Suite' LIMIT 1;
INSERT INTO deploy_module_features (module_id, feature_text, sort_order) SELECT id, 'Performance monitoring', 2 FROM deploy_modules WHERE variant_id = 4 AND name = 'SEO & Performance Suite' LIMIT 1;
INSERT INTO deploy_module_features (module_id, feature_text, sort_order) SELECT id, 'Accessibility compliance', 3 FROM deploy_modules WHERE variant_id = 4 AND name = 'SEO & Performance Suite' LIMIT 1;
INSERT INTO deploy_module_features (module_id, feature_text, sort_order) SELECT id, 'Search indexing', 4 FROM deploy_modules WHERE variant_id = 4 AND name = 'SEO & Performance Suite' LIMIT 1;
INSERT INTO deploy_modules (variant_id, name, sort_order) VALUES (4, 'Customer Interaction Layer', 4);
INSERT INTO deploy_module_features (module_id, feature_text, sort_order) SELECT id, 'Live chat integration', 0 FROM deploy_modules WHERE variant_id = 4 AND name = 'Customer Interaction Layer' LIMIT 1;
INSERT INTO deploy_module_features (module_id, feature_text, sort_order) SELECT id, 'Contact forms', 1 FROM deploy_modules WHERE variant_id = 4 AND name = 'Customer Interaction Layer' LIMIT 1;
INSERT INTO deploy_module_features (module_id, feature_text, sort_order) SELECT id, 'CTA management', 2 FROM deploy_modules WHERE variant_id = 4 AND name = 'Customer Interaction Layer' LIMIT 1;
INSERT INTO deploy_module_features (module_id, feature_text, sort_order) SELECT id, 'Customer feedback capture', 3 FROM deploy_modules WHERE variant_id = 4 AND name = 'Customer Interaction Layer' LIMIT 1;
INSERT INTO deploy_module_features (module_id, feature_text, sort_order) SELECT id, 'Session tracking', 4 FROM deploy_modules WHERE variant_id = 4 AND name = 'Customer Interaction Layer' LIMIT 1;
INSERT INTO deploy_modules (variant_id, name, sort_order) VALUES (4, 'Forms & Conversion Engine', 5);
INSERT INTO deploy_module_features (module_id, feature_text, sort_order) SELECT id, 'Digital forms', 0 FROM deploy_modules WHERE variant_id = 4 AND name = 'Forms & Conversion Engine' LIMIT 1;
INSERT INTO deploy_module_features (module_id, feature_text, sort_order) SELECT id, 'Lead capture', 1 FROM deploy_modules WHERE variant_id = 4 AND name = 'Forms & Conversion Engine' LIMIT 1;
INSERT INTO deploy_module_features (module_id, feature_text, sort_order) SELECT id, 'Form validation', 2 FROM deploy_modules WHERE variant_id = 4 AND name = 'Forms & Conversion Engine' LIMIT 1;
INSERT INTO deploy_module_features (module_id, feature_text, sort_order) SELECT id, 'Workflow routing', 3 FROM deploy_modules WHERE variant_id = 4 AND name = 'Forms & Conversion Engine' LIMIT 1;
INSERT INTO deploy_module_features (module_id, feature_text, sort_order) SELECT id, 'Conversion analytics', 4 FROM deploy_modules WHERE variant_id = 4 AND name = 'Forms & Conversion Engine' LIMIT 1;
INSERT INTO deploy_modules (variant_id, name, sort_order) VALUES (10, 'Social Publishing Hub', 0);
INSERT INTO deploy_module_features (module_id, feature_text, sort_order) SELECT id, 'Multi-channel publishing', 0 FROM deploy_modules WHERE variant_id = 10 AND name = 'Social Publishing Hub' LIMIT 1;
INSERT INTO deploy_module_features (module_id, feature_text, sort_order) SELECT id, 'Content scheduling', 1 FROM deploy_modules WHERE variant_id = 10 AND name = 'Social Publishing Hub' LIMIT 1;
INSERT INTO deploy_module_features (module_id, feature_text, sort_order) SELECT id, 'Approval workflows', 2 FROM deploy_modules WHERE variant_id = 10 AND name = 'Social Publishing Hub' LIMIT 1;
INSERT INTO deploy_module_features (module_id, feature_text, sort_order) SELECT id, 'Asset management', 3 FROM deploy_modules WHERE variant_id = 10 AND name = 'Social Publishing Hub' LIMIT 1;
INSERT INTO deploy_module_features (module_id, feature_text, sort_order) SELECT id, 'Hashtag management', 4 FROM deploy_modules WHERE variant_id = 10 AND name = 'Social Publishing Hub' LIMIT 1;
INSERT INTO deploy_modules (variant_id, name, sort_order) VALUES (10, 'Community Engagement Console', 1);
INSERT INTO deploy_module_features (module_id, feature_text, sort_order) SELECT id, 'Comment management', 0 FROM deploy_modules WHERE variant_id = 10 AND name = 'Community Engagement Console' LIMIT 1;
INSERT INTO deploy_module_features (module_id, feature_text, sort_order) SELECT id, 'Direct message management', 1 FROM deploy_modules WHERE variant_id = 10 AND name = 'Community Engagement Console' LIMIT 1;
INSERT INTO deploy_module_features (module_id, feature_text, sort_order) SELECT id, 'Customer response workflows', 2 FROM deploy_modules WHERE variant_id = 10 AND name = 'Community Engagement Console' LIMIT 1;
INSERT INTO deploy_module_features (module_id, feature_text, sort_order) SELECT id, 'Escalation routing', 3 FROM deploy_modules WHERE variant_id = 10 AND name = 'Community Engagement Console' LIMIT 1;
INSERT INTO deploy_module_features (module_id, feature_text, sort_order) SELECT id, 'Moderation controls', 4 FROM deploy_modules WHERE variant_id = 10 AND name = 'Community Engagement Console' LIMIT 1;
INSERT INTO deploy_modules (variant_id, name, sort_order) VALUES (10, 'Campaign Management', 2);
INSERT INTO deploy_module_features (module_id, feature_text, sort_order) SELECT id, 'Campaign planning', 0 FROM deploy_modules WHERE variant_id = 10 AND name = 'Campaign Management' LIMIT 1;
INSERT INTO deploy_module_features (module_id, feature_text, sort_order) SELECT id, 'Audience targeting', 1 FROM deploy_modules WHERE variant_id = 10 AND name = 'Campaign Management' LIMIT 1;
INSERT INTO deploy_module_features (module_id, feature_text, sort_order) SELECT id, 'Budget tracking', 2 FROM deploy_modules WHERE variant_id = 10 AND name = 'Campaign Management' LIMIT 1;
INSERT INTO deploy_module_features (module_id, feature_text, sort_order) SELECT id, 'Campaign automation', 3 FROM deploy_modules WHERE variant_id = 10 AND name = 'Campaign Management' LIMIT 1;
INSERT INTO deploy_module_features (module_id, feature_text, sort_order) SELECT id, 'Engagement monitoring', 4 FROM deploy_modules WHERE variant_id = 10 AND name = 'Campaign Management' LIMIT 1;
INSERT INTO deploy_modules (variant_id, name, sort_order) VALUES (10, 'Social Listening Dashboard', 3);
INSERT INTO deploy_module_features (module_id, feature_text, sort_order) SELECT id, 'Brand monitoring', 0 FROM deploy_modules WHERE variant_id = 10 AND name = 'Social Listening Dashboard' LIMIT 1;
INSERT INTO deploy_module_features (module_id, feature_text, sort_order) SELECT id, 'Keyword tracking', 1 FROM deploy_modules WHERE variant_id = 10 AND name = 'Social Listening Dashboard' LIMIT 1;
INSERT INTO deploy_module_features (module_id, feature_text, sort_order) SELECT id, 'Sentiment analysis', 2 FROM deploy_modules WHERE variant_id = 10 AND name = 'Social Listening Dashboard' LIMIT 1;
INSERT INTO deploy_module_features (module_id, feature_text, sort_order) SELECT id, 'Competitor monitoring', 3 FROM deploy_modules WHERE variant_id = 10 AND name = 'Social Listening Dashboard' LIMIT 1;
INSERT INTO deploy_module_features (module_id, feature_text, sort_order) SELECT id, 'Trend tracking', 4 FROM deploy_modules WHERE variant_id = 10 AND name = 'Social Listening Dashboard' LIMIT 1;
INSERT INTO deploy_modules (variant_id, name, sort_order) VALUES (10, 'Engagement Analytics', 4);
INSERT INTO deploy_module_features (module_id, feature_text, sort_order) SELECT id, 'Engagement reporting', 0 FROM deploy_modules WHERE variant_id = 10 AND name = 'Engagement Analytics' LIMIT 1;
INSERT INTO deploy_module_features (module_id, feature_text, sort_order) SELECT id, 'Audience insights', 1 FROM deploy_modules WHERE variant_id = 10 AND name = 'Engagement Analytics' LIMIT 1;
INSERT INTO deploy_module_features (module_id, feature_text, sort_order) SELECT id, 'Reach analytics', 2 FROM deploy_modules WHERE variant_id = 10 AND name = 'Engagement Analytics' LIMIT 1;
INSERT INTO deploy_module_features (module_id, feature_text, sort_order) SELECT id, 'Conversion tracking', 3 FROM deploy_modules WHERE variant_id = 10 AND name = 'Engagement Analytics' LIMIT 1;
INSERT INTO deploy_module_features (module_id, feature_text, sort_order) SELECT id, 'Campaign performance dashboards', 4 FROM deploy_modules WHERE variant_id = 10 AND name = 'Engagement Analytics' LIMIT 1;
INSERT INTO deploy_modules (variant_id, name, sort_order) VALUES (16, 'Mobile Application Platform', 0);
INSERT INTO deploy_module_features (module_id, feature_text, sort_order) SELECT id, 'Native/hybrid app deployment', 0 FROM deploy_modules WHERE variant_id = 16 AND name = 'Mobile Application Platform' LIMIT 1;
INSERT INTO deploy_module_features (module_id, feature_text, sort_order) SELECT id, 'App navigation', 1 FROM deploy_modules WHERE variant_id = 16 AND name = 'Mobile Application Platform' LIMIT 1;
INSERT INTO deploy_module_features (module_id, feature_text, sort_order) SELECT id, 'Offline mode support', 2 FROM deploy_modules WHERE variant_id = 16 AND name = 'Mobile Application Platform' LIMIT 1;
INSERT INTO deploy_module_features (module_id, feature_text, sort_order) SELECT id, 'Multi-platform support', 3 FROM deploy_modules WHERE variant_id = 16 AND name = 'Mobile Application Platform' LIMIT 1;
INSERT INTO deploy_module_features (module_id, feature_text, sort_order) SELECT id, 'App configuration management', 4 FROM deploy_modules WHERE variant_id = 16 AND name = 'Mobile Application Platform' LIMIT 1;
INSERT INTO deploy_modules (variant_id, name, sort_order) VALUES (16, 'Push Notification Engine', 1);
INSERT INTO deploy_module_features (module_id, feature_text, sort_order) SELECT id, 'Push messaging', 0 FROM deploy_modules WHERE variant_id = 16 AND name = 'Push Notification Engine' LIMIT 1;
INSERT INTO deploy_module_features (module_id, feature_text, sort_order) SELECT id, 'Campaign notifications', 1 FROM deploy_modules WHERE variant_id = 16 AND name = 'Push Notification Engine' LIMIT 1;
INSERT INTO deploy_module_features (module_id, feature_text, sort_order) SELECT id, 'Behaviour-triggered notifications', 2 FROM deploy_modules WHERE variant_id = 16 AND name = 'Push Notification Engine' LIMIT 1;
INSERT INTO deploy_module_features (module_id, feature_text, sort_order) SELECT id, 'Scheduling', 3 FROM deploy_modules WHERE variant_id = 16 AND name = 'Push Notification Engine' LIMIT 1;
INSERT INTO deploy_module_features (module_id, feature_text, sort_order) SELECT id, 'Notification analytics', 4 FROM deploy_modules WHERE variant_id = 16 AND name = 'Push Notification Engine' LIMIT 1;
INSERT INTO deploy_modules (variant_id, name, sort_order) VALUES (16, 'Mobile Identity Layer', 2);
INSERT INTO deploy_module_features (module_id, feature_text, sort_order) SELECT id, 'Mobile authentication', 0 FROM deploy_modules WHERE variant_id = 16 AND name = 'Mobile Identity Layer' LIMIT 1;
INSERT INTO deploy_module_features (module_id, feature_text, sort_order) SELECT id, 'Biometric login', 1 FROM deploy_modules WHERE variant_id = 16 AND name = 'Mobile Identity Layer' LIMIT 1;
INSERT INTO deploy_module_features (module_id, feature_text, sort_order) SELECT id, 'MFA support', 2 FROM deploy_modules WHERE variant_id = 16 AND name = 'Mobile Identity Layer' LIMIT 1;
INSERT INTO deploy_module_features (module_id, feature_text, sort_order) SELECT id, 'Session management', 3 FROM deploy_modules WHERE variant_id = 16 AND name = 'Mobile Identity Layer' LIMIT 1;
INSERT INTO deploy_module_features (module_id, feature_text, sort_order) SELECT id, 'Device registration', 4 FROM deploy_modules WHERE variant_id = 16 AND name = 'Mobile Identity Layer' LIMIT 1;
INSERT INTO deploy_modules (variant_id, name, sort_order) VALUES (16, 'Customer Mobile Services', 3);
INSERT INTO deploy_module_features (module_id, feature_text, sort_order) SELECT id, 'Profile management', 0 FROM deploy_modules WHERE variant_id = 16 AND name = 'Customer Mobile Services' LIMIT 1;
INSERT INTO deploy_module_features (module_id, feature_text, sort_order) SELECT id, 'Mobile transactions', 1 FROM deploy_modules WHERE variant_id = 16 AND name = 'Customer Mobile Services' LIMIT 1;
INSERT INTO deploy_module_features (module_id, feature_text, sort_order) SELECT id, 'In-app messaging', 2 FROM deploy_modules WHERE variant_id = 16 AND name = 'Customer Mobile Services' LIMIT 1;
INSERT INTO deploy_module_features (module_id, feature_text, sort_order) SELECT id, 'Support integration', 3 FROM deploy_modules WHERE variant_id = 16 AND name = 'Customer Mobile Services' LIMIT 1;
INSERT INTO deploy_module_features (module_id, feature_text, sort_order) SELECT id, 'Self-service actions', 4 FROM deploy_modules WHERE variant_id = 16 AND name = 'Customer Mobile Services' LIMIT 1;
INSERT INTO deploy_modules (variant_id, name, sort_order) VALUES (16, 'Mobile Analytics', 4);
INSERT INTO deploy_module_features (module_id, feature_text, sort_order) SELECT id, 'App usage analytics', 0 FROM deploy_modules WHERE variant_id = 16 AND name = 'Mobile Analytics' LIMIT 1;
INSERT INTO deploy_module_features (module_id, feature_text, sort_order) SELECT id, 'Crash monitoring', 1 FROM deploy_modules WHERE variant_id = 16 AND name = 'Mobile Analytics' LIMIT 1;
INSERT INTO deploy_module_features (module_id, feature_text, sort_order) SELECT id, 'Customer journey tracking', 2 FROM deploy_modules WHERE variant_id = 16 AND name = 'Mobile Analytics' LIMIT 1;
INSERT INTO deploy_module_features (module_id, feature_text, sort_order) SELECT id, 'Performance analytics', 3 FROM deploy_modules WHERE variant_id = 16 AND name = 'Mobile Analytics' LIMIT 1;
INSERT INTO deploy_module_features (module_id, feature_text, sort_order) SELECT id, 'Behaviour insights', 4 FROM deploy_modules WHERE variant_id = 16 AND name = 'Mobile Analytics' LIMIT 1;
INSERT INTO deploy_modules (variant_id, name, sort_order) VALUES (22, 'Channel Orchestration', 0);
INSERT INTO deploy_module_features (module_id, feature_text, sort_order) SELECT id, 'Cross-channel workflows', 0 FROM deploy_modules WHERE variant_id = 22 AND name = 'Channel Orchestration' LIMIT 1;
INSERT INTO deploy_module_features (module_id, feature_text, sort_order) SELECT id, 'Journey continuity', 1 FROM deploy_modules WHERE variant_id = 22 AND name = 'Channel Orchestration' LIMIT 1;
INSERT INTO deploy_module_features (module_id, feature_text, sort_order) SELECT id, 'Interaction routing', 2 FROM deploy_modules WHERE variant_id = 22 AND name = 'Channel Orchestration' LIMIT 1;
INSERT INTO deploy_module_features (module_id, feature_text, sort_order) SELECT id, 'Engagement triggers', 3 FROM deploy_modules WHERE variant_id = 22 AND name = 'Channel Orchestration' LIMIT 1;
INSERT INTO deploy_module_features (module_id, feature_text, sort_order) SELECT id, 'Channel prioritisation', 4 FROM deploy_modules WHERE variant_id = 22 AND name = 'Channel Orchestration' LIMIT 1;
INSERT INTO deploy_modules (variant_id, name, sort_order) VALUES (22, 'Unified Customer Journey', 1);
INSERT INTO deploy_module_features (module_id, feature_text, sort_order) SELECT id, 'Customer journey mapping', 0 FROM deploy_modules WHERE variant_id = 22 AND name = 'Unified Customer Journey' LIMIT 1;
INSERT INTO deploy_module_features (module_id, feature_text, sort_order) SELECT id, 'Personalised interactions', 1 FROM deploy_modules WHERE variant_id = 22 AND name = 'Unified Customer Journey' LIMIT 1;
INSERT INTO deploy_module_features (module_id, feature_text, sort_order) SELECT id, 'Touchpoint tracking', 2 FROM deploy_modules WHERE variant_id = 22 AND name = 'Unified Customer Journey' LIMIT 1;
INSERT INTO deploy_module_features (module_id, feature_text, sort_order) SELECT id, 'Journey automation', 3 FROM deploy_modules WHERE variant_id = 22 AND name = 'Unified Customer Journey' LIMIT 1;
INSERT INTO deploy_module_features (module_id, feature_text, sort_order) SELECT id, 'Behaviour monitoring', 4 FROM deploy_modules WHERE variant_id = 22 AND name = 'Unified Customer Journey' LIMIT 1;
INSERT INTO deploy_modules (variant_id, name, sort_order) VALUES (22, 'Engagement Routing', 2);
INSERT INTO deploy_module_features (module_id, feature_text, sort_order) SELECT id, 'Smart routing', 0 FROM deploy_modules WHERE variant_id = 22 AND name = 'Engagement Routing' LIMIT 1;
INSERT INTO deploy_module_features (module_id, feature_text, sort_order) SELECT id, 'Agent assignment', 1 FROM deploy_modules WHERE variant_id = 22 AND name = 'Engagement Routing' LIMIT 1;
INSERT INTO deploy_module_features (module_id, feature_text, sort_order) SELECT id, 'Escalation management', 2 FROM deploy_modules WHERE variant_id = 22 AND name = 'Engagement Routing' LIMIT 1;
INSERT INTO deploy_module_features (module_id, feature_text, sort_order) SELECT id, 'SLA workflows', 3 FROM deploy_modules WHERE variant_id = 22 AND name = 'Engagement Routing' LIMIT 1;
INSERT INTO deploy_module_features (module_id, feature_text, sort_order) SELECT id, 'Queue management', 4 FROM deploy_modules WHERE variant_id = 22 AND name = 'Engagement Routing' LIMIT 1;
INSERT INTO deploy_modules (variant_id, name, sort_order) VALUES (22, 'Experience Synchronisation', 3);
INSERT INTO deploy_module_features (module_id, feature_text, sort_order) SELECT id, 'Customer profile synchronisation', 0 FROM deploy_modules WHERE variant_id = 22 AND name = 'Experience Synchronisation' LIMIT 1;
INSERT INTO deploy_module_features (module_id, feature_text, sort_order) SELECT id, 'Real-time updates', 1 FROM deploy_modules WHERE variant_id = 22 AND name = 'Experience Synchronisation' LIMIT 1;
INSERT INTO deploy_module_features (module_id, feature_text, sort_order) SELECT id, 'Cross-channel continuity', 2 FROM deploy_modules WHERE variant_id = 22 AND name = 'Experience Synchronisation' LIMIT 1;
INSERT INTO deploy_module_features (module_id, feature_text, sort_order) SELECT id, 'Session persistence', 3 FROM deploy_modules WHERE variant_id = 22 AND name = 'Experience Synchronisation' LIMIT 1;
INSERT INTO deploy_module_features (module_id, feature_text, sort_order) SELECT id, 'Unified notifications', 4 FROM deploy_modules WHERE variant_id = 22 AND name = 'Experience Synchronisation' LIMIT 1;
INSERT INTO deploy_modules (variant_id, name, sort_order) VALUES (22, 'Customer Interaction Analytics', 4);
INSERT INTO deploy_module_features (module_id, feature_text, sort_order) SELECT id, 'Journey analytics', 0 FROM deploy_modules WHERE variant_id = 22 AND name = 'Customer Interaction Analytics' LIMIT 1;
INSERT INTO deploy_module_features (module_id, feature_text, sort_order) SELECT id, 'Channel performance reporting', 1 FROM deploy_modules WHERE variant_id = 22 AND name = 'Customer Interaction Analytics' LIMIT 1;
INSERT INTO deploy_module_features (module_id, feature_text, sort_order) SELECT id, 'Customer behaviour analytics', 2 FROM deploy_modules WHERE variant_id = 22 AND name = 'Customer Interaction Analytics' LIMIT 1;
INSERT INTO deploy_module_features (module_id, feature_text, sort_order) SELECT id, 'Funnel analysis', 3 FROM deploy_modules WHERE variant_id = 22 AND name = 'Customer Interaction Analytics' LIMIT 1;
INSERT INTO deploy_module_features (module_id, feature_text, sort_order) SELECT id, 'Engagement dashboards', 4 FROM deploy_modules WHERE variant_id = 22 AND name = 'Customer Interaction Analytics' LIMIT 1;
INSERT INTO deploy_modules (variant_id, name, sort_order) VALUES (28, 'Enterprise CMS', 0);
INSERT INTO deploy_module_features (module_id, feature_text, sort_order) SELECT id, 'Structured content management', 0 FROM deploy_modules WHERE variant_id = 28 AND name = 'Enterprise CMS' LIMIT 1;
INSERT INTO deploy_module_features (module_id, feature_text, sort_order) SELECT id, 'Page composition', 1 FROM deploy_modules WHERE variant_id = 28 AND name = 'Enterprise CMS' LIMIT 1;
INSERT INTO deploy_module_features (module_id, feature_text, sort_order) SELECT id, 'Version control', 2 FROM deploy_modules WHERE variant_id = 28 AND name = 'Enterprise CMS' LIMIT 1;
INSERT INTO deploy_module_features (module_id, feature_text, sort_order) SELECT id, 'Workflow approvals', 3 FROM deploy_modules WHERE variant_id = 28 AND name = 'Enterprise CMS' LIMIT 1;
INSERT INTO deploy_module_features (module_id, feature_text, sort_order) SELECT id, 'Multi-language support', 4 FROM deploy_modules WHERE variant_id = 28 AND name = 'Enterprise CMS' LIMIT 1;
INSERT INTO deploy_modules (variant_id, name, sort_order) VALUES (28, 'Digital Asset Management', 1);
INSERT INTO deploy_module_features (module_id, feature_text, sort_order) SELECT id, 'Media repository', 0 FROM deploy_modules WHERE variant_id = 28 AND name = 'Digital Asset Management' LIMIT 1;
INSERT INTO deploy_module_features (module_id, feature_text, sort_order) SELECT id, 'Asset tagging', 1 FROM deploy_modules WHERE variant_id = 28 AND name = 'Digital Asset Management' LIMIT 1;
INSERT INTO deploy_module_features (module_id, feature_text, sort_order) SELECT id, 'Asset lifecycle management', 2 FROM deploy_modules WHERE variant_id = 28 AND name = 'Digital Asset Management' LIMIT 1;
INSERT INTO deploy_module_features (module_id, feature_text, sort_order) SELECT id, 'File versioning', 3 FROM deploy_modules WHERE variant_id = 28 AND name = 'Digital Asset Management' LIMIT 1;
INSERT INTO deploy_module_features (module_id, feature_text, sort_order) SELECT id, 'Access permissions', 4 FROM deploy_modules WHERE variant_id = 28 AND name = 'Digital Asset Management' LIMIT 1;
INSERT INTO deploy_modules (variant_id, name, sort_order) VALUES (28, 'Content Workflow Engine', 2);
INSERT INTO deploy_module_features (module_id, feature_text, sort_order) SELECT id, 'Editorial workflows', 0 FROM deploy_modules WHERE variant_id = 28 AND name = 'Content Workflow Engine' LIMIT 1;
INSERT INTO deploy_module_features (module_id, feature_text, sort_order) SELECT id, 'Content approvals', 1 FROM deploy_modules WHERE variant_id = 28 AND name = 'Content Workflow Engine' LIMIT 1;
INSERT INTO deploy_module_features (module_id, feature_text, sort_order) SELECT id, 'Publishing automation', 2 FROM deploy_modules WHERE variant_id = 28 AND name = 'Content Workflow Engine' LIMIT 1;
INSERT INTO deploy_module_features (module_id, feature_text, sort_order) SELECT id, 'Review cycles', 3 FROM deploy_modules WHERE variant_id = 28 AND name = 'Content Workflow Engine' LIMIT 1;
INSERT INTO deploy_module_features (module_id, feature_text, sort_order) SELECT id, 'Workflow notifications', 4 FROM deploy_modules WHERE variant_id = 28 AND name = 'Content Workflow Engine' LIMIT 1;
INSERT INTO deploy_modules (variant_id, name, sort_order) VALUES (28, 'Experience Personalisation', 3);
INSERT INTO deploy_module_features (module_id, feature_text, sort_order) SELECT id, 'Audience segmentation', 0 FROM deploy_modules WHERE variant_id = 28 AND name = 'Experience Personalisation' LIMIT 1;
INSERT INTO deploy_module_features (module_id, feature_text, sort_order) SELECT id, 'Dynamic content', 1 FROM deploy_modules WHERE variant_id = 28 AND name = 'Experience Personalisation' LIMIT 1;
INSERT INTO deploy_module_features (module_id, feature_text, sort_order) SELECT id, 'Personalised recommendations', 2 FROM deploy_modules WHERE variant_id = 28 AND name = 'Experience Personalisation' LIMIT 1;
INSERT INTO deploy_module_features (module_id, feature_text, sort_order) SELECT id, 'Behaviour targeting', 3 FROM deploy_modules WHERE variant_id = 28 AND name = 'Experience Personalisation' LIMIT 1;
INSERT INTO deploy_module_features (module_id, feature_text, sort_order) SELECT id, 'Experience optimisation', 4 FROM deploy_modules WHERE variant_id = 28 AND name = 'Experience Personalisation' LIMIT 1;
INSERT INTO deploy_modules (variant_id, name, sort_order) VALUES (28, 'Content Analytics', 4);
INSERT INTO deploy_module_features (module_id, feature_text, sort_order) SELECT id, 'Content engagement analytics', 0 FROM deploy_modules WHERE variant_id = 28 AND name = 'Content Analytics' LIMIT 1;
INSERT INTO deploy_module_features (module_id, feature_text, sort_order) SELECT id, 'Traffic reporting', 1 FROM deploy_modules WHERE variant_id = 28 AND name = 'Content Analytics' LIMIT 1;
INSERT INTO deploy_module_features (module_id, feature_text, sort_order) SELECT id, 'Conversion analytics', 2 FROM deploy_modules WHERE variant_id = 28 AND name = 'Content Analytics' LIMIT 1;
INSERT INTO deploy_module_features (module_id, feature_text, sort_order) SELECT id, 'Audience insights', 3 FROM deploy_modules WHERE variant_id = 28 AND name = 'Content Analytics' LIMIT 1;
INSERT INTO deploy_module_features (module_id, feature_text, sort_order) SELECT id, 'Performance dashboards', 4 FROM deploy_modules WHERE variant_id = 28 AND name = 'Content Analytics' LIMIT 1;
INSERT INTO deploy_modules (variant_id, name, sort_order) VALUES (34, 'Customer Management', 0);
INSERT INTO deploy_module_features (module_id, feature_text, sort_order) SELECT id, 'Customer profiles', 0 FROM deploy_modules WHERE variant_id = 34 AND name = 'Customer Management' LIMIT 1;
INSERT INTO deploy_module_features (module_id, feature_text, sort_order) SELECT id, 'Contact management', 1 FROM deploy_modules WHERE variant_id = 34 AND name = 'Customer Management' LIMIT 1;
INSERT INTO deploy_module_features (module_id, feature_text, sort_order) SELECT id, 'Account hierarchy', 2 FROM deploy_modules WHERE variant_id = 34 AND name = 'Customer Management' LIMIT 1;
INSERT INTO deploy_module_features (module_id, feature_text, sort_order) SELECT id, 'Relationship mapping', 3 FROM deploy_modules WHERE variant_id = 34 AND name = 'Customer Management' LIMIT 1;
INSERT INTO deploy_module_features (module_id, feature_text, sort_order) SELECT id, 'Interaction history', 4 FROM deploy_modules WHERE variant_id = 34 AND name = 'Customer Management' LIMIT 1;
INSERT INTO deploy_modules (variant_id, name, sort_order) VALUES (34, 'Sales Pipeline Management', 1);
INSERT INTO deploy_module_features (module_id, feature_text, sort_order) SELECT id, 'Opportunity tracking', 0 FROM deploy_modules WHERE variant_id = 34 AND name = 'Sales Pipeline Management' LIMIT 1;
INSERT INTO deploy_module_features (module_id, feature_text, sort_order) SELECT id, 'Sales stages', 1 FROM deploy_modules WHERE variant_id = 34 AND name = 'Sales Pipeline Management' LIMIT 1;
INSERT INTO deploy_module_features (module_id, feature_text, sort_order) SELECT id, 'Forecast management', 2 FROM deploy_modules WHERE variant_id = 34 AND name = 'Sales Pipeline Management' LIMIT 1;
INSERT INTO deploy_module_features (module_id, feature_text, sort_order) SELECT id, 'Pipeline dashboards', 3 FROM deploy_modules WHERE variant_id = 34 AND name = 'Sales Pipeline Management' LIMIT 1;
INSERT INTO deploy_module_features (module_id, feature_text, sort_order) SELECT id, 'Revenue tracking', 4 FROM deploy_modules WHERE variant_id = 34 AND name = 'Sales Pipeline Management' LIMIT 1;
INSERT INTO deploy_modules (variant_id, name, sort_order) VALUES (34, 'Lead Management', 2);
INSERT INTO deploy_module_features (module_id, feature_text, sort_order) SELECT id, 'Lead capture', 0 FROM deploy_modules WHERE variant_id = 34 AND name = 'Lead Management' LIMIT 1;
INSERT INTO deploy_module_features (module_id, feature_text, sort_order) SELECT id, 'Lead qualification', 1 FROM deploy_modules WHERE variant_id = 34 AND name = 'Lead Management' LIMIT 1;
INSERT INTO deploy_module_features (module_id, feature_text, sort_order) SELECT id, 'Lead routing', 2 FROM deploy_modules WHERE variant_id = 34 AND name = 'Lead Management' LIMIT 1;
INSERT INTO deploy_module_features (module_id, feature_text, sort_order) SELECT id, 'Scoring models', 3 FROM deploy_modules WHERE variant_id = 34 AND name = 'Lead Management' LIMIT 1;
INSERT INTO deploy_module_features (module_id, feature_text, sort_order) SELECT id, 'Campaign attribution', 4 FROM deploy_modules WHERE variant_id = 34 AND name = 'Lead Management' LIMIT 1;
INSERT INTO deploy_modules (variant_id, name, sort_order) VALUES (34, 'Customer Service Console', 3);
INSERT INTO deploy_module_features (module_id, feature_text, sort_order) SELECT id, 'Case management', 0 FROM deploy_modules WHERE variant_id = 34 AND name = 'Customer Service Console' LIMIT 1;
INSERT INTO deploy_module_features (module_id, feature_text, sort_order) SELECT id, 'SLA management', 1 FROM deploy_modules WHERE variant_id = 34 AND name = 'Customer Service Console' LIMIT 1;
INSERT INTO deploy_module_features (module_id, feature_text, sort_order) SELECT id, 'Ticket routing', 2 FROM deploy_modules WHERE variant_id = 34 AND name = 'Customer Service Console' LIMIT 1;
INSERT INTO deploy_module_features (module_id, feature_text, sort_order) SELECT id, 'Knowledge integration', 3 FROM deploy_modules WHERE variant_id = 34 AND name = 'Customer Service Console' LIMIT 1;
INSERT INTO deploy_module_features (module_id, feature_text, sort_order) SELECT id, 'Service workflows', 4 FROM deploy_modules WHERE variant_id = 34 AND name = 'Customer Service Console' LIMIT 1;
INSERT INTO deploy_modules (variant_id, name, sort_order) VALUES (34, 'CRM Analytics', 4);
INSERT INTO deploy_module_features (module_id, feature_text, sort_order) SELECT id, 'Sales dashboards', 0 FROM deploy_modules WHERE variant_id = 34 AND name = 'CRM Analytics' LIMIT 1;
INSERT INTO deploy_module_features (module_id, feature_text, sort_order) SELECT id, 'Customer insights', 1 FROM deploy_modules WHERE variant_id = 34 AND name = 'CRM Analytics' LIMIT 1;
INSERT INTO deploy_module_features (module_id, feature_text, sort_order) SELECT id, 'Forecast reporting', 2 FROM deploy_modules WHERE variant_id = 34 AND name = 'CRM Analytics' LIMIT 1;
INSERT INTO deploy_module_features (module_id, feature_text, sort_order) SELECT id, 'Pipeline analytics', 3 FROM deploy_modules WHERE variant_id = 34 AND name = 'CRM Analytics' LIMIT 1;
INSERT INTO deploy_module_features (module_id, feature_text, sort_order) SELECT id, 'Activity monitoring', 4 FROM deploy_modules WHERE variant_id = 34 AND name = 'CRM Analytics' LIMIT 1;
INSERT INTO deploy_modules (variant_id, name, sort_order) VALUES (40, 'Campaign Automation', 0);
INSERT INTO deploy_module_features (module_id, feature_text, sort_order) SELECT id, 'Campaign workflows', 0 FROM deploy_modules WHERE variant_id = 40 AND name = 'Campaign Automation' LIMIT 1;
INSERT INTO deploy_module_features (module_id, feature_text, sort_order) SELECT id, 'Multi-step campaigns', 1 FROM deploy_modules WHERE variant_id = 40 AND name = 'Campaign Automation' LIMIT 1;
INSERT INTO deploy_module_features (module_id, feature_text, sort_order) SELECT id, 'Trigger automation', 2 FROM deploy_modules WHERE variant_id = 40 AND name = 'Campaign Automation' LIMIT 1;
INSERT INTO deploy_module_features (module_id, feature_text, sort_order) SELECT id, 'Audience targeting', 3 FROM deploy_modules WHERE variant_id = 40 AND name = 'Campaign Automation' LIMIT 1;
INSERT INTO deploy_module_features (module_id, feature_text, sort_order) SELECT id, 'Campaign approvals', 4 FROM deploy_modules WHERE variant_id = 40 AND name = 'Campaign Automation' LIMIT 1;
INSERT INTO deploy_modules (variant_id, name, sort_order) VALUES (40, 'Customer Journey Automation', 1);
INSERT INTO deploy_module_features (module_id, feature_text, sort_order) SELECT id, 'Journey orchestration', 0 FROM deploy_modules WHERE variant_id = 40 AND name = 'Customer Journey Automation' LIMIT 1;
INSERT INTO deploy_module_features (module_id, feature_text, sort_order) SELECT id, 'Behaviour-based workflows', 1 FROM deploy_modules WHERE variant_id = 40 AND name = 'Customer Journey Automation' LIMIT 1;
INSERT INTO deploy_module_features (module_id, feature_text, sort_order) SELECT id, 'Event triggers', 2 FROM deploy_modules WHERE variant_id = 40 AND name = 'Customer Journey Automation' LIMIT 1;
INSERT INTO deploy_module_features (module_id, feature_text, sort_order) SELECT id, 'Personalised engagement', 3 FROM deploy_modules WHERE variant_id = 40 AND name = 'Customer Journey Automation' LIMIT 1;
INSERT INTO deploy_module_features (module_id, feature_text, sort_order) SELECT id, 'Lifecycle management', 4 FROM deploy_modules WHERE variant_id = 40 AND name = 'Customer Journey Automation' LIMIT 1;
INSERT INTO deploy_modules (variant_id, name, sort_order) VALUES (40, 'Lead Nurturing Engine', 2);
INSERT INTO deploy_module_features (module_id, feature_text, sort_order) SELECT id, 'Lead scoring', 0 FROM deploy_modules WHERE variant_id = 40 AND name = 'Lead Nurturing Engine' LIMIT 1;
INSERT INTO deploy_module_features (module_id, feature_text, sort_order) SELECT id, 'Drip campaigns', 1 FROM deploy_modules WHERE variant_id = 40 AND name = 'Lead Nurturing Engine' LIMIT 1;
INSERT INTO deploy_module_features (module_id, feature_text, sort_order) SELECT id, 'Segmentation', 2 FROM deploy_modules WHERE variant_id = 40 AND name = 'Lead Nurturing Engine' LIMIT 1;
INSERT INTO deploy_module_features (module_id, feature_text, sort_order) SELECT id, 'Qualification workflows', 3 FROM deploy_modules WHERE variant_id = 40 AND name = 'Lead Nurturing Engine' LIMIT 1;
INSERT INTO deploy_module_features (module_id, feature_text, sort_order) SELECT id, 'Conversion tracking', 4 FROM deploy_modules WHERE variant_id = 40 AND name = 'Lead Nurturing Engine' LIMIT 1;
INSERT INTO deploy_modules (variant_id, name, sort_order) VALUES (40, 'Email Marketing Suite', 3);
INSERT INTO deploy_module_features (module_id, feature_text, sort_order) SELECT id, 'Email builder', 0 FROM deploy_modules WHERE variant_id = 40 AND name = 'Email Marketing Suite' LIMIT 1;
INSERT INTO deploy_module_features (module_id, feature_text, sort_order) SELECT id, 'Email templates', 1 FROM deploy_modules WHERE variant_id = 40 AND name = 'Email Marketing Suite' LIMIT 1;
INSERT INTO deploy_module_features (module_id, feature_text, sort_order) SELECT id, 'A/B testing', 2 FROM deploy_modules WHERE variant_id = 40 AND name = 'Email Marketing Suite' LIMIT 1;
INSERT INTO deploy_module_features (module_id, feature_text, sort_order) SELECT id, 'Delivery management', 3 FROM deploy_modules WHERE variant_id = 40 AND name = 'Email Marketing Suite' LIMIT 1;
INSERT INTO deploy_module_features (module_id, feature_text, sort_order) SELECT id, 'Open/click tracking', 4 FROM deploy_modules WHERE variant_id = 40 AND name = 'Email Marketing Suite' LIMIT 1;
INSERT INTO deploy_modules (variant_id, name, sort_order) VALUES (40, 'Marketing Analytics', 4);
INSERT INTO deploy_module_features (module_id, feature_text, sort_order) SELECT id, 'Campaign performance', 0 FROM deploy_modules WHERE variant_id = 40 AND name = 'Marketing Analytics' LIMIT 1;
INSERT INTO deploy_module_features (module_id, feature_text, sort_order) SELECT id, 'ROI dashboards', 1 FROM deploy_modules WHERE variant_id = 40 AND name = 'Marketing Analytics' LIMIT 1;
INSERT INTO deploy_module_features (module_id, feature_text, sort_order) SELECT id, 'Audience insights', 2 FROM deploy_modules WHERE variant_id = 40 AND name = 'Marketing Analytics' LIMIT 1;
INSERT INTO deploy_module_features (module_id, feature_text, sort_order) SELECT id, 'Attribution analytics', 3 FROM deploy_modules WHERE variant_id = 40 AND name = 'Marketing Analytics' LIMIT 1;
INSERT INTO deploy_module_features (module_id, feature_text, sort_order) SELECT id, 'Funnel analytics', 4 FROM deploy_modules WHERE variant_id = 40 AND name = 'Marketing Analytics' LIMIT 1;
INSERT INTO deploy_modules (variant_id, name, sort_order) VALUES (46, 'Product Configuration', 0);
INSERT INTO deploy_module_features (module_id, feature_text, sort_order) SELECT id, 'Product catalogues', 0 FROM deploy_modules WHERE variant_id = 46 AND name = 'Product Configuration' LIMIT 1;
INSERT INTO deploy_module_features (module_id, feature_text, sort_order) SELECT id, 'Rules-based configuration', 1 FROM deploy_modules WHERE variant_id = 46 AND name = 'Product Configuration' LIMIT 1;
INSERT INTO deploy_module_features (module_id, feature_text, sort_order) SELECT id, 'Bundle management', 2 FROM deploy_modules WHERE variant_id = 46 AND name = 'Product Configuration' LIMIT 1;
INSERT INTO deploy_module_features (module_id, feature_text, sort_order) SELECT id, 'Guided selling', 3 FROM deploy_modules WHERE variant_id = 46 AND name = 'Product Configuration' LIMIT 1;
INSERT INTO deploy_module_features (module_id, feature_text, sort_order) SELECT id, 'Compatibility validation', 4 FROM deploy_modules WHERE variant_id = 46 AND name = 'Product Configuration' LIMIT 1;
INSERT INTO deploy_modules (variant_id, name, sort_order) VALUES (46, 'Pricing Engine', 1);
INSERT INTO deploy_module_features (module_id, feature_text, sort_order) SELECT id, 'Dynamic pricing', 0 FROM deploy_modules WHERE variant_id = 46 AND name = 'Pricing Engine' LIMIT 1;
INSERT INTO deploy_module_features (module_id, feature_text, sort_order) SELECT id, 'Discount management', 1 FROM deploy_modules WHERE variant_id = 46 AND name = 'Pricing Engine' LIMIT 1;
INSERT INTO deploy_module_features (module_id, feature_text, sort_order) SELECT id, 'Pricing rules', 2 FROM deploy_modules WHERE variant_id = 46 AND name = 'Pricing Engine' LIMIT 1;
INSERT INTO deploy_module_features (module_id, feature_text, sort_order) SELECT id, 'Contract pricing', 3 FROM deploy_modules WHERE variant_id = 46 AND name = 'Pricing Engine' LIMIT 1;
INSERT INTO deploy_module_features (module_id, feature_text, sort_order) SELECT id, 'Margin controls', 4 FROM deploy_modules WHERE variant_id = 46 AND name = 'Pricing Engine' LIMIT 1;
INSERT INTO deploy_modules (variant_id, name, sort_order) VALUES (46, 'Quote Management', 2);
INSERT INTO deploy_module_features (module_id, feature_text, sort_order) SELECT id, 'Quote generation', 0 FROM deploy_modules WHERE variant_id = 46 AND name = 'Quote Management' LIMIT 1;
INSERT INTO deploy_module_features (module_id, feature_text, sort_order) SELECT id, 'Proposal templates', 1 FROM deploy_modules WHERE variant_id = 46 AND name = 'Quote Management' LIMIT 1;
INSERT INTO deploy_module_features (module_id, feature_text, sort_order) SELECT id, 'Version management', 2 FROM deploy_modules WHERE variant_id = 46 AND name = 'Quote Management' LIMIT 1;
INSERT INTO deploy_module_features (module_id, feature_text, sort_order) SELECT id, 'Customer approvals', 3 FROM deploy_modules WHERE variant_id = 46 AND name = 'Quote Management' LIMIT 1;
INSERT INTO deploy_module_features (module_id, feature_text, sort_order) SELECT id, 'Digital signatures', 4 FROM deploy_modules WHERE variant_id = 46 AND name = 'Quote Management' LIMIT 1;
INSERT INTO deploy_modules (variant_id, name, sort_order) VALUES (46, 'Approval Workflows', 3);
INSERT INTO deploy_module_features (module_id, feature_text, sort_order) SELECT id, 'Pricing approvals', 0 FROM deploy_modules WHERE variant_id = 46 AND name = 'Approval Workflows' LIMIT 1;
INSERT INTO deploy_module_features (module_id, feature_text, sort_order) SELECT id, 'Escalation workflows', 1 FROM deploy_modules WHERE variant_id = 46 AND name = 'Approval Workflows' LIMIT 1;
INSERT INTO deploy_module_features (module_id, feature_text, sort_order) SELECT id, 'Compliance checks', 2 FROM deploy_modules WHERE variant_id = 46 AND name = 'Approval Workflows' LIMIT 1;
INSERT INTO deploy_module_features (module_id, feature_text, sort_order) SELECT id, 'Audit tracking', 3 FROM deploy_modules WHERE variant_id = 46 AND name = 'Approval Workflows' LIMIT 1;
INSERT INTO deploy_module_features (module_id, feature_text, sort_order) SELECT id, 'Approval notifications', 4 FROM deploy_modules WHERE variant_id = 46 AND name = 'Approval Workflows' LIMIT 1;
INSERT INTO deploy_modules (variant_id, name, sort_order) VALUES (46, 'CPQ Analytics', 4);
INSERT INTO deploy_module_features (module_id, feature_text, sort_order) SELECT id, 'Quote analytics', 0 FROM deploy_modules WHERE variant_id = 46 AND name = 'CPQ Analytics' LIMIT 1;
INSERT INTO deploy_module_features (module_id, feature_text, sort_order) SELECT id, 'Sales performance reporting', 1 FROM deploy_modules WHERE variant_id = 46 AND name = 'CPQ Analytics' LIMIT 1;
INSERT INTO deploy_module_features (module_id, feature_text, sort_order) SELECT id, 'Pricing insights', 2 FROM deploy_modules WHERE variant_id = 46 AND name = 'CPQ Analytics' LIMIT 1;
INSERT INTO deploy_module_features (module_id, feature_text, sort_order) SELECT id, 'Approval metrics', 3 FROM deploy_modules WHERE variant_id = 46 AND name = 'CPQ Analytics' LIMIT 1;
INSERT INTO deploy_module_features (module_id, feature_text, sort_order) SELECT id, 'Revenue dashboards', 4 FROM deploy_modules WHERE variant_id = 46 AND name = 'CPQ Analytics' LIMIT 1;
INSERT INTO deploy_modules (variant_id, name, sort_order) VALUES (52, 'Service Desk', 0);
INSERT INTO deploy_module_features (module_id, feature_text, sort_order) SELECT id, 'Service request handling', 0 FROM deploy_modules WHERE variant_id = 52 AND name = 'Service Desk' LIMIT 1;
INSERT INTO deploy_module_features (module_id, feature_text, sort_order) SELECT id, 'Queue management', 1 FROM deploy_modules WHERE variant_id = 52 AND name = 'Service Desk' LIMIT 1;
INSERT INTO deploy_module_features (module_id, feature_text, sort_order) SELECT id, 'SLA tracking', 2 FROM deploy_modules WHERE variant_id = 52 AND name = 'Service Desk' LIMIT 1;
INSERT INTO deploy_module_features (module_id, feature_text, sort_order) SELECT id, 'Escalation workflows', 3 FROM deploy_modules WHERE variant_id = 52 AND name = 'Service Desk' LIMIT 1;
INSERT INTO deploy_module_features (module_id, feature_text, sort_order) SELECT id, 'Agent workspace', 4 FROM deploy_modules WHERE variant_id = 52 AND name = 'Service Desk' LIMIT 1;
INSERT INTO deploy_modules (variant_id, name, sort_order) VALUES (52, 'Ticket Management', 1);
INSERT INTO deploy_module_features (module_id, feature_text, sort_order) SELECT id, 'Ticket lifecycle management', 0 FROM deploy_modules WHERE variant_id = 52 AND name = 'Ticket Management' LIMIT 1;
INSERT INTO deploy_module_features (module_id, feature_text, sort_order) SELECT id, 'Categorisation', 1 FROM deploy_modules WHERE variant_id = 52 AND name = 'Ticket Management' LIMIT 1;
INSERT INTO deploy_module_features (module_id, feature_text, sort_order) SELECT id, 'Priority routing', 2 FROM deploy_modules WHERE variant_id = 52 AND name = 'Ticket Management' LIMIT 1;
INSERT INTO deploy_module_features (module_id, feature_text, sort_order) SELECT id, 'Assignment workflows', 3 FROM deploy_modules WHERE variant_id = 52 AND name = 'Ticket Management' LIMIT 1;
INSERT INTO deploy_module_features (module_id, feature_text, sort_order) SELECT id, 'Resolution tracking', 4 FROM deploy_modules WHERE variant_id = 52 AND name = 'Ticket Management' LIMIT 1;
INSERT INTO deploy_modules (variant_id, name, sort_order) VALUES (52, 'Customer Communication Hub', 2);
INSERT INTO deploy_module_features (module_id, feature_text, sort_order) SELECT id, 'Omnichannel support', 0 FROM deploy_modules WHERE variant_id = 52 AND name = 'Customer Communication Hub' LIMIT 1;
INSERT INTO deploy_module_features (module_id, feature_text, sort_order) SELECT id, 'Live chat', 1 FROM deploy_modules WHERE variant_id = 52 AND name = 'Customer Communication Hub' LIMIT 1;
INSERT INTO deploy_module_features (module_id, feature_text, sort_order) SELECT id, 'Email integration', 2 FROM deploy_modules WHERE variant_id = 52 AND name = 'Customer Communication Hub' LIMIT 1;
INSERT INTO deploy_module_features (module_id, feature_text, sort_order) SELECT id, 'Messaging integration', 3 FROM deploy_modules WHERE variant_id = 52 AND name = 'Customer Communication Hub' LIMIT 1;
INSERT INTO deploy_module_features (module_id, feature_text, sort_order) SELECT id, 'Notification management', 4 FROM deploy_modules WHERE variant_id = 52 AND name = 'Customer Communication Hub' LIMIT 1;
INSERT INTO deploy_modules (variant_id, name, sort_order) VALUES (52, 'Knowledge Base', 3);
INSERT INTO deploy_module_features (module_id, feature_text, sort_order) SELECT id, 'Knowledge articles', 0 FROM deploy_modules WHERE variant_id = 52 AND name = 'Knowledge Base' LIMIT 1;
INSERT INTO deploy_module_features (module_id, feature_text, sort_order) SELECT id, 'Self-service portal', 1 FROM deploy_modules WHERE variant_id = 52 AND name = 'Knowledge Base' LIMIT 1;
INSERT INTO deploy_module_features (module_id, feature_text, sort_order) SELECT id, 'FAQ management', 2 FROM deploy_modules WHERE variant_id = 52 AND name = 'Knowledge Base' LIMIT 1;
INSERT INTO deploy_module_features (module_id, feature_text, sort_order) SELECT id, 'Search capability', 3 FROM deploy_modules WHERE variant_id = 52 AND name = 'Knowledge Base' LIMIT 1;
INSERT INTO deploy_module_features (module_id, feature_text, sort_order) SELECT id, 'Content approvals', 4 FROM deploy_modules WHERE variant_id = 52 AND name = 'Knowledge Base' LIMIT 1;
INSERT INTO deploy_modules (variant_id, name, sort_order) VALUES (52, 'Support Analytics', 4);
INSERT INTO deploy_module_features (module_id, feature_text, sort_order) SELECT id, 'Resolution metrics', 0 FROM deploy_modules WHERE variant_id = 52 AND name = 'Support Analytics' LIMIT 1;
INSERT INTO deploy_module_features (module_id, feature_text, sort_order) SELECT id, 'SLA reporting', 1 FROM deploy_modules WHERE variant_id = 52 AND name = 'Support Analytics' LIMIT 1;
INSERT INTO deploy_module_features (module_id, feature_text, sort_order) SELECT id, 'Agent performance', 2 FROM deploy_modules WHERE variant_id = 52 AND name = 'Support Analytics' LIMIT 1;
INSERT INTO deploy_module_features (module_id, feature_text, sort_order) SELECT id, 'Customer satisfaction tracking', 3 FROM deploy_modules WHERE variant_id = 52 AND name = 'Support Analytics' LIMIT 1;
INSERT INTO deploy_module_features (module_id, feature_text, sort_order) SELECT id, 'Support dashboards', 4 FROM deploy_modules WHERE variant_id = 52 AND name = 'Support Analytics' LIMIT 1;
INSERT INTO deploy_modules (variant_id, name, sort_order) VALUES (58, 'Collaboration Workspace', 0);
INSERT INTO deploy_module_features (module_id, feature_text, sort_order) SELECT id, 'Team workspaces', 0 FROM deploy_modules WHERE variant_id = 58 AND name = 'Collaboration Workspace' LIMIT 1;
INSERT INTO deploy_module_features (module_id, feature_text, sort_order) SELECT id, 'File collaboration', 1 FROM deploy_modules WHERE variant_id = 58 AND name = 'Collaboration Workspace' LIMIT 1;
INSERT INTO deploy_module_features (module_id, feature_text, sort_order) SELECT id, 'Shared calendars', 2 FROM deploy_modules WHERE variant_id = 58 AND name = 'Collaboration Workspace' LIMIT 1;
INSERT INTO deploy_module_features (module_id, feature_text, sort_order) SELECT id, 'Meeting integration', 3 FROM deploy_modules WHERE variant_id = 58 AND name = 'Collaboration Workspace' LIMIT 1;
INSERT INTO deploy_module_features (module_id, feature_text, sort_order) SELECT id, 'Workspace permissions', 4 FROM deploy_modules WHERE variant_id = 58 AND name = 'Collaboration Workspace' LIMIT 1;
INSERT INTO deploy_modules (variant_id, name, sort_order) VALUES (58, 'Employee Communication Hub', 1);
INSERT INTO deploy_module_features (module_id, feature_text, sort_order) SELECT id, 'Announcements', 0 FROM deploy_modules WHERE variant_id = 58 AND name = 'Employee Communication Hub' LIMIT 1;
INSERT INTO deploy_module_features (module_id, feature_text, sort_order) SELECT id, 'Internal messaging', 1 FROM deploy_modules WHERE variant_id = 58 AND name = 'Employee Communication Hub' LIMIT 1;
INSERT INTO deploy_module_features (module_id, feature_text, sort_order) SELECT id, 'Employee engagement feeds', 2 FROM deploy_modules WHERE variant_id = 58 AND name = 'Employee Communication Hub' LIMIT 1;
INSERT INTO deploy_module_features (module_id, feature_text, sort_order) SELECT id, 'Notifications', 3 FROM deploy_modules WHERE variant_id = 58 AND name = 'Employee Communication Hub' LIMIT 1;
INSERT INTO deploy_module_features (module_id, feature_text, sort_order) SELECT id, 'Broadcast communications', 4 FROM deploy_modules WHERE variant_id = 58 AND name = 'Employee Communication Hub' LIMIT 1;
INSERT INTO deploy_modules (variant_id, name, sort_order) VALUES (58, 'Knowledge Workspace', 2);
INSERT INTO deploy_module_features (module_id, feature_text, sort_order) SELECT id, 'Knowledge repositories', 0 FROM deploy_modules WHERE variant_id = 58 AND name = 'Knowledge Workspace' LIMIT 1;
INSERT INTO deploy_module_features (module_id, feature_text, sort_order) SELECT id, 'Document management', 1 FROM deploy_modules WHERE variant_id = 58 AND name = 'Knowledge Workspace' LIMIT 1;
INSERT INTO deploy_module_features (module_id, feature_text, sort_order) SELECT id, 'Search capabilities', 2 FROM deploy_modules WHERE variant_id = 58 AND name = 'Knowledge Workspace' LIMIT 1;
INSERT INTO deploy_module_features (module_id, feature_text, sort_order) SELECT id, 'Knowledge sharing', 3 FROM deploy_modules WHERE variant_id = 58 AND name = 'Knowledge Workspace' LIMIT 1;
INSERT INTO deploy_module_features (module_id, feature_text, sort_order) SELECT id, 'Content governance', 4 FROM deploy_modules WHERE variant_id = 58 AND name = 'Knowledge Workspace' LIMIT 1;
INSERT INTO deploy_modules (variant_id, name, sort_order) VALUES (58, 'Task & Activity Management', 3);
INSERT INTO deploy_module_features (module_id, feature_text, sort_order) SELECT id, 'Task assignment', 0 FROM deploy_modules WHERE variant_id = 58 AND name = 'Task & Activity Management' LIMIT 1;
INSERT INTO deploy_module_features (module_id, feature_text, sort_order) SELECT id, 'Workflow tracking', 1 FROM deploy_modules WHERE variant_id = 58 AND name = 'Task & Activity Management' LIMIT 1;
INSERT INTO deploy_module_features (module_id, feature_text, sort_order) SELECT id, 'Activity monitoring', 2 FROM deploy_modules WHERE variant_id = 58 AND name = 'Task & Activity Management' LIMIT 1;
INSERT INTO deploy_module_features (module_id, feature_text, sort_order) SELECT id, 'Team coordination', 3 FROM deploy_modules WHERE variant_id = 58 AND name = 'Task & Activity Management' LIMIT 1;
INSERT INTO deploy_module_features (module_id, feature_text, sort_order) SELECT id, 'Productivity tracking', 4 FROM deploy_modules WHERE variant_id = 58 AND name = 'Task & Activity Management' LIMIT 1;
INSERT INTO deploy_modules (variant_id, name, sort_order) VALUES (58, 'Workplace Analytics', 4);
INSERT INTO deploy_module_features (module_id, feature_text, sort_order) SELECT id, 'Usage reporting', 0 FROM deploy_modules WHERE variant_id = 58 AND name = 'Workplace Analytics' LIMIT 1;
INSERT INTO deploy_module_features (module_id, feature_text, sort_order) SELECT id, 'Collaboration analytics', 1 FROM deploy_modules WHERE variant_id = 58 AND name = 'Workplace Analytics' LIMIT 1;
INSERT INTO deploy_module_features (module_id, feature_text, sort_order) SELECT id, 'Engagement insights', 2 FROM deploy_modules WHERE variant_id = 58 AND name = 'Workplace Analytics' LIMIT 1;
INSERT INTO deploy_module_features (module_id, feature_text, sort_order) SELECT id, 'Productivity dashboards', 3 FROM deploy_modules WHERE variant_id = 58 AND name = 'Workplace Analytics' LIMIT 1;
INSERT INTO deploy_module_features (module_id, feature_text, sort_order) SELECT id, 'Adoption monitoring', 4 FROM deploy_modules WHERE variant_id = 58 AND name = 'Workplace Analytics' LIMIT 1;
INSERT INTO deploy_modules (variant_id, name, sort_order) VALUES (94, 'Finance Management', 0);
INSERT INTO deploy_module_features (module_id, feature_text, sort_order) SELECT id, 'General ledger', 0 FROM deploy_modules WHERE variant_id = 94 AND name = 'Finance Management' LIMIT 1;
INSERT INTO deploy_module_features (module_id, feature_text, sort_order) SELECT id, 'Accounts payable', 1 FROM deploy_modules WHERE variant_id = 94 AND name = 'Finance Management' LIMIT 1;
INSERT INTO deploy_module_features (module_id, feature_text, sort_order) SELECT id, 'Accounts receivable', 2 FROM deploy_modules WHERE variant_id = 94 AND name = 'Finance Management' LIMIT 1;
INSERT INTO deploy_module_features (module_id, feature_text, sort_order) SELECT id, 'Budget management', 3 FROM deploy_modules WHERE variant_id = 94 AND name = 'Finance Management' LIMIT 1;
INSERT INTO deploy_module_features (module_id, feature_text, sort_order) SELECT id, 'Financial reporting', 4 FROM deploy_modules WHERE variant_id = 94 AND name = 'Finance Management' LIMIT 1;
INSERT INTO deploy_modules (variant_id, name, sort_order) VALUES (94, 'Procurement Management', 1);
INSERT INTO deploy_module_features (module_id, feature_text, sort_order) SELECT id, 'Purchase requests', 0 FROM deploy_modules WHERE variant_id = 94 AND name = 'Procurement Management' LIMIT 1;
INSERT INTO deploy_module_features (module_id, feature_text, sort_order) SELECT id, 'Vendor management', 1 FROM deploy_modules WHERE variant_id = 94 AND name = 'Procurement Management' LIMIT 1;
INSERT INTO deploy_module_features (module_id, feature_text, sort_order) SELECT id, 'Procurement approvals', 2 FROM deploy_modules WHERE variant_id = 94 AND name = 'Procurement Management' LIMIT 1;
INSERT INTO deploy_module_features (module_id, feature_text, sort_order) SELECT id, 'Contract tracking', 3 FROM deploy_modules WHERE variant_id = 94 AND name = 'Procurement Management' LIMIT 1;
INSERT INTO deploy_module_features (module_id, feature_text, sort_order) SELECT id, 'Supplier workflows', 4 FROM deploy_modules WHERE variant_id = 94 AND name = 'Procurement Management' LIMIT 1;
INSERT INTO deploy_modules (variant_id, name, sort_order) VALUES (94, 'Inventory Management', 2);
INSERT INTO deploy_module_features (module_id, feature_text, sort_order) SELECT id, 'Inventory tracking', 0 FROM deploy_modules WHERE variant_id = 94 AND name = 'Inventory Management' LIMIT 1;
INSERT INTO deploy_module_features (module_id, feature_text, sort_order) SELECT id, 'Warehouse management', 1 FROM deploy_modules WHERE variant_id = 94 AND name = 'Inventory Management' LIMIT 1;
INSERT INTO deploy_module_features (module_id, feature_text, sort_order) SELECT id, 'Stock monitoring', 2 FROM deploy_modules WHERE variant_id = 94 AND name = 'Inventory Management' LIMIT 1;
INSERT INTO deploy_module_features (module_id, feature_text, sort_order) SELECT id, 'Inventory forecasting', 3 FROM deploy_modules WHERE variant_id = 94 AND name = 'Inventory Management' LIMIT 1;
INSERT INTO deploy_module_features (module_id, feature_text, sort_order) SELECT id, 'Reorder automation', 4 FROM deploy_modules WHERE variant_id = 94 AND name = 'Inventory Management' LIMIT 1;
INSERT INTO deploy_modules (variant_id, name, sort_order) VALUES (94, 'Operations Management', 3);
INSERT INTO deploy_module_features (module_id, feature_text, sort_order) SELECT id, 'Operational workflows', 0 FROM deploy_modules WHERE variant_id = 94 AND name = 'Operations Management' LIMIT 1;
INSERT INTO deploy_module_features (module_id, feature_text, sort_order) SELECT id, 'Resource planning', 1 FROM deploy_modules WHERE variant_id = 94 AND name = 'Operations Management' LIMIT 1;
INSERT INTO deploy_module_features (module_id, feature_text, sort_order) SELECT id, 'Process management', 2 FROM deploy_modules WHERE variant_id = 94 AND name = 'Operations Management' LIMIT 1;
INSERT INTO deploy_module_features (module_id, feature_text, sort_order) SELECT id, 'Operational reporting', 3 FROM deploy_modules WHERE variant_id = 94 AND name = 'Operations Management' LIMIT 1;
INSERT INTO deploy_module_features (module_id, feature_text, sort_order) SELECT id, 'Workflow approvals', 4 FROM deploy_modules WHERE variant_id = 94 AND name = 'Operations Management' LIMIT 1;
INSERT INTO deploy_modules (variant_id, name, sort_order) VALUES (94, 'ERP Analytics', 4);
INSERT INTO deploy_module_features (module_id, feature_text, sort_order) SELECT id, 'Executive dashboards', 0 FROM deploy_modules WHERE variant_id = 94 AND name = 'ERP Analytics' LIMIT 1;
INSERT INTO deploy_module_features (module_id, feature_text, sort_order) SELECT id, 'Operational reporting', 1 FROM deploy_modules WHERE variant_id = 94 AND name = 'ERP Analytics' LIMIT 1;
INSERT INTO deploy_module_features (module_id, feature_text, sort_order) SELECT id, 'Financial analytics', 2 FROM deploy_modules WHERE variant_id = 94 AND name = 'ERP Analytics' LIMIT 1;
INSERT INTO deploy_module_features (module_id, feature_text, sort_order) SELECT id, 'KPI monitoring', 3 FROM deploy_modules WHERE variant_id = 94 AND name = 'ERP Analytics' LIMIT 1;
INSERT INTO deploy_module_features (module_id, feature_text, sort_order) SELECT id, 'Forecast analytics', 4 FROM deploy_modules WHERE variant_id = 94 AND name = 'ERP Analytics' LIMIT 1;
INSERT INTO deploy_modules (variant_id, name, sort_order) VALUES (100, 'Workforce Scheduling', 0);
INSERT INTO deploy_module_features (module_id, feature_text, sort_order) SELECT id, 'Shift scheduling', 0 FROM deploy_modules WHERE variant_id = 100 AND name = 'Workforce Scheduling' LIMIT 1;
INSERT INTO deploy_module_features (module_id, feature_text, sort_order) SELECT id, 'Workforce planning', 1 FROM deploy_modules WHERE variant_id = 100 AND name = 'Workforce Scheduling' LIMIT 1;
INSERT INTO deploy_module_features (module_id, feature_text, sort_order) SELECT id, 'Availability management', 2 FROM deploy_modules WHERE variant_id = 100 AND name = 'Workforce Scheduling' LIMIT 1;
INSERT INTO deploy_module_features (module_id, feature_text, sort_order) SELECT id, 'Scheduling optimisation', 3 FROM deploy_modules WHERE variant_id = 100 AND name = 'Workforce Scheduling' LIMIT 1;
INSERT INTO deploy_module_features (module_id, feature_text, sort_order) SELECT id, 'Shift notifications', 4 FROM deploy_modules WHERE variant_id = 100 AND name = 'Workforce Scheduling' LIMIT 1;
INSERT INTO deploy_modules (variant_id, name, sort_order) VALUES (100, 'Attendance Management', 1);
INSERT INTO deploy_module_features (module_id, feature_text, sort_order) SELECT id, 'Time tracking', 0 FROM deploy_modules WHERE variant_id = 100 AND name = 'Attendance Management' LIMIT 1;
INSERT INTO deploy_module_features (module_id, feature_text, sort_order) SELECT id, 'Leave management', 1 FROM deploy_modules WHERE variant_id = 100 AND name = 'Attendance Management' LIMIT 1;
INSERT INTO deploy_module_features (module_id, feature_text, sort_order) SELECT id, 'Attendance monitoring', 2 FROM deploy_modules WHERE variant_id = 100 AND name = 'Attendance Management' LIMIT 1;
INSERT INTO deploy_module_features (module_id, feature_text, sort_order) SELECT id, 'Overtime tracking', 3 FROM deploy_modules WHERE variant_id = 100 AND name = 'Attendance Management' LIMIT 1;
INSERT INTO deploy_module_features (module_id, feature_text, sort_order) SELECT id, 'Compliance reporting', 4 FROM deploy_modules WHERE variant_id = 100 AND name = 'Attendance Management' LIMIT 1;
INSERT INTO deploy_modules (variant_id, name, sort_order) VALUES (100, 'Workforce Operations', 2);
INSERT INTO deploy_module_features (module_id, feature_text, sort_order) SELECT id, 'Workforce coordination', 0 FROM deploy_modules WHERE variant_id = 100 AND name = 'Workforce Operations' LIMIT 1;
INSERT INTO deploy_module_features (module_id, feature_text, sort_order) SELECT id, 'Task allocation', 1 FROM deploy_modules WHERE variant_id = 100 AND name = 'Workforce Operations' LIMIT 1;
INSERT INTO deploy_module_features (module_id, feature_text, sort_order) SELECT id, 'Operational workflows', 2 FROM deploy_modules WHERE variant_id = 100 AND name = 'Workforce Operations' LIMIT 1;
INSERT INTO deploy_module_features (module_id, feature_text, sort_order) SELECT id, 'Workforce communication', 3 FROM deploy_modules WHERE variant_id = 100 AND name = 'Workforce Operations' LIMIT 1;
INSERT INTO deploy_module_features (module_id, feature_text, sort_order) SELECT id, 'Activity monitoring', 4 FROM deploy_modules WHERE variant_id = 100 AND name = 'Workforce Operations' LIMIT 1;
INSERT INTO deploy_modules (variant_id, name, sort_order) VALUES (100, 'Employee Self-Service', 3);
INSERT INTO deploy_module_features (module_id, feature_text, sort_order) SELECT id, 'Leave requests', 0 FROM deploy_modules WHERE variant_id = 100 AND name = 'Employee Self-Service' LIMIT 1;
INSERT INTO deploy_module_features (module_id, feature_text, sort_order) SELECT id, 'Shift swaps', 1 FROM deploy_modules WHERE variant_id = 100 AND name = 'Employee Self-Service' LIMIT 1;
INSERT INTO deploy_module_features (module_id, feature_text, sort_order) SELECT id, 'Personal profile management', 2 FROM deploy_modules WHERE variant_id = 100 AND name = 'Employee Self-Service' LIMIT 1;
INSERT INTO deploy_module_features (module_id, feature_text, sort_order) SELECT id, 'Notifications', 3 FROM deploy_modules WHERE variant_id = 100 AND name = 'Employee Self-Service' LIMIT 1;
INSERT INTO deploy_module_features (module_id, feature_text, sort_order) SELECT id, 'Self-service workflows', 4 FROM deploy_modules WHERE variant_id = 100 AND name = 'Employee Self-Service' LIMIT 1;
INSERT INTO deploy_modules (variant_id, name, sort_order) VALUES (100, 'Workforce Analytics', 4);
INSERT INTO deploy_module_features (module_id, feature_text, sort_order) SELECT id, 'Workforce dashboards', 0 FROM deploy_modules WHERE variant_id = 100 AND name = 'Workforce Analytics' LIMIT 1;
INSERT INTO deploy_module_features (module_id, feature_text, sort_order) SELECT id, 'Productivity analytics', 1 FROM deploy_modules WHERE variant_id = 100 AND name = 'Workforce Analytics' LIMIT 1;
INSERT INTO deploy_module_features (module_id, feature_text, sort_order) SELECT id, 'Attendance insights', 2 FROM deploy_modules WHERE variant_id = 100 AND name = 'Workforce Analytics' LIMIT 1;
INSERT INTO deploy_module_features (module_id, feature_text, sort_order) SELECT id, 'Labour forecasting', 3 FROM deploy_modules WHERE variant_id = 100 AND name = 'Workforce Analytics' LIMIT 1;
INSERT INTO deploy_module_features (module_id, feature_text, sort_order) SELECT id, 'Compliance analytics', 4 FROM deploy_modules WHERE variant_id = 100 AND name = 'Workforce Analytics' LIMIT 1;
INSERT INTO deploy_modules (variant_id, name, sort_order) VALUES (106, 'Data Integration Platform', 0);
INSERT INTO deploy_module_features (module_id, feature_text, sort_order) SELECT id, 'ETL/ELT pipelines', 0 FROM deploy_modules WHERE variant_id = 106 AND name = 'Data Integration Platform' LIMIT 1;
INSERT INTO deploy_module_features (module_id, feature_text, sort_order) SELECT id, 'API integrations', 1 FROM deploy_modules WHERE variant_id = 106 AND name = 'Data Integration Platform' LIMIT 1;
INSERT INTO deploy_module_features (module_id, feature_text, sort_order) SELECT id, 'Data synchronisation', 2 FROM deploy_modules WHERE variant_id = 106 AND name = 'Data Integration Platform' LIMIT 1;
INSERT INTO deploy_module_features (module_id, feature_text, sort_order) SELECT id, 'Batch processing', 3 FROM deploy_modules WHERE variant_id = 106 AND name = 'Data Integration Platform' LIMIT 1;
INSERT INTO deploy_module_features (module_id, feature_text, sort_order) SELECT id, 'Real-time streaming', 4 FROM deploy_modules WHERE variant_id = 106 AND name = 'Data Integration Platform' LIMIT 1;
INSERT INTO deploy_modules (variant_id, name, sort_order) VALUES (106, 'Data Governance Hub', 1);
INSERT INTO deploy_module_features (module_id, feature_text, sort_order) SELECT id, 'Data catalogues', 0 FROM deploy_modules WHERE variant_id = 106 AND name = 'Data Governance Hub' LIMIT 1;
INSERT INTO deploy_module_features (module_id, feature_text, sort_order) SELECT id, 'Data lineage', 1 FROM deploy_modules WHERE variant_id = 106 AND name = 'Data Governance Hub' LIMIT 1;
INSERT INTO deploy_module_features (module_id, feature_text, sort_order) SELECT id, 'Access controls', 2 FROM deploy_modules WHERE variant_id = 106 AND name = 'Data Governance Hub' LIMIT 1;
INSERT INTO deploy_module_features (module_id, feature_text, sort_order) SELECT id, 'Data quality monitoring', 3 FROM deploy_modules WHERE variant_id = 106 AND name = 'Data Governance Hub' LIMIT 1;
INSERT INTO deploy_module_features (module_id, feature_text, sort_order) SELECT id, 'Governance workflows', 4 FROM deploy_modules WHERE variant_id = 106 AND name = 'Data Governance Hub' LIMIT 1;
INSERT INTO deploy_modules (variant_id, name, sort_order) VALUES (106, 'Data Warehouse', 2);
INSERT INTO deploy_module_features (module_id, feature_text, sort_order) SELECT id, 'Centralised storage', 0 FROM deploy_modules WHERE variant_id = 106 AND name = 'Data Warehouse' LIMIT 1;
INSERT INTO deploy_module_features (module_id, feature_text, sort_order) SELECT id, 'Data modelling', 1 FROM deploy_modules WHERE variant_id = 106 AND name = 'Data Warehouse' LIMIT 1;
INSERT INTO deploy_module_features (module_id, feature_text, sort_order) SELECT id, 'Query optimisation', 2 FROM deploy_modules WHERE variant_id = 106 AND name = 'Data Warehouse' LIMIT 1;
INSERT INTO deploy_module_features (module_id, feature_text, sort_order) SELECT id, 'Historical data management', 3 FROM deploy_modules WHERE variant_id = 106 AND name = 'Data Warehouse' LIMIT 1;
INSERT INTO deploy_module_features (module_id, feature_text, sort_order) SELECT id, 'Data partitioning', 4 FROM deploy_modules WHERE variant_id = 106 AND name = 'Data Warehouse' LIMIT 1;
INSERT INTO deploy_modules (variant_id, name, sort_order) VALUES (106, 'Master Data Management', 3);
INSERT INTO deploy_module_features (module_id, feature_text, sort_order) SELECT id, 'Golden record management', 0 FROM deploy_modules WHERE variant_id = 106 AND name = 'Master Data Management' LIMIT 1;
INSERT INTO deploy_module_features (module_id, feature_text, sort_order) SELECT id, 'Data standardisation', 1 FROM deploy_modules WHERE variant_id = 106 AND name = 'Master Data Management' LIMIT 1;
INSERT INTO deploy_module_features (module_id, feature_text, sort_order) SELECT id, 'Duplicate management', 2 FROM deploy_modules WHERE variant_id = 106 AND name = 'Master Data Management' LIMIT 1;
INSERT INTO deploy_module_features (module_id, feature_text, sort_order) SELECT id, 'Entity resolution', 3 FROM deploy_modules WHERE variant_id = 106 AND name = 'Master Data Management' LIMIT 1;
INSERT INTO deploy_module_features (module_id, feature_text, sort_order) SELECT id, 'Reference data management', 4 FROM deploy_modules WHERE variant_id = 106 AND name = 'Master Data Management' LIMIT 1;
INSERT INTO deploy_modules (variant_id, name, sort_order) VALUES (106, 'Data Analytics Workspace', 4);
INSERT INTO deploy_module_features (module_id, feature_text, sort_order) SELECT id, 'Query workspaces', 0 FROM deploy_modules WHERE variant_id = 106 AND name = 'Data Analytics Workspace' LIMIT 1;
INSERT INTO deploy_module_features (module_id, feature_text, sort_order) SELECT id, 'Data exploration', 1 FROM deploy_modules WHERE variant_id = 106 AND name = 'Data Analytics Workspace' LIMIT 1;
INSERT INTO deploy_module_features (module_id, feature_text, sort_order) SELECT id, 'Visual analytics', 2 FROM deploy_modules WHERE variant_id = 106 AND name = 'Data Analytics Workspace' LIMIT 1;
INSERT INTO deploy_module_features (module_id, feature_text, sort_order) SELECT id, 'Dashboard publishing', 3 FROM deploy_modules WHERE variant_id = 106 AND name = 'Data Analytics Workspace' LIMIT 1;
INSERT INTO deploy_module_features (module_id, feature_text, sort_order) SELECT id, 'Collaborative analytics', 4 FROM deploy_modules WHERE variant_id = 106 AND name = 'Data Analytics Workspace' LIMIT 1;
INSERT INTO deploy_modules (variant_id, name, sort_order) VALUES (112, 'BI Dashboarding', 0);
INSERT INTO deploy_module_features (module_id, feature_text, sort_order) SELECT id, 'Interactive dashboards', 0 FROM deploy_modules WHERE variant_id = 112 AND name = 'BI Dashboarding' LIMIT 1;
INSERT INTO deploy_module_features (module_id, feature_text, sort_order) SELECT id, 'KPI monitoring', 1 FROM deploy_modules WHERE variant_id = 112 AND name = 'BI Dashboarding' LIMIT 1;
INSERT INTO deploy_module_features (module_id, feature_text, sort_order) SELECT id, 'Drill-down analytics', 2 FROM deploy_modules WHERE variant_id = 112 AND name = 'BI Dashboarding' LIMIT 1;
INSERT INTO deploy_module_features (module_id, feature_text, sort_order) SELECT id, 'Real-time reporting', 3 FROM deploy_modules WHERE variant_id = 112 AND name = 'BI Dashboarding' LIMIT 1;
INSERT INTO deploy_module_features (module_id, feature_text, sort_order) SELECT id, 'Dashboard sharing', 4 FROM deploy_modules WHERE variant_id = 112 AND name = 'BI Dashboarding' LIMIT 1;
INSERT INTO deploy_modules (variant_id, name, sort_order) VALUES (112, 'Reporting Workspace', 1);
INSERT INTO deploy_module_features (module_id, feature_text, sort_order) SELECT id, 'Report generation', 0 FROM deploy_modules WHERE variant_id = 112 AND name = 'Reporting Workspace' LIMIT 1;
INSERT INTO deploy_module_features (module_id, feature_text, sort_order) SELECT id, 'Scheduled reporting', 1 FROM deploy_modules WHERE variant_id = 112 AND name = 'Reporting Workspace' LIMIT 1;
INSERT INTO deploy_module_features (module_id, feature_text, sort_order) SELECT id, 'Export capabilities', 2 FROM deploy_modules WHERE variant_id = 112 AND name = 'Reporting Workspace' LIMIT 1;
INSERT INTO deploy_module_features (module_id, feature_text, sort_order) SELECT id, 'Ad hoc reporting', 3 FROM deploy_modules WHERE variant_id = 112 AND name = 'Reporting Workspace' LIMIT 1;
INSERT INTO deploy_module_features (module_id, feature_text, sort_order) SELECT id, 'Report approvals', 4 FROM deploy_modules WHERE variant_id = 112 AND name = 'Reporting Workspace' LIMIT 1;
INSERT INTO deploy_modules (variant_id, name, sort_order) VALUES (112, 'Data Visualisation Suite', 2);
INSERT INTO deploy_module_features (module_id, feature_text, sort_order) SELECT id, 'Chart libraries', 0 FROM deploy_modules WHERE variant_id = 112 AND name = 'Data Visualisation Suite' LIMIT 1;
INSERT INTO deploy_module_features (module_id, feature_text, sort_order) SELECT id, 'Visual storytelling', 1 FROM deploy_modules WHERE variant_id = 112 AND name = 'Data Visualisation Suite' LIMIT 1;
INSERT INTO deploy_module_features (module_id, feature_text, sort_order) SELECT id, 'Data exploration', 2 FROM deploy_modules WHERE variant_id = 112 AND name = 'Data Visualisation Suite' LIMIT 1;
INSERT INTO deploy_module_features (module_id, feature_text, sort_order) SELECT id, 'Interactive filtering', 3 FROM deploy_modules WHERE variant_id = 112 AND name = 'Data Visualisation Suite' LIMIT 1;
INSERT INTO deploy_module_features (module_id, feature_text, sort_order) SELECT id, 'Custom visualisations', 4 FROM deploy_modules WHERE variant_id = 112 AND name = 'Data Visualisation Suite' LIMIT 1;
INSERT INTO deploy_modules (variant_id, name, sort_order) VALUES (112, 'Executive Intelligence Hub', 3);
INSERT INTO deploy_module_features (module_id, feature_text, sort_order) SELECT id, 'Executive scorecards', 0 FROM deploy_modules WHERE variant_id = 112 AND name = 'Executive Intelligence Hub' LIMIT 1;
INSERT INTO deploy_module_features (module_id, feature_text, sort_order) SELECT id, 'Strategic insights', 1 FROM deploy_modules WHERE variant_id = 112 AND name = 'Executive Intelligence Hub' LIMIT 1;
INSERT INTO deploy_module_features (module_id, feature_text, sort_order) SELECT id, 'Trend analysis', 2 FROM deploy_modules WHERE variant_id = 112 AND name = 'Executive Intelligence Hub' LIMIT 1;
INSERT INTO deploy_module_features (module_id, feature_text, sort_order) SELECT id, 'Performance forecasting', 3 FROM deploy_modules WHERE variant_id = 112 AND name = 'Executive Intelligence Hub' LIMIT 1;
INSERT INTO deploy_module_features (module_id, feature_text, sort_order) SELECT id, 'Decision support', 4 FROM deploy_modules WHERE variant_id = 112 AND name = 'Executive Intelligence Hub' LIMIT 1;
INSERT INTO deploy_modules (variant_id, name, sort_order) VALUES (112, 'Analytics Governance', 4);
INSERT INTO deploy_module_features (module_id, feature_text, sort_order) SELECT id, 'Access management', 0 FROM deploy_modules WHERE variant_id = 112 AND name = 'Analytics Governance' LIMIT 1;
INSERT INTO deploy_module_features (module_id, feature_text, sort_order) SELECT id, 'Data governance policies', 1 FROM deploy_modules WHERE variant_id = 112 AND name = 'Analytics Governance' LIMIT 1;
INSERT INTO deploy_module_features (module_id, feature_text, sort_order) SELECT id, 'Audit logging', 2 FROM deploy_modules WHERE variant_id = 112 AND name = 'Analytics Governance' LIMIT 1;
INSERT INTO deploy_module_features (module_id, feature_text, sort_order) SELECT id, 'Analytics approvals', 3 FROM deploy_modules WHERE variant_id = 112 AND name = 'Analytics Governance' LIMIT 1;
INSERT INTO deploy_module_features (module_id, feature_text, sort_order) SELECT id, 'Compliance monitoring', 4 FROM deploy_modules WHERE variant_id = 112 AND name = 'Analytics Governance' LIMIT 1;
INSERT INTO deploy_modules (variant_id, name, sort_order) VALUES (118, 'AI Assistant Framework', 0);
INSERT INTO deploy_module_features (module_id, feature_text, sort_order) SELECT id, 'Conversational AI', 0 FROM deploy_modules WHERE variant_id = 118 AND name = 'AI Assistant Framework' LIMIT 1;
INSERT INTO deploy_module_features (module_id, feature_text, sort_order) SELECT id, 'Copilot experiences', 1 FROM deploy_modules WHERE variant_id = 118 AND name = 'AI Assistant Framework' LIMIT 1;
INSERT INTO deploy_module_features (module_id, feature_text, sort_order) SELECT id, 'Context-aware assistance', 2 FROM deploy_modules WHERE variant_id = 118 AND name = 'AI Assistant Framework' LIMIT 1;
INSERT INTO deploy_module_features (module_id, feature_text, sort_order) SELECT id, 'Multilingual support', 3 FROM deploy_modules WHERE variant_id = 118 AND name = 'AI Assistant Framework' LIMIT 1;
INSERT INTO deploy_module_features (module_id, feature_text, sort_order) SELECT id, 'AI interaction history', 4 FROM deploy_modules WHERE variant_id = 118 AND name = 'AI Assistant Framework' LIMIT 1;
INSERT INTO deploy_modules (variant_id, name, sort_order) VALUES (118, 'AI Agent Platform', 1);
INSERT INTO deploy_module_features (module_id, feature_text, sort_order) SELECT id, 'Autonomous workflows', 0 FROM deploy_modules WHERE variant_id = 118 AND name = 'AI Agent Platform' LIMIT 1;
INSERT INTO deploy_module_features (module_id, feature_text, sort_order) SELECT id, 'Task orchestration', 1 FROM deploy_modules WHERE variant_id = 118 AND name = 'AI Agent Platform' LIMIT 1;
INSERT INTO deploy_module_features (module_id, feature_text, sort_order) SELECT id, 'Agent configuration', 2 FROM deploy_modules WHERE variant_id = 118 AND name = 'AI Agent Platform' LIMIT 1;
INSERT INTO deploy_module_features (module_id, feature_text, sort_order) SELECT id, 'Human-in-the-loop controls', 3 FROM deploy_modules WHERE variant_id = 118 AND name = 'AI Agent Platform' LIMIT 1;
INSERT INTO deploy_module_features (module_id, feature_text, sort_order) SELECT id, 'Agent monitoring', 4 FROM deploy_modules WHERE variant_id = 118 AND name = 'AI Agent Platform' LIMIT 1;
INSERT INTO deploy_modules (variant_id, name, sort_order) VALUES (118, 'Enterprise Knowledge AI', 2);
INSERT INTO deploy_module_features (module_id, feature_text, sort_order) SELECT id, 'Enterprise search', 0 FROM deploy_modules WHERE variant_id = 118 AND name = 'Enterprise Knowledge AI' LIMIT 1;
INSERT INTO deploy_module_features (module_id, feature_text, sort_order) SELECT id, 'Knowledge retrieval', 1 FROM deploy_modules WHERE variant_id = 118 AND name = 'Enterprise Knowledge AI' LIMIT 1;
INSERT INTO deploy_module_features (module_id, feature_text, sort_order) SELECT id, 'Semantic indexing', 2 FROM deploy_modules WHERE variant_id = 118 AND name = 'Enterprise Knowledge AI' LIMIT 1;
INSERT INTO deploy_module_features (module_id, feature_text, sort_order) SELECT id, 'Document intelligence', 3 FROM deploy_modules WHERE variant_id = 118 AND name = 'Enterprise Knowledge AI' LIMIT 1;
INSERT INTO deploy_module_features (module_id, feature_text, sort_order) SELECT id, 'Context grounding', 4 FROM deploy_modules WHERE variant_id = 118 AND name = 'Enterprise Knowledge AI' LIMIT 1;
INSERT INTO deploy_modules (variant_id, name, sort_order) VALUES (118, 'AI Automation Engine', 3);
INSERT INTO deploy_module_features (module_id, feature_text, sort_order) SELECT id, 'Workflow automation', 0 FROM deploy_modules WHERE variant_id = 118 AND name = 'AI Automation Engine' LIMIT 1;
INSERT INTO deploy_module_features (module_id, feature_text, sort_order) SELECT id, 'AI decision routing', 1 FROM deploy_modules WHERE variant_id = 118 AND name = 'AI Automation Engine' LIMIT 1;
INSERT INTO deploy_module_features (module_id, feature_text, sort_order) SELECT id, 'Trigger-based actions', 2 FROM deploy_modules WHERE variant_id = 118 AND name = 'AI Automation Engine' LIMIT 1;
INSERT INTO deploy_module_features (module_id, feature_text, sort_order) SELECT id, 'Process augmentation', 3 FROM deploy_modules WHERE variant_id = 118 AND name = 'AI Automation Engine' LIMIT 1;
INSERT INTO deploy_module_features (module_id, feature_text, sort_order) SELECT id, 'Automation monitoring', 4 FROM deploy_modules WHERE variant_id = 118 AND name = 'AI Automation Engine' LIMIT 1;
INSERT INTO deploy_modules (variant_id, name, sort_order) VALUES (118, 'AI Governance & Monitoring', 4);
INSERT INTO deploy_module_features (module_id, feature_text, sort_order) SELECT id, 'AI audit trails', 0 FROM deploy_modules WHERE variant_id = 118 AND name = 'AI Governance & Monitoring' LIMIT 1;
INSERT INTO deploy_module_features (module_id, feature_text, sort_order) SELECT id, 'Model monitoring', 1 FROM deploy_modules WHERE variant_id = 118 AND name = 'AI Governance & Monitoring' LIMIT 1;
INSERT INTO deploy_module_features (module_id, feature_text, sort_order) SELECT id, 'Prompt governance', 2 FROM deploy_modules WHERE variant_id = 118 AND name = 'AI Governance & Monitoring' LIMIT 1;
INSERT INTO deploy_module_features (module_id, feature_text, sort_order) SELECT id, 'Compliance controls', 3 FROM deploy_modules WHERE variant_id = 118 AND name = 'AI Governance & Monitoring' LIMIT 1;
INSERT INTO deploy_module_features (module_id, feature_text, sort_order) SELECT id, 'Usage analytics', 4 FROM deploy_modules WHERE variant_id = 118 AND name = 'AI Governance & Monitoring' LIMIT 1;
INSERT INTO deploy_modules (variant_id, name, sort_order) VALUES (124, 'IT Governance Framework', 0);
INSERT INTO deploy_module_features (module_id, feature_text, sort_order) SELECT id, 'Governance structures', 0 FROM deploy_modules WHERE variant_id = 124 AND name = 'IT Governance Framework' LIMIT 1;
INSERT INTO deploy_module_features (module_id, feature_text, sort_order) SELECT id, 'Control frameworks', 1 FROM deploy_modules WHERE variant_id = 124 AND name = 'IT Governance Framework' LIMIT 1;
INSERT INTO deploy_module_features (module_id, feature_text, sort_order) SELECT id, 'Operating models', 2 FROM deploy_modules WHERE variant_id = 124 AND name = 'IT Governance Framework' LIMIT 1;
INSERT INTO deploy_module_features (module_id, feature_text, sort_order) SELECT id, 'Approval workflows', 3 FROM deploy_modules WHERE variant_id = 124 AND name = 'IT Governance Framework' LIMIT 1;
INSERT INTO deploy_module_features (module_id, feature_text, sort_order) SELECT id, 'Policy mapping', 4 FROM deploy_modules WHERE variant_id = 124 AND name = 'IT Governance Framework' LIMIT 1;
INSERT INTO deploy_modules (variant_id, name, sort_order) VALUES (124, 'Policy Management', 1);
INSERT INTO deploy_module_features (module_id, feature_text, sort_order) SELECT id, 'Policy repositories', 0 FROM deploy_modules WHERE variant_id = 124 AND name = 'Policy Management' LIMIT 1;
INSERT INTO deploy_module_features (module_id, feature_text, sort_order) SELECT id, 'Version management', 1 FROM deploy_modules WHERE variant_id = 124 AND name = 'Policy Management' LIMIT 1;
INSERT INTO deploy_module_features (module_id, feature_text, sort_order) SELECT id, 'Policy approvals', 2 FROM deploy_modules WHERE variant_id = 124 AND name = 'Policy Management' LIMIT 1;
INSERT INTO deploy_module_features (module_id, feature_text, sort_order) SELECT id, 'Policy attestations', 3 FROM deploy_modules WHERE variant_id = 124 AND name = 'Policy Management' LIMIT 1;
INSERT INTO deploy_module_features (module_id, feature_text, sort_order) SELECT id, 'Policy lifecycle tracking', 4 FROM deploy_modules WHERE variant_id = 124 AND name = 'Policy Management' LIMIT 1;
INSERT INTO deploy_modules (variant_id, name, sort_order) VALUES (124, 'Risk & Compliance Controls', 2);
INSERT INTO deploy_module_features (module_id, feature_text, sort_order) SELECT id, 'Risk registers', 0 FROM deploy_modules WHERE variant_id = 124 AND name = 'Risk & Compliance Controls' LIMIT 1;
INSERT INTO deploy_module_features (module_id, feature_text, sort_order) SELECT id, 'Compliance workflows', 1 FROM deploy_modules WHERE variant_id = 124 AND name = 'Risk & Compliance Controls' LIMIT 1;
INSERT INTO deploy_module_features (module_id, feature_text, sort_order) SELECT id, 'Control testing', 2 FROM deploy_modules WHERE variant_id = 124 AND name = 'Risk & Compliance Controls' LIMIT 1;
INSERT INTO deploy_module_features (module_id, feature_text, sort_order) SELECT id, 'Exception management', 3 FROM deploy_modules WHERE variant_id = 124 AND name = 'Risk & Compliance Controls' LIMIT 1;
INSERT INTO deploy_module_features (module_id, feature_text, sort_order) SELECT id, 'Compliance tracking', 4 FROM deploy_modules WHERE variant_id = 124 AND name = 'Risk & Compliance Controls' LIMIT 1;
INSERT INTO deploy_modules (variant_id, name, sort_order) VALUES (124, 'Technology Audit Management', 3);
INSERT INTO deploy_module_features (module_id, feature_text, sort_order) SELECT id, 'Audit planning', 0 FROM deploy_modules WHERE variant_id = 124 AND name = 'Technology Audit Management' LIMIT 1;
INSERT INTO deploy_module_features (module_id, feature_text, sort_order) SELECT id, 'Evidence collection', 1 FROM deploy_modules WHERE variant_id = 124 AND name = 'Technology Audit Management' LIMIT 1;
INSERT INTO deploy_module_features (module_id, feature_text, sort_order) SELECT id, 'Audit workflows', 2 FROM deploy_modules WHERE variant_id = 124 AND name = 'Technology Audit Management' LIMIT 1;
INSERT INTO deploy_module_features (module_id, feature_text, sort_order) SELECT id, 'Findings management', 3 FROM deploy_modules WHERE variant_id = 124 AND name = 'Technology Audit Management' LIMIT 1;
INSERT INTO deploy_module_features (module_id, feature_text, sort_order) SELECT id, 'Remediation tracking', 4 FROM deploy_modules WHERE variant_id = 124 AND name = 'Technology Audit Management' LIMIT 1;
INSERT INTO deploy_modules (variant_id, name, sort_order) VALUES (124, 'Governance Analytics', 4);
INSERT INTO deploy_module_features (module_id, feature_text, sort_order) SELECT id, 'Compliance dashboards', 0 FROM deploy_modules WHERE variant_id = 124 AND name = 'Governance Analytics' LIMIT 1;
INSERT INTO deploy_module_features (module_id, feature_text, sort_order) SELECT id, 'Risk analytics', 1 FROM deploy_modules WHERE variant_id = 124 AND name = 'Governance Analytics' LIMIT 1;
INSERT INTO deploy_module_features (module_id, feature_text, sort_order) SELECT id, 'Audit reporting', 2 FROM deploy_modules WHERE variant_id = 124 AND name = 'Governance Analytics' LIMIT 1;
INSERT INTO deploy_module_features (module_id, feature_text, sort_order) SELECT id, 'Governance KPIs', 3 FROM deploy_modules WHERE variant_id = 124 AND name = 'Governance Analytics' LIMIT 1;
INSERT INTO deploy_module_features (module_id, feature_text, sort_order) SELECT id, 'Executive insights', 4 FROM deploy_modules WHERE variant_id = 124 AND name = 'Governance Analytics' LIMIT 1;
INSERT INTO deploy_modules (variant_id, name, sort_order) VALUES (130, 'CI/CD Pipeline Platform', 0);
INSERT INTO deploy_module_features (module_id, feature_text, sort_order) SELECT id, 'Build pipelines', 0 FROM deploy_modules WHERE variant_id = 130 AND name = 'CI/CD Pipeline Platform' LIMIT 1;
INSERT INTO deploy_module_features (module_id, feature_text, sort_order) SELECT id, 'Release automation', 1 FROM deploy_modules WHERE variant_id = 130 AND name = 'CI/CD Pipeline Platform' LIMIT 1;
INSERT INTO deploy_module_features (module_id, feature_text, sort_order) SELECT id, 'Deployment orchestration', 2 FROM deploy_modules WHERE variant_id = 130 AND name = 'CI/CD Pipeline Platform' LIMIT 1;
INSERT INTO deploy_module_features (module_id, feature_text, sort_order) SELECT id, 'Version control integration', 3 FROM deploy_modules WHERE variant_id = 130 AND name = 'CI/CD Pipeline Platform' LIMIT 1;
INSERT INTO deploy_module_features (module_id, feature_text, sort_order) SELECT id, 'Pipeline monitoring', 4 FROM deploy_modules WHERE variant_id = 130 AND name = 'CI/CD Pipeline Platform' LIMIT 1;
INSERT INTO deploy_modules (variant_id, name, sort_order) VALUES (130, 'Infrastructure Automation', 1);
INSERT INTO deploy_module_features (module_id, feature_text, sort_order) SELECT id, 'Infrastructure-as-code', 0 FROM deploy_modules WHERE variant_id = 130 AND name = 'Infrastructure Automation' LIMIT 1;
INSERT INTO deploy_module_features (module_id, feature_text, sort_order) SELECT id, 'Environment provisioning', 1 FROM deploy_modules WHERE variant_id = 130 AND name = 'Infrastructure Automation' LIMIT 1;
INSERT INTO deploy_module_features (module_id, feature_text, sort_order) SELECT id, 'Configuration management', 2 FROM deploy_modules WHERE variant_id = 130 AND name = 'Infrastructure Automation' LIMIT 1;
INSERT INTO deploy_module_features (module_id, feature_text, sort_order) SELECT id, 'Cloud orchestration', 3 FROM deploy_modules WHERE variant_id = 130 AND name = 'Infrastructure Automation' LIMIT 1;
INSERT INTO deploy_module_features (module_id, feature_text, sort_order) SELECT id, 'Automation templates', 4 FROM deploy_modules WHERE variant_id = 130 AND name = 'Infrastructure Automation' LIMIT 1;
INSERT INTO deploy_modules (variant_id, name, sort_order) VALUES (130, 'Security Operations', 2);
INSERT INTO deploy_module_features (module_id, feature_text, sort_order) SELECT id, 'Security scanning', 0 FROM deploy_modules WHERE variant_id = 130 AND name = 'Security Operations' LIMIT 1;
INSERT INTO deploy_module_features (module_id, feature_text, sort_order) SELECT id, 'Vulnerability management', 1 FROM deploy_modules WHERE variant_id = 130 AND name = 'Security Operations' LIMIT 1;
INSERT INTO deploy_module_features (module_id, feature_text, sort_order) SELECT id, 'Secrets management', 2 FROM deploy_modules WHERE variant_id = 130 AND name = 'Security Operations' LIMIT 1;
INSERT INTO deploy_module_features (module_id, feature_text, sort_order) SELECT id, 'Compliance validation', 3 FROM deploy_modules WHERE variant_id = 130 AND name = 'Security Operations' LIMIT 1;
INSERT INTO deploy_module_features (module_id, feature_text, sort_order) SELECT id, 'Threat monitoring', 4 FROM deploy_modules WHERE variant_id = 130 AND name = 'Security Operations' LIMIT 1;
INSERT INTO deploy_modules (variant_id, name, sort_order) VALUES (130, 'Environment Management', 3);
INSERT INTO deploy_module_features (module_id, feature_text, sort_order) SELECT id, 'Environment provisioning', 0 FROM deploy_modules WHERE variant_id = 130 AND name = 'Environment Management' LIMIT 1;
INSERT INTO deploy_module_features (module_id, feature_text, sort_order) SELECT id, 'Sandbox management', 1 FROM deploy_modules WHERE variant_id = 130 AND name = 'Environment Management' LIMIT 1;
INSERT INTO deploy_module_features (module_id, feature_text, sort_order) SELECT id, 'Release environments', 2 FROM deploy_modules WHERE variant_id = 130 AND name = 'Environment Management' LIMIT 1;
INSERT INTO deploy_module_features (module_id, feature_text, sort_order) SELECT id, 'Environment monitoring', 3 FROM deploy_modules WHERE variant_id = 130 AND name = 'Environment Management' LIMIT 1;
INSERT INTO deploy_module_features (module_id, feature_text, sort_order) SELECT id, 'Resource optimisation', 4 FROM deploy_modules WHERE variant_id = 130 AND name = 'Environment Management' LIMIT 1;
INSERT INTO deploy_modules (variant_id, name, sort_order) VALUES (130, 'DevSecOps Analytics', 4);
INSERT INTO deploy_module_features (module_id, feature_text, sort_order) SELECT id, 'Deployment metrics', 0 FROM deploy_modules WHERE variant_id = 130 AND name = 'DevSecOps Analytics' LIMIT 1;
INSERT INTO deploy_module_features (module_id, feature_text, sort_order) SELECT id, 'Release reporting', 1 FROM deploy_modules WHERE variant_id = 130 AND name = 'DevSecOps Analytics' LIMIT 1;
INSERT INTO deploy_module_features (module_id, feature_text, sort_order) SELECT id, 'Security analytics', 2 FROM deploy_modules WHERE variant_id = 130 AND name = 'DevSecOps Analytics' LIMIT 1;
INSERT INTO deploy_module_features (module_id, feature_text, sort_order) SELECT id, 'Operational dashboards', 3 FROM deploy_modules WHERE variant_id = 130 AND name = 'DevSecOps Analytics' LIMIT 1;
INSERT INTO deploy_module_features (module_id, feature_text, sort_order) SELECT id, 'Delivery insights', 4 FROM deploy_modules WHERE variant_id = 130 AND name = 'DevSecOps Analytics' LIMIT 1;
INSERT INTO deploy_modules (variant_id, name, sort_order) VALUES (136, 'IT Service Management', 0);
INSERT INTO deploy_module_features (module_id, feature_text, sort_order) SELECT id, 'Service requests', 0 FROM deploy_modules WHERE variant_id = 136 AND name = 'IT Service Management' LIMIT 1;
INSERT INTO deploy_module_features (module_id, feature_text, sort_order) SELECT id, 'Change management', 1 FROM deploy_modules WHERE variant_id = 136 AND name = 'IT Service Management' LIMIT 1;
INSERT INTO deploy_module_features (module_id, feature_text, sort_order) SELECT id, 'Problem management', 2 FROM deploy_modules WHERE variant_id = 136 AND name = 'IT Service Management' LIMIT 1;
INSERT INTO deploy_module_features (module_id, feature_text, sort_order) SELECT id, 'SLA workflows', 3 FROM deploy_modules WHERE variant_id = 136 AND name = 'IT Service Management' LIMIT 1;
INSERT INTO deploy_module_features (module_id, feature_text, sort_order) SELECT id, 'Service catalogues', 4 FROM deploy_modules WHERE variant_id = 136 AND name = 'IT Service Management' LIMIT 1;
INSERT INTO deploy_modules (variant_id, name, sort_order) VALUES (136, 'Infrastructure Monitoring', 1);
INSERT INTO deploy_module_features (module_id, feature_text, sort_order) SELECT id, 'Infrastructure observability', 0 FROM deploy_modules WHERE variant_id = 136 AND name = 'Infrastructure Monitoring' LIMIT 1;
INSERT INTO deploy_module_features (module_id, feature_text, sort_order) SELECT id, 'Performance monitoring', 1 FROM deploy_modules WHERE variant_id = 136 AND name = 'Infrastructure Monitoring' LIMIT 1;
INSERT INTO deploy_module_features (module_id, feature_text, sort_order) SELECT id, 'Alerting', 2 FROM deploy_modules WHERE variant_id = 136 AND name = 'Infrastructure Monitoring' LIMIT 1;
INSERT INTO deploy_module_features (module_id, feature_text, sort_order) SELECT id, 'Log management', 3 FROM deploy_modules WHERE variant_id = 136 AND name = 'Infrastructure Monitoring' LIMIT 1;
INSERT INTO deploy_module_features (module_id, feature_text, sort_order) SELECT id, 'Availability tracking', 4 FROM deploy_modules WHERE variant_id = 136 AND name = 'Infrastructure Monitoring' LIMIT 1;
INSERT INTO deploy_modules (variant_id, name, sort_order) VALUES (136, 'Incident Management', 2);
INSERT INTO deploy_module_features (module_id, feature_text, sort_order) SELECT id, 'Incident lifecycle management', 0 FROM deploy_modules WHERE variant_id = 136 AND name = 'Incident Management' LIMIT 1;
INSERT INTO deploy_module_features (module_id, feature_text, sort_order) SELECT id, 'Escalation workflows', 1 FROM deploy_modules WHERE variant_id = 136 AND name = 'Incident Management' LIMIT 1;
INSERT INTO deploy_module_features (module_id, feature_text, sort_order) SELECT id, 'Root cause analysis', 2 FROM deploy_modules WHERE variant_id = 136 AND name = 'Incident Management' LIMIT 1;
INSERT INTO deploy_module_features (module_id, feature_text, sort_order) SELECT id, 'Resolution tracking', 3 FROM deploy_modules WHERE variant_id = 136 AND name = 'Incident Management' LIMIT 1;
INSERT INTO deploy_module_features (module_id, feature_text, sort_order) SELECT id, 'Major incident management', 4 FROM deploy_modules WHERE variant_id = 136 AND name = 'Incident Management' LIMIT 1;
INSERT INTO deploy_modules (variant_id, name, sort_order) VALUES (136, 'Asset & Configuration Management', 3);
INSERT INTO deploy_module_features (module_id, feature_text, sort_order) SELECT id, 'CMDB management', 0 FROM deploy_modules WHERE variant_id = 136 AND name = 'Asset & Configuration Management' LIMIT 1;
INSERT INTO deploy_module_features (module_id, feature_text, sort_order) SELECT id, 'Asset tracking', 1 FROM deploy_modules WHERE variant_id = 136 AND name = 'Asset & Configuration Management' LIMIT 1;
INSERT INTO deploy_module_features (module_id, feature_text, sort_order) SELECT id, 'Configuration management', 2 FROM deploy_modules WHERE variant_id = 136 AND name = 'Asset & Configuration Management' LIMIT 1;
INSERT INTO deploy_module_features (module_id, feature_text, sort_order) SELECT id, 'Dependency mapping', 3 FROM deploy_modules WHERE variant_id = 136 AND name = 'Asset & Configuration Management' LIMIT 1;
INSERT INTO deploy_module_features (module_id, feature_text, sort_order) SELECT id, 'Lifecycle management', 4 FROM deploy_modules WHERE variant_id = 136 AND name = 'Asset & Configuration Management' LIMIT 1;
INSERT INTO deploy_modules (variant_id, name, sort_order) VALUES (136, 'Operations Analytics', 4);
INSERT INTO deploy_module_features (module_id, feature_text, sort_order) SELECT id, 'Operational dashboards', 0 FROM deploy_modules WHERE variant_id = 136 AND name = 'Operations Analytics' LIMIT 1;
INSERT INTO deploy_module_features (module_id, feature_text, sort_order) SELECT id, 'Incident analytics', 1 FROM deploy_modules WHERE variant_id = 136 AND name = 'Operations Analytics' LIMIT 1;
INSERT INTO deploy_module_features (module_id, feature_text, sort_order) SELECT id, 'Service performance metrics', 2 FROM deploy_modules WHERE variant_id = 136 AND name = 'Operations Analytics' LIMIT 1;
INSERT INTO deploy_module_features (module_id, feature_text, sort_order) SELECT id, 'Infrastructure insights', 3 FROM deploy_modules WHERE variant_id = 136 AND name = 'Operations Analytics' LIMIT 1;
INSERT INTO deploy_module_features (module_id, feature_text, sort_order) SELECT id, 'SLA reporting', 4 FROM deploy_modules WHERE variant_id = 136 AND name = 'Operations Analytics' LIMIT 1;
INSERT INTO listing_placements (listing_id, placement, category_id, rank) VALUES (187, 'best_seller', NULL, 0);
INSERT INTO listing_placements (listing_id, placement, category_id, rank) VALUES (188, 'best_seller', NULL, 1);
INSERT INTO listing_placements (listing_id, placement, category_id, rank) VALUES (189, 'best_seller', NULL, 2);
INSERT INTO listing_placements (listing_id, placement, category_id, rank) VALUES (190, 'best_seller', NULL, 3);
INSERT INTO listing_placements (listing_id, placement, category_id, rank) VALUES (187, 'best_seller', 'experience', 0);
INSERT INTO listing_placements (listing_id, placement, category_id, rank) VALUES (188, 'best_seller', 'experience', 1);
INSERT INTO listing_placements (listing_id, placement, category_id, rank) VALUES (189, 'best_seller', 'experience', 2);
INSERT INTO listing_placements (listing_id, placement, category_id, rank) VALUES (190, 'best_seller', 'experience', 3);
INSERT INTO listing_placements (listing_id, placement, category_id, rank) VALUES (196, 'best_seller', 'operations', 0);
INSERT INTO listing_placements (listing_id, placement, category_id, rank) VALUES (197, 'best_seller', 'operations', 1);
INSERT INTO listing_placements (listing_id, placement, category_id, rank) VALUES (198, 'best_seller', 'operations', 2);
INSERT INTO listing_placements (listing_id, placement, category_id, rank) VALUES (199, 'best_seller', 'operations', 3);
INSERT INTO listing_placements (listing_id, placement, category_id, rank) VALUES (200, 'best_seller', 'security', 0);
INSERT INTO listing_placements (listing_id, placement, category_id, rank) VALUES (206, 'best_seller', 'security', 1);
INSERT INTO listing_placements (listing_id, placement, category_id, rank) VALUES (79, 'best_seller', 'security', 2);
INSERT INTO listing_placements (listing_id, placement, category_id, rank) VALUES (115, 'best_seller', 'security', 3);
INSERT INTO listing_placements (listing_id, placement, category_id, rank) VALUES (203, 'best_seller', 'ai', 0);
INSERT INTO listing_placements (listing_id, placement, category_id, rank) VALUES (204, 'best_seller', 'ai', 1);
INSERT INTO listing_placements (listing_id, placement, category_id, rank) VALUES (205, 'best_seller', 'ai', 2);
INSERT INTO listing_placements (listing_id, placement, category_id, rank) VALUES (97, 'best_seller', 'ai', 3);
SELECT reset_catalog_sequences();
SELECT refresh_product_search_index();
COMMIT;